target,neighbour,cls,aperture,dim_mm,n_live,n_surv,n_units,pre_lean_deg,pre_ax_x,pre_ax_y,pre_ax_z,pre_bearing_cos,pre_bearing_sin,pre_along,pre_radial,pre_dist,now_lean_deg,post_lean_deg,post_ax_x,post_ax_y,post_ax_z,post_bearing_cos,post_bearing_sin,moved_mm,step,tree,contact
81,80,SUCCESS,0.048,56.1,95,2,3,0.0,-2.7329282148326713e-10,5.891081524941548e-10,1.0,-0.3844566606998752,-0.9231430420273452,0.0469291459463223,0.1223388705511968,0.1310310802328735,0.0,0.0,0.0,0.0,1.0,-0.3844566607539744,-0.9231430420048148,4.342139999999994,1,0,False
81,82,SUCCESS,0.048,81.4,95,2,3,0.0126863815069151,-1.9914163562198283e-05,-0.0002205217798855,0.9999999754867852,-0.9775753535826204,-0.2105859161193239,0.0387227964578777,0.1371820969932957,0.1425425645237107,0.0,0.0,0.0,0.0,1.0,-0.9775778354179676,-0.2105743946910947,6.3003662979667086,1,0,False
83,84,SUCCESS,0.08,55.3,94,3,4,2.1835530220853,0.031905748372605,-0.0208256276766532,0.9992738946118112,0.5225344981429301,0.8526181432801649,0.1263602800040986,0.077080655831747,0.1480146880082056,0.0,0.0,0.0,0.0,1.0,0.5616749841936288,0.82735797097211,4.422952649123037,2,0,False
83,107,SUCCESS,0.08,70.1,94,3,4,0.0,3.350497344967948e-13,0.0,1.0,0.9969935133492172,0.0774850588151315,0.0460065869108054,0.1600446628380322,0.1665259743767347,0.0,0.0,0.0,0.0,1.0,0.996993513337963,0.077485058959938,5.425740100000057,2,0,False
83,80,SUCCESS,0.08,56.1,94,3,4,0.0,0.0,0.0,1.0,-0.9845495218626732,-0.1751063648185906,0.096756002010752,0.2379425992316851,0.2568626178606669,0.0,0.0,0.0,0.0,1.0,-0.9845495216115132,-0.1751063662307582,4.342140000000037,2,0,False
43,44,SUCCESS,0.082,80.3,93,3,4,0.0097498959980569,-4.121921805884384e-05,-0.0001651001259535,0.9999999855214622,0.6705428460157951,-0.7418708052329852,-0.153563011971396,0.141221261407764,0.2086265642705337,0.0,0.0,0.0,0.0,1.0,0.6706907790088936,-0.7417370686115421,6.215224147381613,3,0,False
43,41,SUCCESS,0.082,52.6,93,3,4,0.0,-5.573054850601305e-12,-9.22685832268606e-13,1.0,0.0140994219112288,-0.9999005982105268,-0.1534054569703289,0.3054125308179413,0.3417748501702479,0.0,0.0,0.0,0.0,1.0,0.0140994219099659,-0.9999005982105444,4.071239999999976,3,0,False
43,42,SUCCESS,0.082,65.5,93,3,4,6.603374822240765e-05,1.114075257528196e-07,1.1472071550507e-06,0.999999999999336,-0.1275237257801523,-0.99183552031733,-0.0668426345633562,0.2981583445287332,0.3055590551881668,0.0,0.0,0.0,0.0,1.0,-0.1275237130051029,-0.991835521959862,5.069700000155188,3,0,False
42,41,SUCCESS,0.066,52.6,92,3,4,0.0,0.0,0.0,1.0,0.9749437416062708,-0.222451569342104,-0.0845662459999999,0.0434162637223166,0.0950600963503523,0.0,0.0,0.0,0.0,1.0,0.9749437416062708,-0.222451569342104,4.071240000000004,4,0,False
42,44,SUCCESS,0.066,80.3,92,3,4,0.0,0.0,0.0,1.0,0.5706686064468885,0.8211804561824193,-0.089025152,0.2325787584958952,0.2490348501557865,0.0,0.0,0.0,0.0,1.0,0.5706686064468885,0.8211804561824193,6.215219999999993,4,0,False
42,107,SUCCESS,0.066,70.1,92,3,4,0.0,0.0,1.737809826228189e-16,1.0,-0.9758716198441952,-0.2183450974550751,0.1093007508999999,0.2312182846715277,0.2557509517357608,0.0,0.0,0.0,0.0,1.0,-0.9758716199266708,-0.2183450970864592,5.425739899999964,4,0,False
106,105,SUCCESS,0.052,54.4,91,1,2,0.0,-1.2463308846631946e-10,0.0,1.0,-0.9990256360410108,-0.0441336440015306,0.0508378707111139,0.0892600257495918,0.102722155814886,0.0,0.0,0.0,0.0,1.0,-0.9990256360410648,-0.0441336440003086,4.2105599999999885,5,0,False
75,76,SUCCESS,0.078,67.4,90,3,4,0.0002471213861099,4.31173507328563e-06,-1.0801078588265423e-07,0.9999999999906988,-0.7289112379420831,0.6846082143837742,-0.0047985264980362,0.1192955513023217,0.1193920199053405,0.0,0.0,0.0,0.0,1.0,-0.7289119500531482,0.6846074561891047,5.216760002234695,6,0,False
75,110,SUCCESS,0.078,53.8,90,3,4,0.0,-3.194028533658432e-11,5.380026652657706e-13,1.0,-0.1982998959576707,0.9801413935056396,0.042371497456318,0.281674967260031,0.2848440467652963,0.0,0.0,0.0,0.0,1.0,-0.1982998958899416,0.9801413935193424,4.164119999999995,6,0,False
75,61,SUCCESS,0.078,58.4,90,3,4,0.0,3.0709563450993064e-10,1.484215952393433e-09,1.0,0.6375159019530199,0.7704371971530369,0.1887501771048075,0.1123161350657707,0.2196395764729313,0.0,0.0,0.0,0.0,1.0,0.6375158990822367,0.7704371995285323,4.5201597000001,6,0,False
26,18,SUCCESS,0.05,67.10000000000001,89,3,4,0.0001762148267695,-3.05685703247412e-06,3.381614325855309e-07,0.9999999999952706,0.9978053174334488,-0.0662159233231298,-0.1086880923874752,0.0692218078905893,0.128859458769894,0.0,0.0,0.0,0.0,1.0,0.9978052984612392,-0.0662162092140373,5.193540001133834,7,0,False
26,19,SUCCESS,0.05,72.9,89,3,4,0.0037110147353149,6.363607885476752e-05,1.2063506041525084e-05,0.9999999979024607,-0.4501386398536818,0.8929586804050217,-0.0962253082041265,0.0648027995999179,0.1160116924062668,0.0,0.0,0.0,0.0,1.0,-0.4502567981345376,0.8928991072532407,5.642460549104858,7,0,False
26,17,SUCCESS,0.05,82.8,89,3,4,0.1097265446942615,0.0019036764731161,-0.0002087561384877,0.9999981662166988,0.6865347228463634,0.7270970185100935,-0.1942572477882556,0.04530745716529,0.1994709101424373,0.0,0.0,0.0,0.0,1.0,0.68055650941297,0.732695596749178,6.4092675049996295,7,0,False
14,12,SUCCESS,0.054,82.0,88,2,3,0.0061497980720329,-2.2109434616588688e-10,-0.0001073342250599,0.999999994239682,-0.9115970385299296,-0.4110849539249303,0.008996227940112,0.1264111378467858,0.1267308482133278,0.0,0.0,0.0,0.0,1.0,-0.9116090384532578,-0.4110583425869455,6.346801642845842,8,0,False
14,32,SUCCESS,0.054,51.2,88,2,3,0.0,1.2924390363722916e-12,6.614470767884703e-14,1.0,0.945229835674004,0.3264055112152605,-0.0357473415997844,0.1733533453197148,0.1770007196736442,0.0,0.0,0.0,0.0,1.0,0.9452298358519364,0.3264055106999899,3.962880000000011,8,0,False
27,25,SUCCESS,0.058,56.4,94,3,4,0.0,-6.267166335116973e-10,-6.875933888914441e-11,1.0,-0.9882463142135112,-0.1528699527160592,-0.0456861298303208,0.110626057668982,0.1196885420341223,0.0,0.0,0.0,0.0,1.0,-0.988246314210516,-0.1528699527354214,4.365359999999999,1,1,False
27,26,SUCCESS,0.058,60.400000000000006,94,3,4,23.40448592896495,-0.3949944765813987,0.0419867686251202,0.9177235284826296,-0.9958541672546486,-0.0909641553665537,-0.0559023939399812,0.1651025493782745,0.1743098662136668,23.04899835016559,39.55772538414893,-0.5065453469471288,-0.386000640218238,0.770983344331979,-0.8802842320769099,-0.4744466995951865,17.42967766248584,1,1,False
27,55,SUCCESS,0.058,77.10000000000001,94,3,4,0.016876105085748,0.0002934077259245,-2.584251113091392e-05,0.9999999566220346,-0.8906914583776486,-0.4546083214956555,-0.0141657193018288,0.2327446732533409,0.2331753643315318,0.0,0.0,0.0,3.1600640419869263e-16,1.0,-0.8907091897000081,-0.4545735797249494,5.9675521008897325,1,1,False
12,13,GRASP_FAILED,0.06,55.2,93,1,2,16.6553050425855,-0.2759702959015141,-0.0773793030227481,0.9580463659154208,-0.9998577167513768,0.0168684988283747,0.1648166096535848,0.011408164762113,0.1652109592035034,0.0025283835890077,0.0,-1.4585230833548908e-14,-2.2383620522031563e-14,1.0,-0.9792769859952865,-0.2025255161701552,9.358168025986954,2,1,False
56,57,SUCCESS,0.046,90.3,93,3,4,0.4342525942617528,-0.0004779448301301,0.0075639800975836,0.9999712784744484,-0.955720065745686,-0.2942773452562419,0.0255774445373519,0.0834333678769245,0.0872658727358384,0.0,0.0,0.0,0.0,1.0,-0.9550472214060636,-0.2964537145737211,6.998268807779973,3,1,True
56,26,SUCCESS,0.046,60.400000000000006,93,3,4,1.7075472925031875e-06,-2.615641361448126e-08,-2.8136196006250933e-09,0.9999999999999996,-0.1028116045903468,0.9947008464666942,-0.0240259420168326,0.153685085951838,0.1555517648045822,0.0,0.0,0.0,0.0,1.0,-0.1028115944419869,0.9947008475156218,4.674960000000061,3,1,False
56,55,SUCCESS,0.046,77.10000000000001,93,3,4,0.0,0.0,0.0,1.0,-0.8588200837446994,0.5122773309026541,0.0706064231,0.130416440509437,0.148302781289252,0.0,0.0,0.0,0.0,1.0,-0.8588200837446993,0.5122773309026543,5.967540000000008,3,1,False
51,50,SUCCESS,0.074,75.39999999999999,92,2,3,0.0061097820426233,3.35307335694986e-07,-0.0001066352854227,0.9999999943144016,0.0531759635693026,-0.9985851575596728,-0.0768666365886441,0.056360350086247,0.0953151031174756,0.0,0.0,0.0,0.0,1.0,0.0531872931502914,-0.9985845541802382,5.835961473468416,4,1,False
51,49,SUCCESS,0.074,68.3,92,2,3,0.0002016786123963,3.48887993257369e-06,4.66493233384373e-07,0.999999999993805,-0.9962899693684304,0.086059845083827,-0.1346606296703037,0.0472489255882242,0.1427093064675329,0.0,0.0,0.0,1.7836086210628992e-16,1.0,-0.9962902112949036,0.0860570443250092,5.286420001497612,4,1,False
46,45,SUCCESS,0.084,60.400000000000006,91,3,4,16.01862214329686,0.1465477280926718,-0.2338205252611605,0.9611720581443634,0.8978953805690708,-0.4402089112600099,-0.0946282855075309,0.1167019133576799,0.1502459616743099,15.806130195171717,17.601678415617673,0.1711139217584627,-0.2493280233998114,0.953181809797051,0.8944632798046025,-0.4471414106087622,4.835983239057713,5,1,False
46,44,SUCCESS,0.084,75.1,91,3,4,9.0155016758474,-0.0873588235463024,0.1300917122450084,0.9876459802752036,0.6655778468411288,0.7463284329263671,-0.1193666675868536,0.0629292009669622,0.1349388219347224,9.177698342270055,10.525041916174468,-0.103373247963481,0.1506006851359878,0.9831751650860856,0.6149906319603112,0.7885344143416044,5.935382643356113,5,1,False
46,58,SUCCESS,0.084,83.2,91,3,4,0.0786880925167585,0.0004437693773938,-0.0012996932477654,0.999999056932656,-0.6310582323276339,0.7757354622624405,0.0193390451788668,0.3163455780560454,0.3169361503900175,0.0,0.0,0.0,0.0,1.0,-0.6310259584940987,0.7757617158036378,6.43996311496463,5,1,False
50,49,SUCCESS,0.076,68.3,90,3,4,0.0,0.0,1.7836086210628992e-16,1.0,-0.6386241345395106,0.7695188202920453,-0.0566887489999999,0.0784048224799781,0.0967519015384291,0.0,0.0,0.0,0.0,1.0,-0.6386241345395107,0.7695188202920453,5.28642,6,1,False
50,99,SUCCESS,0.076,59.2,90,3,4,0.0,-2.749455879895962e-09,1.7498576114493324e-09,1.0,-0.8379192379098478,0.5457942384640753,-0.1477884797272044,0.0837083081825565,0.1698485077911024,0.0,0.0,0.0,0.0,1.0,-0.8379192378691389,0.5457942385265727,4.582079999999907,6,1,False
50,32,SUCCESS,0.076,86.3,90,3,4,0.0287262526259416,-0.0005013676692298,0.0,0.9999998743152224,-0.9524075913732144,0.3048274592202493,-0.179324087061372,0.1679572782943007,0.2456965110302214,0.0,0.0,0.0,0.0,1.0,-0.9523441438145264,0.3050256247304094,6.679658272808223,6,1,False
49,99,SUCCESS,0.07,59.2,89,2,3,0.0,0.0,0.0,1.0,-0.8077698955066174,-0.5894979184977912,-0.089691051,0.0248456763635796,0.0930687501981644,0.0,0.0,0.0,0.0,1.0,-0.8077698955066174,-0.5894979184977912,4.582080000000002,7,1,False
49,32,SUCCESS,0.07,86.3,89,2,3,0.0,0.0,0.0,1.0,-0.9965548957765986,-0.0829357564847182,-0.125501909,0.1101575060894681,0.1669892371097476,0.0,0.0,0.0,0.0,1.0,-0.9965548957765986,-0.0829357564847182,6.67961999999997,7,1,False
32,99,NEIGHBOR_KNOCKED,0.09,59.2,88,3,4,0.0,0.0,0.0,1.0,0.9981187116206144,-0.0613109901469956,0.040005938,0.0898774980927301,0.0983790614849956,28.771372748287877,0.0,4.440040733930284e-09,4.5017913135077205e-09,1.0,0.99913987910683,-0.0414668780882876,4.659659381594894,8,1,False
32,109,NEIGHBOR_KNOCKED,0.09,80.60000000000001,88,3,4,0.0505722292312262,0.000833062930929,-0.0002916853530992,0.999999610462828,-0.327270925673313,-0.944930548352064,-0.0523486682160561,0.2334559008036557,0.2392530891839038,0.0,0.0,0.0,0.0,1.0,-0.3276218262482033,-0.944808943102145,6.238551292559137,8,1,False
32,44,NEIGHBOR_KNOCKED,0.09,75.1,88,3,4,0.003495450658559,3.380853644785225e-05,-5.078239582145797e-05,0.9999999981390656,-0.4046521263277371,-0.9144706975395336,0.1127857926765209,0.2851842717580543,0.3066768721110918,0.0,0.0,0.0,6.488440416436539e-16,1.0,-0.4046405720920609,-0.9144758101869124,5.812740524952343,8,1,False
109,44,SUCCESS,0.084,75.1,86,3,4,8.37984612592829,-0.1455060297181261,-0.0081668629132507,0.989323656679564,-0.4637894996726905,-0.8859454272094616,0.1706500147481364,0.0442543069242222,0.1762948417137678,10.658441799532833,12.033025993134268,-0.1179680445351119,0.1718882286064626,0.9780275953852704,-0.3830420512496209,-0.9237309061487998,9.39046155125354,10,1,False
109,45,SUCCESS,0.084,60.400000000000006,86,3,4,24.977897648505287,0.2609936941026085,-0.3319534215641034,0.9064707483148912,-0.927682981891884,-0.3733688325345091,0.1919764142762033,0.0601193900363465,0.2011697907159292,17.299167073235633,19.050877115665777,0.1847062135744399,-0.2691199542939353,0.9452291070781854,-0.7761323157886015,-0.6305700820595779,5.682873116859383,10,1,False
109,82,SUCCESS,0.084,68.1,86,3,4,0.0001705817524731,-4.452618769381706e-07,-2.9437510321976373e-06,0.999999999995568,-0.7545325012586813,0.656262679530322,-0.0910291246942706,0.2303975885908431,0.2477283802293965,0.0,0.0,0.0,0.0,1.0,-0.7545315719740341,0.6562637479660086,5.270940316068406,10,1,False
82,41,SUCCESS,0.074,88.4,85,3,4,0.0881215752004265,4.782768021986037e-09,0.0015380110229682,0.9999988172603472,0.4573392909542613,0.8892922876925524,-0.07559321443523,0.0634820746360788,0.0987132608556284,0.0,0.0,0.0,0.0,1.0,0.4585836508795308,0.888651244947083,6.842537033370257,11,1,True
82,42,SUCCESS,0.074,49.8,85,3,4,0.0,-3.309700688987158e-13,-4.016650799199493e-13,1.0,-0.5571853808809019,0.8303881329430257,-0.0554600101000156,0.1049825453201023,0.1187314092486953,0.0,0.0,0.0,0.0,1.0,-0.5571853808805712,0.8303881329432476,3.854519999999986,11,1,False
82,97,SUCCESS,0.074,77.3,85,3,4,0.0546266381588865,0.0009534145506467,0.0,0.999999545500244,-0.4807161093849276,-0.8768762867005916,-0.1118204732729123,0.1206507515422456,0.1645005230711647,0.0,0.0,0.0,0.0,1.0,-0.4816620702255405,-0.8763570334664101,5.983146678982507,11,1,False
79,80,NEIGHBOR_KNOCKED,0.056,75.89999999999999,84,3,4,36.60911698372249,-0.421536171001059,0.421833729547942,0.8027225929008349,-0.938559857771766,0.3451164924767319,-0.0241573891061537,0.057260531376136,0.0621477908046904,39.87392425702709,29.25470892071907,0.1751025570808709,0.4562454283659713,0.8724558462173839,-0.0974979847314646,0.9952357223157252,28.414419890543577,12,1,True
79,15,NEIGHBOR_KNOCKED,0.056,87.8,84,3,4,0.0396487734340707,2.5848111360182317e-09,0.0006920015855116,0.999999760566874,-0.4279366108327895,0.903808750294522,-0.0987490112164586,0.1168307081479404,0.1529731400690249,0.0,0.0,0.0,0.0,1.0,-0.4282777335954145,0.9036471561989088,6.795796021890891,12,1,False
79,78,NEIGHBOR_KNOCKED,0.056,85.8,84,3,4,28.918468010570425,0.0830178675602637,-0.476385035847321,0.8753087062782439,-0.2313726940221153,-0.972865189253346,-0.0251071915566111,0.1038361351351379,0.1068284326743728,26.19703564243514,28.130299849119037,-0.1597027231018952,-0.4436066267135173,0.8818776564635785,-0.4013082960754213,-0.9159430394413408,14.306319054874429,12,1,False
24,22,SUCCESS,0.096,73.3,83,2,3,0.0008670818555151,1.5031898259832046e-05,1.7501374790067975e-06,0.9999999998854896,0.370582665286641,0.9287994876123962,0.0651214806857987,0.1468454303004866,0.1606374416095012,0.0,0.0,0.0,0.0,1.0,0.3705846331106712,0.9287987024658406,5.67342002378152,13,1,False
24,23,SUCCESS,0.096,84.6,83,2,3,6.878472278116415,0.114106233457939,0.0363749989722674,0.992802410822924,0.7070415023886776,0.7071720539585549,0.1110495949605727,0.0974721381606355,0.1477593660602037,0.0,0.0,0.0,0.0,1.0,0.7296831833473612,0.6837853844153597,8.468765992856161,13,1,False
15,14,SUCCESS,0.084,89.2,82,3,4,0.3083167350578137,-0.0052366238118734,-0.0012386212356864,0.999985521689433,-0.7584621254161612,0.6517171198527775,-0.0988762006724161,0.0455847688107805,0.108878254059037,0.0,0.0,0.0,0.0,1.0,-0.7489655458321762,0.6626089428586897,6.9087292204945925,14,1,False
15,80,SUCCESS,0.084,75.89999999999999,82,3,4,31.438876893345498,0.2286181020191606,0.4688160680589656,0.8531970802568934,0.3111998418713164,-0.9503444946014404,0.0044853474095479,0.1320390051971015,0.1321151665586678,31.366999719343227,33.53608863924678,0.2465716868002558,0.4943852629342044,0.8335380105681769,0.3276809531204996,-0.944788438202988,6.234331203631666,14,1,False
15,78,SUCCESS,0.084,85.8,82,3,4,32.815197367633544,-0.2363193407781888,-0.4876910259425249,0.8404228890203371,0.2509194439258164,-0.9680079713824464,0.1102514117578803,0.1432455587123638,0.1807613451084687,32.857387024066284,38.51461992303269,-0.2779698248326862,-0.5572305535923054,0.782449286935389,0.3013511665011043,-0.9535132272016072,8.54739354536731,14,1,False
96,69,SUCCESS,0.068,48.9,81,3,4,0.0,0.0,1.4947296787557788e-15,1.0,-0.6035163619665838,0.7973506134935995,-0.0514717083995678,0.1014237801333445,0.1137370649441383,0.0,0.0,0.0,0.0,1.0,-0.6035163619665843,0.797350613493599,3.784860000000001,15,1,False
96,98,SUCCESS,0.068,55.2,81,3,4,0.0,8.601628544868419e-11,2.8926336527752193e-10,1.0,-0.9362908433717988,-0.3512256491461378,-0.1344968309158848,0.0895877158070131,0.1616024639352206,0.0,0.0,0.0,0.0,1.0,-0.9362908432152592,-0.3512256495634372,4.272480499999981,15,1,False
96,41,SUCCESS,0.068,88.4,81,3,4,0.0,0.0,2.756119204040633e-16,1.0,-0.5977555510773589,0.8016784275232824,0.0862444736004321,0.16236025249461,0.1838449368808647,0.0,0.0,0.0,0.0,1.0,-0.5977555510773588,0.8016784275232826,6.842159999999986,15,1,False
78,80,NEIGHBOR_KNOCKED,0.084,75.89999999999999,80,3,4,34.748503042810164,0.1086415685168867,0.5595255552008813,0.8216618298712288,0.1466089851896017,0.989194523570402,0.066023256799143,0.0380948267844363,0.0762252337884365,39.1894176563824,0.0007038000598315,7.216915974158586e-07,-1.2262410883526373e-05,0.9999999999245562,0.2055086092256392,0.9786553078250502,28.38360774370504,16,1,True
78,14,NEIGHBOR_KNOCKED,0.084,89.2,80,3,4,0.0,0.0,0.0,1.0,-0.2471420562574763,0.9689792588228224,-0.1248341441287315,0.2186625308851668,0.2517873427189291,0.0,0.0,0.0,0.0,1.0,-0.247142056565903,0.9689792587441572,6.904080106419717,16,1,False
78,118,NEIGHBOR_KNOCKED,0.084,52.2,80,3,4,0.0,-8.028599001018661e-13,-3.5659324972186655e-12,1.0,-0.3120561661167794,-0.9500636553349976,-0.3184328821285688,0.0447332112465922,0.3215595755208344,0.0,0.0,0.0,0.0,1.0,-0.3120561673308537,-0.9500636549362248,4.040280106419826,16,1,False
14,92,SUCCESS,0.092,76.6,79,3,4,0.0023725813550275,4.140935549619824e-05,0.0,0.9999999991426326,0.9979438311981224,-0.0640945377829748,-0.1061845855286914,0.2036241285363748,0.2296474513816735,0.0,0.0,0.0,0.0,1.0,0.997943706027816,-0.0640964866390345,5.928840231214376,17,1,False
14,80,SUCCESS,0.092,75.89999999999999,79,3,4,0.0,-1.2822446974858544e-10,2.178687982755126e-09,1.0,0.3411226542997577,-0.9400187948777876,0.1685052756172699,0.1829714301566612,0.2487419790956606,0.0,0.0,0.0,0.0,1.0,0.3411226544824266,-0.940018794811499,5.874660000000026,17,1,False
14,93,SUCCESS,0.092,60.0,79,3,4,1.9090959104164224e-06,-5.754046908629625e-09,3.4210193158261573e-08,0.9999999999999994,0.9682262505949928,-0.2500758438129561,-0.1753820464358102,0.1724301098959034,0.2459491919294024,0.0,0.0,0.0,0.0,1.0,0.9682262409654304,-0.2500758810960229,4.644000000000244,17,1,False
39,74,NEIGHBOR_KNOCKED,0.09,58.0,78,3,4,13.064733659979868,0.2098931830961691,-0.0839300538039358,0.9741152897671952,0.7446776043366995,0.6674243519675874,-0.0397635274390219,0.065421385079453,0.0765577934642054,33.278401280725205,14.042973841621492,0.2276049370670599,-0.0841119069007861,0.97011400347599,0.7681267315822624,0.6402978402499503,4.541225874873752,18,1,False
39,38,NEIGHBOR_KNOCKED,0.09,91.1,78,3,4,4.174631581505578,-0.0684279811743952,0.024838654922298,0.9973468065893868,-0.4156498514873772,0.9095247115711158,-0.0421608474577687,0.0810187177097233,0.0913321940921441,4.436749464397965,4.587986048996416,-0.0751731806704047,0.0273382407352062,0.9967956728946,-0.420060635100954,0.9074960401228112,7.063829723802687,18,1,True
39,89,NEIGHBOR_KNOCKED,0.09,52.7,78,3,4,0.0,7.911164563278244e-12,-1.647696967246591e-12,1.0,-0.827842146126878,-0.5609611226244158,0.1127457135358708,0.2831772792800384,0.3047966000813616,0.0,0.0,0.0,0.0,1.0,-0.827842146711689,-0.5609611217613771,4.078979870828731,18,1,False
73,85,DEFECT,0.058,62.5,77,3,4,8.748576518413899e-06,-3.777346140308739e-08,1.475581631660127e-07,0.9999999999999885,0.9202810193941569,-0.3912580291097569,-0.042739069336804,0.0663470356224904,0.0789212087063303,0.0,0.0,0.0,0.0,1.0,0.920280963487664,-0.3912581606078223,4.837500000002629,19,1,False
73,6,DEFECT,0.058,53.0,77,3,4,0.0,2.2659066900141183e-11,-6.06344144798974e-13,1.0,-0.597333169258416,0.8019931950482475,-0.061117467701386,0.0988595651496468,0.1162263243839674,0.0,0.0,0.0,0.0,1.0,-0.5973331721997636,0.8019931928575001,4.102200000000042,19,1,False
73,7,DEFECT,0.058,55.0,77,3,4,0.0,4.0646617626012745e-11,2.0180911759545511e-10,1.0,0.235542100189755,0.9718641463899156,-0.0597438429846427,0.0746560097966311,0.0956182334773464,0.0,0.0,0.0,0.0,1.0,0.2355421001072891,0.971864146409902,4.257000000000009,19,1,False
38,74,NEIGHBOR_KNOCKED,0.096,58.0,76,3,4,15.578259951273363,0.249750312296015,-0.0987229294214148,0.9632645351690768,0.9247214882468928,-0.380644413034596,0.0261399723730046,0.0692374775429176,0.0740076107719163,115.19043274080911,0.0,1.3464768110402472e-09,-3.412454715863872e-09,1.0,0.9048998315043588,-0.4256245939127377,11.357476900617652,20,1,False
38,94,NEIGHBOR_KNOCKED,0.096,53.8,76,3,4,0.0,-1.3100455472060774e-11,-1.2329397569747532e-11,1.0,0.9959272046565054,-0.0901609839402785,-0.3157232264544573,0.1363161177455494,0.3438942274595941,0.0,0.0,0.0,0.0,1.0,0.9959272046596656,-0.0901609839053701,4.164119784752451,20,1,False
38,89,NEIGHBOR_KNOCKED,0.096,52.7,76,3,4,0.0,0.0,0.0,1.0,-0.6611153310973146,-0.7502842921107226,0.1649048905471697,0.3086411996539753,0.3499328693481353,0.0,0.0,0.0,0.0,1.0,-0.6611153310583955,-0.7502842921450164,4.078979784752403,20,1,False
102,6,DEFECT,0.084,53.0,75,2,3,0.0,0.0,0.0,1.0,-0.2290896267468001,-0.9734053333103388,0.1800933905130265,0.1715633247325132,0.2487319917094527,0.0,0.0,0.0,0.0,1.0,-0.2290896267468001,-0.9734053333103388,4.1022,21,1,False
102,7,DEFECT,0.084,55.0,75,2,3,0.0,0.0,0.0,1.0,0.2100968433949237,-0.977680579941879,0.1811574155130265,0.1776959242715139,0.2537594346976422,0.0,0.0,0.0,0.0,1.0,0.2100968433949236,-0.977680579941879,4.256999999999955,21,1,False
90,106,SUCCESS,0.082,81.4,74,3,4,0.0504765634483937,-0.0004655901257461,-0.0007479006074802,0.9999996119351828,0.4267732956733264,0.9043586424091538,-0.0719460892921047,0.265689155813068,0.2752580013025748,0.0,0.0,0.0,0.0,1.0,0.4268144231727425,0.904339232905285,6.300473492095845,22,1,False
90,9,SUCCESS,0.082,88.3,74,3,4,0.7294845672265639,-0.0106132348352823,0.0070322085563721,0.9999189503600532,-0.5010233688484893,0.8654337547540599,0.0357452067193783,0.2372252122521989,0.239903149482269,0.0,0.0,0.0,0.0,1.0,-0.5007269386475218,0.8656052985701281,6.860040372336097,22,1,False
90,10,SUCCESS,0.082,82.0,74,3,4,0.1071429981569318,-0.0006966656360734,-0.0017353805823495,0.9999982515540844,-0.337694711151265,0.941255694304403,0.0950219320252752,0.2732225361733135,0.2892744749174971,0.0,0.0,0.0,0.0,1.0,-0.3379016877972275,0.9411814115162842,6.347314759457174,22,1,False
106,105,SUCCESS,0.084,73.3,73,3,4,0.0118200173643761,0.0002015089162626,4.419402555670768e-05,0.9999999787205222,0.9333593530671742,-0.3589433354194309,-0.0921350684711403,0.0646535369259963,0.1125564333089091,2.3497017978203987,0.0005795607694708,-1.0063984752730664e-05,-1.0170320627844874e-06,0.9999999999488408,0.932654077497075,-0.3607719109466254,5.960072688993335,23,1,False
106,104,SUCCESS,0.084,81.4,73,3,4,0.0663994118181862,-3.720927230571634e-05,0.0011582905914702,0.9999993284889624,0.6267761116410733,-0.7791994005876139,-0.1291580787115065,0.1158167607217721,0.1734800604119445,0.0,0.0,0.0,0.0,1.0,0.6259541036373024,-0.7798598977634517,6.300552373357448,23,1,False
106,9,SUCCESS,0.084,88.3,73,3,4,0.0,0.0,0.0,1.0,-0.9887106175359678,-0.1498376280232881,0.1036868441,0.2347889876802655,0.2566648210708697,0.0,0.0,0.0,0.0,1.0,-0.9887106175755828,-0.1498376277618868,6.8344195845991145,23,1,False
17,117,SUCCESS,0.088,80.0,72,3,4,0.0727471740896057,0.0012533118464501,-0.0002031994953165,0.9999991939593654,-0.7721292765444068,0.6354654831719904,-0.0098386328316333,0.1243865160448056,0.1247750138038878,0.0,0.0,0.0,0.0,1.0,-0.7723100441132922,0.6352457758708236,6.192229351914091,24,1,False
17,115,SUCCESS,0.088,84.3,72,3,4,0.0086576305321523,-0.0001511041578022,0.0,0.9999999885837668,-0.061231813571362,0.9981235720123846,-0.0550906330670103,0.1538146919190555,0.1633827937754705,0.0,0.0,0.0,0.0,1.0,-0.0611309007726776,0.9981297575820096,6.524823458726121,24,1,False
17,86,SUCCESS,0.088,87.9,72,3,4,0.2365092835743521,0.001301311772856,-0.0039173672549242,0.999991480374438,-0.851789018823585,0.5238849753634425,0.1351150766334412,0.1555891603844074,0.2060681216558873,0.0,31.488716680348737,0.5184117604653998,0.0638635066120516,0.8527430440257942,-0.9022597686528936,0.4311928917206624,29.705598476587014,24,1,False
116,115,SUCCESS,0.078,84.3,71,3,4,17.871298457049573,0.2264518892249037,0.2071106210230664,0.9517482506030216,0.4561830660320433,-0.8898859535162945,0.088158755686266,0.0778470046670332,0.1176100435327691,0.0,0.0,0.0,4.569162833739935e-17,1.0,0.5816788166393364,-0.8134185603199997,15.31937627420073,25,1,False
116,100,SUCCESS,0.078,82.8,71,3,4,0.0376532803160154,0.0006161173831662,-0.0002286407674637,0.9999997840613616,-0.8206573502992471,-0.5714206098836639,-0.1200933541046475,0.0820378921140122,0.1454394356514579,0.0,0.0,0.0,0.0,1.0,-0.8212850218526572,-0.5705181091608578,6.408784123822709,25,1,False
116,117,SUCCESS,0.078,80.0,71,3,4,0.0,0.0,0.0,1.0,-0.3025347149684418,-0.9531383667857274,0.1391585632980509,0.1422213043081345,0.1989773985614564,0.0,0.0,0.0,0.0,1.0,-0.3025347149684418,-0.9531383667857274,6.19200000000003,25,1,False
114,112,SUCCESS,0.078,63.70000000000001,70,3,4,5.598568198963992e-06,-7.32973550540606e-08,6.409865942071358e-08,0.9999999999999952,0.9973825820158136,0.0723048068351554,-0.0969681014359115,0.1251090914984393,0.1582880206195342,0.0,0.0,0.0,0.0,1.0,0.9973825873473064,0.0723047332917587,4.930380000001091,26,1,False
114,113,SUCCESS,0.078,54.2,70,3,4,0.0,-5.476391975927345e-11,-2.1495356579648825e-11,1.0,0.9823576741912984,-0.187011764222101,-0.1482580034750481,0.1097840523904186,0.1844802801213982,0.0,0.0,0.0,0.0,1.0,0.982357674150665,-0.1870117644355453,4.19507999999999,26,1,False
114,101,SUCCESS,0.078,78.7,70,3,4,0.0439268318373718,-0.0006452413920473,0.0004140567789562,0.9999997061102216,0.6410992215709592,0.7674580041286365,0.0383227903076779,0.2516345431614032,0.2545360083937327,0.0,0.0,0.0,0.0,1.0,0.6411141818118636,0.7674455067818853,6.091463223558689,26,1,False
112,113,SUCCESS,0.06,54.2,69,2,3,0.0,0.0,0.0,1.0,-0.4968764722474075,-0.8678212784479137,-0.0498193105999999,0.0340817749397639,0.0603616690599588,0.0,0.0,0.0,0.0,1.0,-0.4968764722474075,-0.8678212784479137,4.195079999999997,27,1,True
112,101,SUCCESS,0.06,78.7,69,2,3,0.0,0.0,0.0,1.0,0.1947385519047784,0.980855186254337,0.1329930155,0.1876630715517982,0.230009935863733,0.0,0.0,0.0,0.0,1.0,0.1947385513958602,0.9808551863553772,6.091380099999981,27,1,False
19,20,SUCCESS,0.086,75.6,67,2,3,0.004851036977288,-8.466656552387868e-05,0.0,0.9999999964157862,0.6171172497542561,0.7868712093193796,0.0730747364456547,0.0770956900707983,0.1062245853561899,0.0,0.0,0.0,0.0,1.0,0.617096839866467,0.7868872156966459,5.8514408990591145,29,1,False
19,75,SUCCESS,0.086,70.1,67,2,3,0.000706321111884,1.7755687989610837e-06,-1.2199095042411142e-05,0.9999999999240148,-0.478682703189829,0.8779879666982219,0.1803270615591627,0.300750991981001,0.3506693717850451,0.0,0.0,0.0,0.0,1.0,-0.4786844593929383,0.8779870092066799,5.425740019003866,29,1,False
66,28,SUCCESS,0.076,59.3,66,3,4,0.0,-7.072038951417387e-09,-1.0982277554334324e-09,1.0,0.797108124923068,0.6038365980806651,-0.1075075869779573,0.112461597187317,0.1555811431367742,0.0,0.0,0.0,0.0,1.0,0.7971081274984649,0.6038365946809543,4.589820000000028,30,1,False
66,30,SUCCESS,0.076,80.0,66,3,4,0.0779504535264334,0.0010211926583963,0.0008989455365909,0.99999907453081,-0.3206679084207018,0.9471916873099616,-0.0807284181666368,0.1320218710215665,0.1547477041113131,0.0,0.0,0.0,0.0,1.0,-0.3218057757162982,0.9468057048389766,6.192262298162024,30,1,False
66,29,SUCCESS,0.076,85.5,66,3,4,0.0633941227711942,0.0007831816213204,0.0007815542488676,0.9999993878995648,0.98087699831872,0.1946286571120951,-0.0746086862273284,0.1927085651670239,0.2066471561606911,0.0,0.0,0.0,0.0,1.0,0.980953570708202,0.1942423540704463,6.61788701729362,30,1,False
29,28,SUCCESS,0.084,59.3,65,2,3,0.0,0.0,0.0,1.0,-0.9559147844544704,0.2936442147588867,-0.0286658649999999,0.1038614686314946,0.1077447747340407,0.0,0.0,0.0,0.0,1.0,-0.9559147844544704,0.2936442147588867,4.589819999999994,31,1,False
29,30,SUCCESS,0.084,80.0,65,2,3,0.0,0.0,3.0455117204649e-16,1.0,-0.9353223057204176,0.3537968123398534,-0.0051601149999999,0.2473916141899072,0.2474454233933234,0.0,0.0,0.0,0.0,1.0,-0.9353223059228049,0.3537968118048085,6.192000000000016,31,1,False
28,30,SUCCESS,0.056,80.0,64,1,2,0.0,0.0,0.0,1.0,-0.9181095697447016,0.3963266556051951,0.0203013899999999,0.1438915205259599,0.1453166064674125,0.0,0.0,0.0,0.0,1.0,-0.9181095697447016,0.3963266556051951,6.191999999999993,32,1,False
20,19,SUCCESS,0.084,67.4,97,3,4,0.000180534268236,2.428897542187635e-06,2.0071356478690004e-06,0.999999999995036,-0.5808569669864111,-0.814005641198725,-0.0774958337265352,0.067102463594768,0.1025102183465529,0.0,0.0,0.0,0.0,1.0,-0.5808581074739408,-0.8140048273700788,5.216760001196784,1,2,False
20,8,SUCCESS,0.084,53.6,97,3,4,0.0,-6.122387666110713e-11,0.0,1.0,0.5987029159595374,-0.8009711720290231,-0.0585907184315943,0.2716432985392946,0.2778901832156701,0.0,0.0,0.0,0.0,1.0,0.5987029156789965,-0.8009711722387196,4.148639999999993,1,2,False
20,35,SUCCESS,0.084,84.6,97,3,4,0.0184975666962358,-3.021328782370408e-09,0.0003228434365577,0.9999999478860564,-0.7845331220619776,0.6200869135755779,-0.2973347874707919,0.1071568988460093,0.3160547054080905,0.0,0.0,0.0,0.0,1.0,-0.7850396205646029,0.6194455538171086,6.548055827106771,1,2,False
95,96,SUCCESS,0.056,78.0,96,3,4,0.0282113125896118,-0.0004268233958696,0.0002454793685133,0.999999878780827,-0.9464848051442264,-0.3227483751021771,0.0210949236820477,0.0815665482770354,0.0842502083260413,0.0,0.0,0.0,0.0,1.0,-0.94645058941018,-0.3228486980074765,6.037234114349918,2,2,True
95,4,SUCCESS,0.056,57.5,96,3,4,0.0,-4.862204482330255e-10,-4.524949493155568e-09,1.0,0.4864720884439788,0.8736961183185797,0.0945200735779435,0.1723300231312193,0.1965494369912731,0.0,0.0,0.0,0.0,1.0,0.4864720881646964,0.8736961184740837,4.450500000000034,2,2,False
95,3,SUCCESS,0.056,83.3,96,3,4,0.0338201618879092,0.0001873747257933,-0.0005597437778436,0.9999998257887924,0.2845241786856722,0.9586688644903638,0.1450269253858928,0.1217853133191396,0.1893791742170356,0.0,0.0,0.0,0.0,1.0,0.284784610931767,0.958591532080501,6.447472341813064,2,2,False
44,56,SUCCESS,0.092,86.5,95,3,4,0.1178103772566724,0.0001835103802004,-0.0020479721590341,0.9999978860647538,0.3294884047124184,0.9441596216530688,0.1818161859086947,0.189605017974907,0.2626921930694741,0.0,0.0,0.0,1.9069221183292455e-17,1.0,0.3300493877409783,0.9439636654298752,6.695753903470406,3,2,False
44,98,SUCCESS,0.092,53.8,95,3,4,0.0,5.530649284364263e-11,0.0,1.0,-0.7686412177958031,0.6396801374948143,-0.1363672545875901,0.2010021485168317,0.2428948163961904,0.0,0.0,0.0,0.0,1.0,-0.768641218628908,0.6396801364937534,4.16411999999993,3,2,False
44,100,SUCCESS,0.092,66.10000000000001,95,3,4,0.0001129597708491,-1.4296924190088258e-06,-1.3574738986240567e-06,0.9999999999980566,-0.9172460239331952,0.3983211412651157,-0.0391615505806698,0.2688553622563234,0.2716925336807422,0.0,0.0,0.0,0.0,1.0,-0.917245817664318,0.3983216162566587,5.116139800456559,3,2,False
72,71,SUCCESS,0.05,83.2,94,3,4,2.2997094831832188,0.0047957734217822,-0.0398391102831217,0.9991945985888516,0.7292085256960685,0.6842915504755018,-0.099032703784964,0.018753853698714,0.1007927747783202,2.2525830087307144,2.732709948587778,0.0039589698045956,-0.0475120490921642,0.9988628192845852,0.758330587325065,0.6518701713740416,6.452822010770566,4,2,False
72,13,SUCCESS,0.05,77.5,94,3,4,2.177247900484655,-0.0025159395037896,0.0379075996075011,0.9992780813869634,0.0760732175662987,0.9971022342614176,-0.1291383116443123,0.0921318066172337,0.1586347166445569,2.244913995605904,2.6964496413061414,-0.003939383202136,0.0468793271844179,0.9988927920166022,0.0721638585574431,0.9973927899870249,6.013289562219822,4,2,False
72,38,SUCCESS,0.05,81.4,94,3,4,0.0084163702674898,-7.903085277569486e-05,0.0001238215939636,0.9999999892111686,-0.4449095467432831,-0.8955755106168806,-0.132467346315846,0.1310166015905574,0.186314110395056,0.0,0.0,0.0,0.0,1.0,-0.4447556926834907,-0.8956519267135131,6.300363022985131,4,2,False
77,53,SUCCESS,0.088,77.7,93,3,4,29.27098344812319,0.416879297296832,-0.2554891422484153,0.8723170006817869,-0.2486287459002072,-0.9685988574802732,-0.0319196416536049,0.129003885952516,0.1328941914236447,28.803499956525563,28.552430220072186,0.1302517880208572,-0.4598726568113594,0.8783801063518181,-0.3958945932254168,-0.918295960491432,17.211311240984664,5,2,False
77,54,SUCCESS,0.088,43.2,93,3,4,0.0,0.0,2.255934607751778e-15,1.0,-0.606139582805017,-0.7953582879161819,0.0175846997954461,0.1090106985639827,0.1104198988783429,0.0,0.0,0.0,0.0,1.0,-0.6061395829819592,-0.7953582877813348,3.34368003917214,5,2,False
77,38,SUCCESS,0.088,81.4,93,3,4,0.0,0.0,0.0,1.0,0.9305481150754454,-0.3661696403711476,-0.0853624055045536,0.1775279690268894,0.1969845680766289,0.0,0.0,0.0,0.0,1.0,0.9305481151948252,-0.3661696400677673,6.300360039172144,5,2,False
53,54,SUCCESS,0.078,43.2,92,3,4,0.0,0.0,0.0,1.0,-0.1823788357648306,0.9832283357720448,0.0723025099076846,0.0356895751838634,0.0806312514832523,0.0,0.0,0.0,0.0,1.0,-0.1823788357648306,0.9832283357720448,3.3436800000000018,6,2,False
53,57,SUCCESS,0.078,81.4,92,3,4,0.0215752452920686,-0.0001251302235075,-0.000355160740504,0.9999999291016352,-0.1993946736617459,0.9799192640801208,-0.1568566502200581,0.1223936933183149,0.1989578469986932,0.0,0.0,0.0,0.0,1.0,-0.1990801117704613,0.9799832187835976,6.300379962135922,6,2,False
53,38,SUCCESS,0.078,81.4,92,3,4,0.0,0.0,0.0,1.0,0.96953358430842,0.244958422794702,-0.0365579553923152,0.2318279606986004,0.2346927511964064,0.0,0.0,0.0,0.0,1.0,0.9695335843472448,0.244958422641035,6.300359699999996,6,2,False
71,13,NEIGHBOR_KNOCKED,0.084,77.5,91,3,4,3.242402951974537,-0.0047372706465483,0.0563616703641298,0.998399178876158,-0.0826653146607242,0.9965773656631198,-0.0290558640272631,0.07266469526229,0.0782585533467894,15.93972799725602,0.0109912925669667,-0.0001028135404422,0.0001619560215305,0.9999999815998114,-0.0731757239674087,0.9973190629993222,7.071999792104784,7,2,True
71,15,NEIGHBOR_KNOCKED,0.084,81.4,91,3,4,0.1066980613964595,-0.0002412098587916,0.0018465436884304,0.9999982660456022,-0.6270641429179685,0.7789676249155376,-0.0480937898728364,0.1347958106199349,0.1431185633837131,0.5916647910422296,0.0005747945077187,-8.010609502747819e-06,6.039247343858376e-06,0.9999999999496788,-0.6275043341665608,0.7786130686047992,6.301519437652448,7,2,False
71,14,NEIGHBOR_KNOCKED,0.084,54.6,91,3,4,1.6719202120411407,0.0275965549818768,0.0094705230442883,0.999574279054038,0.2342427865880582,0.9721781302474674,-0.1220167852461049,0.0775789221599949,0.1445910960097496,1.7253057297291918,2.888834919023723,0.0388814960815892,0.032065870440981,0.9987291971377024,0.2441054170682539,0.9697487021687288,4.307353130001131,7,2,False
15,13,NEIGHBOR_KNOCKED,0.078,77.5,90,3,4,8.321556147031972e-06,-7.777599537936965e-08,1.225158582512242e-07,0.9999999999999896,0.9019495147023798,-0.4318414905125974,0.0160139702444846,0.0882150154646561,0.0896567688265686,6.616357205734314,0.0048694382463028,6.68904138735966e-05,-5.242696382835396e-05,0.9999999963885428,0.9028333969395764,-0.4299905317219737,5.998673600751887,8,2,True
15,14,NEIGHBOR_KNOCKED,0.078,54.6,90,3,4,9.109567958900197,0.1401116847703591,0.0737215984090715,0.9873873817903605,0.9788553580790744,-0.2045536310112505,-0.0579625673280152,0.1140998854406682,0.1279782913967377,9.086619761393072,7.928027813041264,0.133289917309594,0.0354714647927028,0.990442109933267,0.9706284391188794,-0.2405835263970663,4.4166673706535855,8,2,False
15,106,NEIGHBOR_KNOCKED,0.078,56.8,90,3,4,0.0,8.04272461390379e-16,2.1842373866913512e-10,1.0,-0.893221375741575,-0.4496171414863185,-0.1767594240005629,0.0057320649431376,0.1768523410688225,0.0,0.0,0.0,0.0,1.0,-0.8932213770745678,-0.4496171388381594,4.396319645140063,8,2,False
70,117,SUCCESS,0.054,74.89999999999999,89,3,4,0.0052953393445666,2.837397944020689e-05,-8.795782107571002e-05,0.9999999957291696,0.4001380183008933,-0.916454890493926,-0.051752418179526,0.0771925040310395,0.0929354370840886,0.0,0.0,0.0,0.0,1.0,0.4001483243393823,-0.91645039065319,5.797261137159439,9,2,False
70,79,SUCCESS,0.054,52.7,89,3,4,37.64874663057247,-0.4937721557171508,-0.3595676941494902,0.791770251753914,-0.743066459848525,-0.6692176299591786,-0.0354630371742912,0.0608357901874807,0.0704174720744812,37.641454163209566,0.0,-9.510087111320414e-12,-1.0009158064222405e-12,1.0,-0.8586732932857738,-0.5125233413199476,21.040665591689645,9,2,False
70,28,SUCCESS,0.054,51.4,89,3,4,25.90788852833084,-0.3405052207811715,0.273788615656354,0.8994976312129692,-0.8528041396007083,-0.522230887136998,-0.1424376183294898,0.0447613050420283,0.1493052227634483,25.63672613951868,36.59416580241548,-0.5955041719159438,-0.0275935822597837,0.8028781821975103,-0.6933689522040734,-0.7205827475865806,13.011401079999946,9,2,False
14,13,SUCCESS,0.056,77.5,88,3,4,3.6222548091772e-06,5.0601004093270886e-08,-3.9659746687523095e-08,0.999999999999998,-0.941053850102276,-0.338256782944087,0.0840865644472753,0.0265772807677773,0.0881867460197679,0.0,0.0,0.0,0.0,1.0,-0.9410538224280884,-0.3382568599355873,5.998500000000592,10,2,True
14,64,SUCCESS,0.056,51.7,88,3,4,0.0,8.671166832735657e-14,7.502915605651325e-12,1.0,0.8990015941055671,0.4379453548054244,0.0071201441568003,0.1486394145522264,0.1488098518621742,0.0,0.0,0.0,0.0,1.0,0.899001594158984,0.4379453546957718,4.001579799999987,10,2,False
14,106,SUCCESS,0.056,56.8,88,3,4,0.0,0.0,0.0,1.0,-0.9726384633274548,0.2323239541158148,-0.1055218286436995,0.1122428173333278,0.1540561792439144,0.0,0.0,0.0,0.0,1.0,-0.9726384633677188,0.2323239539472472,4.396320000000023,10,2,False
117,79,SUCCESS,0.074,52.7,87,3,4,0.0,0.0,0.0,1.0,-0.4667089361448185,0.8844109728641837,-0.0029378769999999,0.0766735121799687,0.0767297764318321,0.0,0.0,0.0,0.0,1.0,-0.4667089361448185,0.8844109728641837,4.078980000000001,11,2,False
117,28,SUCCESS,0.074,51.4,87,3,4,41.409099853454656,-0.6079769222583933,-0.260489958386158,0.7500060290298934,-0.8603506091066866,-0.5097026872695035,-0.0450926494252269,0.0724478828844837,0.0853348859882656,41.25086929240979,0.0,2.1538996510182898e-12,-6.157384785811528e-13,1.0,-0.8112157726394676,-0.5847469283552941,22.342853580831925,11,2,False
117,58,SUCCESS,0.074,52.7,87,3,4,0.0,2.9613700683776764e-12,-1.818523013654452e-11,1.0,-0.6539787190420872,-0.7565129443969025,-0.0517544901988718,0.095443446984306,0.1085724588834165,0.0,0.0,0.0,0.0,1.0,-0.6539787169777962,-0.7565129461814092,4.078979999999987,11,2,False
61,62,SUCCESS,0.05,57.6,86,3,4,0.0,-2.5820230376903203e-09,2.0394607626284394e-10,1.0,-0.4279418222879353,-0.9038062827491746,0.1271033381164611,0.0178802935072402,0.1283548341756261,0.0,0.0,0.0,0.0,1.0,-0.4279418338269298,-0.903806277285594,4.458239999999962,12,2,False
61,90,SUCCESS,0.05,52.6,86,3,4,0.0,-5.558348387160275e-15,7.879306235573887e-12,1.0,0.9863219718331484,-0.1648301182404785,0.0258055766797911,0.1601922274390198,0.1622574421086787,0.0,0.0,0.0,0.0,1.0,0.9863219717873224,-0.1648301185146942,4.071239580000003,12,2,False
61,89,SUCCESS,0.05,50.0,86,3,4,0.0,0.0,-1.1205046721934469e-12,1.0,0.9724972687266916,-0.2329142810544796,-0.0390276727999536,0.1775441239707199,0.1817830443157738,0.0,9.580576683082276,0.1149383877619325,-0.1203727725479255,0.9860525151571864,0.9635853297369088,-0.2674010327500863,6.380706291824914,12,2,False
80,58,SUCCESS,0.062,52.7,85,3,4,0.0,0.0,0.0,1.0,0.9945801415310526,-0.1039727948651544,-0.0284034096344999,0.1016352833322485,0.1055295432421255,0.0,0.0,0.0,0.0,1.0,0.9945801415310526,-0.1039727948651544,4.078980000000001,13,2,False
80,28,SUCCESS,0.062,51.4,85,3,4,0.0,0.0,0.0,1.0,0.9371339441034356,0.3489698709188784,-0.0498518754344999,0.1721681521583301,0.1792402915137966,0.0,0.0,0.0,0.0,1.0,0.9371339441034356,0.3489698709188784,3.978360000000007,13,2,False
80,79,SUCCESS,0.062,52.7,85,3,4,0.0,0.0,0.0,1.0,0.7023351948609776,0.7118463837511522,0.0204132035655,0.1818479344558793,0.1829900820964796,0.0,0.0,0.0,0.0,1.0,0.7023351948609777,0.7118463837511522,4.07898000000001,13,2,False
63,64,SUCCESS,0.094,51.7,84,3,4,0.0,0.0,0.0,1.0,-0.8555002529889318,0.517802391975813,0.1444832706639717,0.1169716340565347,0.1858972261105969,0.0,0.0,0.0,0.0,1.0,-0.8555002529889318,0.517802391975813,4.001580000000004,14,2,False
63,89,SUCCESS,0.094,50.0,84,3,4,10.95388660925144,0.1326369304899673,-0.1360684507559447,0.98178043440429,0.0076503837395545,-0.9999707353861098,0.0875488105985412,0.2309720229384224,0.2470078331095723,10.95310261632378,12.489655150249042,0.1519271879835066,-0.1539089378123942,0.9763350697444422,0.0001644851492924,-0.9999999864723176,3.961228596904361,14,2,False
63,90,SUCCESS,0.094,52.6,84,3,4,0.0,0.0,0.0,1.0,-0.0208120438545457,-0.9997834059588088,0.1189221834639717,0.2223512779540629,0.2521558576112073,0.0,0.0,0.0,0.0,1.0,-0.020812043755279,-0.9997834059608752,4.071239999999976,14,2,False
68,81,SUCCESS,0.064,56.1,83,3,4,12.18118920236371,-0.186426765420435,0.098831687431472,0.9774852217268156,-0.4625828191835507,-0.8865760742295037,-0.1127972212470016,0.1046603959340283,0.1538733622109837,11.58535459024382,13.06554828767904,-0.1952118508047235,0.1140087598443131,0.9741120756792598,-0.4848801249771865,-0.8745806220138358,4.402959323205798,15,2,False
68,74,SUCCESS,0.064,61.2,83,3,4,9.515373229100096,0.152024894768219,-0.0649350903301277,0.9862412815404404,0.2472093191909031,-0.9689621006547008,-0.1266652601154733,0.1411430232009925,0.1896455670940832,10.028871926164635,10.964401708976077,0.1654744331364204,-0.0937757795238524,0.9817455450130008,0.2494848916949494,-0.9683786908105522,4.867882001282398,15,2,False
68,82,SUCCESS,0.064,90.9,83,3,4,0.50583948674218,0.0076250663753261,0.0044497066635973,0.9999610284773002,-0.2449600093928796,-0.9695331834435787,-0.078042762400711,0.2122346767980108,0.2261287925026133,0.0,0.0,0.0,0.0,1.0,-0.2486795330154024,-0.968585819563368,7.048266735702244,15,2,False
66,65,SUCCESS,0.074,76.8,82,3,4,0.0103929221893405,-4.942211658492883e-05,0.0001745280610037,0.999999983548705,-0.8299043207778314,-0.557905743252645,0.0787718237786821,0.0551028122308067,0.0961317852594202,0.0,0.0,0.0,0.0,1.0,-0.8299654628832955,-0.557814781465064,5.944324568248024,16,2,False
66,82,SUCCESS,0.074,90.9,82,3,4,0.0,0.0,0.0,1.0,0.9678926392984022,-0.2513639568274916,-0.0375868597934624,0.2476888485135501,0.2505245251609148,0.0,0.0,0.0,0.0,1.0,0.9678926392218742,-0.2513639571221677,7.035659699999994,16,2,False
66,81,SUCCESS,0.074,56.1,82,3,4,0.0,-2.7283963196735925e-10,2.2718323116346428e-11,1.0,0.9916438088555464,0.1290060322561093,-0.0644730797673396,0.2760432070888151,0.2834724505036851,0.0,0.0,0.0,0.0,1.0,0.991643808840061,0.1290060323751432,4.342139799999988,16,2,False
48,93,SUCCESS,0.066,74.30000000000001,81,3,4,0.0053161596019895,-8.648061020283473e-05,-3.361644468157819e-05,0.9999999956955192,-0.9977114317026544,0.0676158195235367,-0.0708829661643403,0.1170012317390958,0.136797964607375,0.0,0.0,0.0,0.0,1.0,-0.997708853803138,0.0676538472138029,5.750821143320529,17,2,False
48,94,SUCCESS,0.066,48.5,81,3,4,0.5762960184553777,0.0013827622982389,-0.0099625905824306,0.9999494160992912,-0.7945180169061956,0.6072405790223889,-0.1196415240302589,0.0918978418223368,0.1508618825412379,0.576232471761736,0.0,0.0,2.009409794945917e-15,1.0,-0.7875061367546735,0.6163068104229658,3.765562921509824,17,2,False
48,2,SUCCESS,0.066,73.3,81,3,4,0.0135414275571806,-3.608425174265378e-06,0.0002363149463884,0.9999999720711124,-0.8539234041664149,0.5203987123512525,-0.0978757341835967,0.1830783090074562,0.2075989560932514,0.0,0.0,0.0,0.0,1.0,-0.8540027536956201,0.5202684851884631,5.673427304688522,17,2,False
31,30,NEIGHBOR_KNOCKED,0.08,73.3,80,2,3,0.0035374865178319,-2.115299389849541e-05,-5.800409811603173e-05,0.9999999980940376,0.876617559972419,-0.4811877529073267,0.0067065903496567,0.0883250241410184,0.0885792766036707,13.011381092457311,0.0031333322996691,-5.314564411609804e-05,1.2892039753160253e-05,0.999999998504668,0.8753504885028046,-0.4834889060546285,5.678998901889904,18,2,False
31,17,NEIGHBOR_KNOCKED,0.08,53.3,80,2,3,0.0,1.0590381319284184e-11,8.942605203059664e-12,1.0,0.9981045236982375,-0.0615415288493403,-0.1897165211874684,0.1072352162516998,0.2179260195938612,0.0,0.0,0.0,0.0,1.0,0.9981045236750412,-0.0615415292255498,4.125420025099025,18,2,False
82,81,SUCCESS,0.096,56.1,79,3,4,18.87463393099182,-0.2781366999358968,0.165200719689397,0.94622867128558,0.2101013603263191,0.9776796092734216,-0.011955628761042,0.1080172678987484,0.1086768936958627,18.5341095217713,20.380323094672956,-0.2991531782346046,0.1782849833507616,0.9374016431945024,0.2035879350626683,0.9790566647017518,4.478627032596255,19,2,False
82,74,SUCCESS,0.096,61.2,79,3,4,17.48804856757716,0.2584208694641477,-0.1533721759589666,0.9537796547772476,0.7712864942954796,0.6364881332101874,-0.036220685665125,0.1070665273566632,0.1130273389506579,17.760232546946007,20.37408602477242,0.2989556804307499,-0.1784169173471293,0.9374395472469332,0.7967510702483083,0.604307646863893,5.110989472459012,19,2,False
82,110,SUCCESS,0.096,89.6,79,3,4,0.3366481663610389,-0.0043015020858582,0.0040024467851312,0.9999827386007908,0.4802800997919306,0.8771151724510601,-0.1922178575877954,0.0905275506881152,0.2124686852438055,0.0,0.0,0.0,0.0,1.0,0.4936931133000569,0.8696361939800443,6.940593059575717,19,2,False
104,105,SUCCESS,0.07,50.6,78,3,4,0.0,6.078985845196738e-13,2.2245476914700138e-13,1.0,-0.4474743834350792,-0.8942967495017499,0.1135137489003647,0.0359050691148196,0.1190568989078542,0.0,0.0,0.0,0.0,1.0,-0.4474743834341424,-0.8942967495022187,3.916440000000021,20,2,False
104,118,SUCCESS,0.07,80.3,78,3,4,0.0167230422444278,-0.000236145595076,0.0001715360211488,0.9999999574053248,-0.0452916321765859,-0.9989738074918586,0.1786544308155262,0.0577933977999823,0.1877697592246596,0.0,0.0,0.0,0.0,1.0,-0.0458516636352922,-0.9989482593917846,6.215232194636912,20,2,False
104,115,SUCCESS,0.07,84.6,78,3,4,0.2504132101657218,0.0039286769091114,-0.0019149288173728,0.9999904492270754,0.0173483762147503,-0.9998495055970728,-0.156703695980974,0.1046984623840164,0.1884617105930932,0.0,0.0,0.0,0.0,1.0,0.0096973013247333,-0.9999529800680717,6.550929753222889,20,2,False
74,81,NEIGHBOR_KNOCKED,0.062,56.1,77,2,3,22.03566571323151,-0.3224323804134733,0.1918336579510125,0.9269504882883632,-0.8416535611439275,0.5400178543471917,0.0407328378652838,0.0393945828260387,0.0566665442443522,0.3291690625964198,0.0,-6.675555739207557e-12,4.361913888760934e-12,1.0,-0.8594943048464653,0.5111453217398076,12.153641763780664,21,2,True
74,110,NEIGHBOR_KNOCKED,0.062,89.6,77,2,3,0.0,0.0,0.0,1.0,-0.9957948048471184,0.0916117167151095,-0.1510902346549174,0.0263284804435943,0.1533670365187602,0.0,0.0,0.0,0.0,1.0,-0.9957948050165316,0.0916117148736331,6.935039867123155,21,2,False
2,94,SUCCESS,0.074,48.5,76,3,4,0.0,0.0,0.0,1.0,0.9097137273403908,-0.4152359983051241,-0.0172391255,0.0913596842635111,0.0929719277886244,0.0,0.0,0.0,0.0,1.0,0.9097137273403908,-0.4152359983051241,3.753899999999994,22,2,False
2,93,SUCCESS,0.074,74.30000000000001,76,3,4,0.0,0.0,0.0,1.0,0.4130866434748384,-0.910691728842802,0.026851214,0.0958895031482971,0.0995780322526061,0.0,0.0,0.0,0.0,1.0,0.4130866434748384,-0.910691728842802,5.750820000000007,22,2,False
2,111,SUCCESS,0.074,74.89999999999999,76,3,4,0.0083381405199097,-0.0001234318171402,-7.70907694257795e-05,0.9999999894107998,-0.741873927220529,-0.6705393919154853,-0.089993316965023,0.0616940547234519,0.1091098230526811,0.0,0.0,0.0,0.0,1.0,-0.7418370419245388,-0.6705801989536003,5.797263322291546,22,2,False
94,93,SUCCESS,0.052,74.30000000000001,75,3,4,0.0,0.0,0.0,1.0,-0.6609475048676114,-0.7504321393765587,0.0400964994999999,0.065815341732341,0.0770674281360052,0.0,0.0,0.0,0.0,1.0,-0.6609475048676114,-0.7504321393765587,5.75082,23,2,True
94,111,SUCCESS,0.052,74.89999999999999,75,3,4,3.0274819686639813,0.0350058907815127,0.0395475143134033,0.9986043168954478,-0.9999447550586325,0.0105112716039184,-0.0813293472529334,0.1246067835730599,0.1487995740484886,3.1364139211171747,2.876633009255797,0.0322205944091623,0.0384763625820425,0.9987399074926242,-0.9999567023379112,0.0093055601384318,5.799009953480717,23,2,False
94,41,SUCCESS,0.052,57.1,75,3,4,7.011205015096717,-0.0790613867068175,-0.0929988301755841,0.9925222993555196,-0.966308529836863,-0.2573865287160932,-0.0220665603348821,0.1668195254051965,0.1682726571414025,6.904561363469289,6.2040134902228425,-0.0691781092657365,-0.0830258799214018,0.9941433963275594,-0.9671621437963164,-0.2541601613300428,4.449465704005025,23,2,False
41,111,NEIGHBOR_KNOCKED,0.054,74.89999999999999,74,3,4,2.461029052883369,0.0275109884981983,0.0329693269338091,0.9990776591403612,0.639296441735424,0.768960375822074,-0.0391582452284066,0.0480007457451154,0.0619470722589473,30.19366692045657,0.0093456096825993,-4.4388316970352224e-05,-0.000156955696797,0.9999999866972932,0.6638437066274615,0.7478713346365892,7.563194349110671,24,2,True
41,93,NEIGHBOR_KNOCKED,0.054,74.30000000000001,74,3,4,0.0,0.0,0.0,1.0,0.99510577153685,-0.0988155020938019,0.0758793030139305,0.1147419561947341,0.1375622954783547,0.0,0.0,0.0,0.0,1.0,0.9951057715593302,-0.0988155018674201,5.7508200140291565,24,2,False
41,115,NEIGHBOR_KNOCKED,0.054,84.6,74,3,4,0.0,0.0,0.0,1.0,-0.4622064385787697,0.8867723541790925,-0.0336156076860694,0.1534623608258184,0.1571009397500136,0.0,0.0,0.0,0.0,1.0,-0.4622064406656345,0.8867723530913699,6.548040014029199,24,2,False
110,81,SUCCESS,0.09,56.1,73,3,4,20.859055461443187,-0.2305998949905272,0.2713111756062507,0.934459166802655,0.7343851150326489,-0.6787330129133864,0.1785061123108009,0.0361144303134738,0.1821227174439889,0.0,0.0,0.0,0.0,1.0,-0.4071349755044424,0.9133680045419792,11.583265152582705,25,2,False
110,84,SUCCESS,0.09,60.400000000000006,73,3,4,1.2074182697257331e-06,1.6151514419038894e-08,0.0,0.9999999999999998,-0.582582233638928,0.8127717644260763,-0.1881960272231738,0.2362669292966878,0.3020592765366952,0.0,0.0,0.0,0.0,1.0,-0.5825822443020101,0.8127717567829439,4.674960000000079,25,2,False
110,85,SUCCESS,0.09,60.0,73,3,4,28.56587552970484,0.4617587165944194,-0.1241947923900855,0.8782679210766257,0.1040060374726505,0.9945766658077384,-0.175780232307702,0.2089957399648697,0.273089562952547,28.456730658421275,0.0,1.6614332364238255e-08,-1.2611423427622259e-10,1.0,-0.3233766920109298,0.94627031817767,18.544928671029005,25,2,False
114,115,SUCCESS,0.078,84.6,72,2,3,0.0,0.0,0.0,1.0,0.9978786798109126,0.0651010013658029,0.0342674568,0.1160090283030142,0.1209642643235985,1.7075988647941012,0.0157902737235155,-0.0002633780986831,-8.11361357432313e-05,0.9999999620244516,0.9979048145979704,0.064699157662135,6.551169465933562,26,2,False
114,111,SUCCESS,0.078,74.89999999999999,72,2,3,3.306651113363206e-06,1.5296438400114453e-08,5.408772735842528e-08,0.9999999999999984,0.910082219658716,-0.4144277421470047,0.0283612619007488,0.2353600164919708,0.2370626468672441,0.0,0.0,0.0,0.0,1.0,0.910082218814135,-0.4144277440017029,5.797259966490167,26,2,False
83,27,SUCCESS,0.052,81.4,71,3,4,0.0062602709143375,-1.1629153436349877e-05,-0.0001086417114794,0.9999999940308706,-0.1421739882298705,-0.9898416828315588,-0.0350480009375857,0.1015495025621823,0.1074274817742075,0.0,0.0,0.0,0.0,1.0,-0.1421771120335505,-0.9898412341450518,6.300360370147648,27,2,False
83,26,SUCCESS,0.052,72.0,71,3,4,0.0047938086384833,-4.807234240831916e-05,-6.847876461782829e-05,0.9999999964998544,-0.997676437775134,0.0681302099535847,-0.0074912792559648,0.1169996332023668,0.1172392145759226,0.0,0.0,0.0,0.0,1.0,-0.9976744151619428,0.0681598219721541,5.572800907560394,27,2,False
83,84,SUCCESS,0.052,60.400000000000006,71,3,4,0.0,0.0,0.0,1.0,0.913083914010828,-0.4077717081587035,-0.0875862332999999,0.0968558046323033,0.1305848197711086,0.0,0.0,0.0,0.0,1.0,0.9130839136674768,-0.4077717089275366,4.674960000000052,27,2,False
6,5,NEIGHBOR_KNOCKED,0.096,48.0,70,3,4,15.336676186222668,0.1951796191070019,0.1784939861251554,0.9643883103824924,-0.4704952283863842,0.8824025385648229,0.0413221085789847,0.0532606562274197,0.0674107866679272,0.0012590787857483,0.0,-2.712734171785561e-18,1.249960523668438e-15,1.0,-0.4030751516851921,0.9151668821007234,7.727026950250741,28,2,False
6,59,NEIGHBOR_KNOCKED,0.096,56.3,70,3,4,0.0,-1.0665674154540376e-10,-2.0938521924976827e-10,1.0,-0.3663125272083202,0.9304918765955206,-0.1550857495025137,0.0593169727335424,0.1660424432277129,0.0,0.0,0.0,0.0,1.0,-0.3663125266993232,0.9304918767959008,4.357619607967919,28,2,False
6,60,NEIGHBOR_KNOCKED,0.096,90.9,70,3,4,0.651139005745442,-0.0111322704363786,0.0022845785739448,0.9999354245428408,-0.9950782841037104,0.0990919194748747,-0.1267872236843734,0.0950928025931212,0.1584854605148549,0.0,0.0,0.0,0.0,1.0,-0.9953001708072916,0.0968378541221135,7.056617139834165,28,2,False
10,92,SUCCESS,0.072,81.4,69,2,3,0.0038303779886128,6.68527078190668e-05,0.0,0.9999999977653578,0.9973900301830514,-0.0722019922955848,0.0622005105707658,0.174091786461389,0.1848698288758385,0.0,0.0,0.0,0.0,1.0,0.9973900618711316,-0.0722015545587522,6.300360615710951,29,2,False
10,91,SUCCESS,0.072,54.6,69,2,3,0.0,2.280434553401768e-10,-5.985847307228183e-11,1.0,0.9297469292607344,-0.3681991954502819,0.1521216849870529,0.1695697510724091,0.2278045379751223,0.0,0.0,0.0,0.0,1.0,0.9297469292681744,-0.3681991954314952,4.226039999999987,29,2,False
103,102,SUCCESS,0.06,53.400000000000006,68,3,4,13.7954214222616,0.2325822422528792,-0.052599373227811,0.9711533383172116,-0.9663585024178524,0.2571988429303776,0.050544338312916,0.0684743565984853,0.0851085638879369,13.784302573935966,13.977696893580864,0.2313795503656374,-0.0693332049629607,0.970389823917254,-0.9641515269115108,0.2653522812304469,4.178918043671196,30,2,False
103,101,SUCCESS,0.06,77.89999999999999,68,3,4,4.841157161036311,-0.0734272077656119,0.0416020433119039,0.9964324940265749,-0.9704557244050528,0.2412792717360194,0.137742248417759,0.0756459540123887,0.1571471837406705,0.0,0.0,0.0,0.0,1.0,-0.9645846018190084,0.2637736642154875,6.9627099859294574,30,2,False
103,24,SUCCESS,0.06,63.70000000000001,68,3,4,1.7990127040434818e-05,-1.361196475886416e-07,2.8336080155250584e-07,0.9999999999999508,0.9962383892146552,0.0866549009288528,-0.0372908507424642,0.1435572050296463,0.1483215381022616,0.0,0.0,0.0,0.0,1.0,0.9962384022985492,0.0866547505081763,4.930380122181214,30,2,False
33,32,SUCCESS,0.082,90.9,67,3,4,0.2811579873756447,0.0030594628178232,0.0038365928009147,0.999987960048993,-0.9998739679179748,0.0158760284695007,-0.1540372740535401,0.1063730527248376,0.1871969768555211,0.0,0.0,0.0,0.0,1.0,-0.999964589266026,0.0084154746763359,7.0395684084076855,31,2,False
33,116,SUCCESS,0.082,75.7,67,3,4,0.0044159339565868,-4.306606180619188e-05,6.391789985582743e-05,0.9999999970299082,0.5208297019510292,-0.8536606009214682,-0.0687133160969652,0.2982585133301733,0.3060713325075818,0.0,0.0,0.0,0.0,1.0,0.5208308155096908,-0.8536599215235012,5.85918078652803,31,2,False
33,11,SUCCESS,0.082,77.5,67,3,4,0.0164709247004457,-0.0002874718626304,0.0,0.9999999586799632,0.8043314008552437,-0.5941809468488883,0.2764250545683293,0.1554539197703973,0.3171383483041509,0.0,0.0,0.0,0.0,1.0,0.8041796596190061,-0.5943863012007087,5.998511575050919,31,2,False
99,100,SUCCESS,0.054,80.60000000000001,96,2,3,0.0359561173775358,0.0006275525932422,0.0,0.999999803088852,-0.3921473068898842,-0.9199024348804666,-0.13087125163621,0.0509130545306068,0.1404258652331,0.0,0.0,0.0,0.0,1.0,-0.393988789028062,-0.9191152452876632,6.238496310875419,1,3,False
99,98,SUCCESS,0.054,84.4,96,2,3,0.0532999486698775,0.000930259461191,0.0,0.9999995673085738,0.9958259558674688,0.0912724800837685,-0.0867913985744296,0.112537576065268,0.142117743062404,0.0,0.0,0.0,0.0,1.0,0.9958166494887402,0.0913739601911814,6.532691193571032,1,3,False
98,100,SUCCESS,0.082,80.60000000000001,95,3,4,0.0,0.0,0.0,1.0,-0.9178127930660984,-0.3970134467297137,-0.043374855,0.1438405347990092,0.1502380694016533,0.0,0.0,0.0,0.0,1.0,-0.9178127930660984,-0.3970134467297137,6.238440000000011,2,3,False
98,7,SUCCESS,0.082,81.3,95,3,4,0.0130764237841848,7.843102920067234e-05,-0.0002143267979545,0.9999999739562984,0.7534023748911047,-0.6575597778973737,-0.1629678317170363,0.1230670659286132,0.2042156137292884,0.0,0.0,0.0,0.0,1.0,0.7535253071973993,-0.6574189010159848,6.292625182905806,2,3,False
98,6,SUCCESS,0.082,49.8,95,3,4,0.0,1.5264251514619266e-13,-1.1546036402083802e-13,1.0,0.308164793101303,-0.9513329912774134,-0.2164813609999837,0.1042472875526595,0.2402741696947304,0.0,0.0,0.0,0.0,1.0,0.3081647948373804,-0.9513329907150468,3.854520000000005,2,3,False
100,8,SUCCESS,0.078,81.4,94,3,4,0.0264838077423098,-0.000303362367223,0.00034875134737,0.9999998931718802,0.5113330375887429,-0.8593826415923637,-0.1341923296957202,0.1005155175887276,0.1676632059376615,0.0,0.0,0.0,0.0,1.0,0.5114601237484344,-0.8593070125486212,6.300388569508807,3,3,False
100,6,SUCCESS,0.078,49.8,94,3,4,0.0,0.0,0.0,1.0,0.9686936115886132,-0.2482593137576295,-0.168338666,0.1694488587891184,0.2388531394300567,0.0,0.0,0.0,0.0,1.0,0.9686936115886132,-0.2482593137576295,3.85452,3,3,False
100,7,SUCCESS,0.078,81.3,94,3,4,0.0,0.0,0.0,1.0,0.9944511415274812,-0.1051994634714905,-0.119725945,0.2259751933662896,0.255732457703505,0.0,0.0,0.0,0.0,1.0,0.9944511415274812,-0.1051994634714905,6.292619999999999,3,3,False
8,6,SUCCESS,0.076,49.8,93,3,4,0.0,0.0,0.0,1.0,0.9304561477437936,0.3664032711723241,-0.0293003959999999,0.1211151651512656,0.1246089741365972,0.0,0.0,0.0,0.0,1.0,0.9304561477437936,0.3664032711723241,3.85452,4,3,False
8,7,SUCCESS,0.076,81.3,93,3,4,0.0,0.0,0.0,1.0,0.9403765839068544,0.3401350914558433,0.014436125,0.1842555577895616,0.1848202161057013,0.0,0.0,0.0,0.0,1.0,0.9403765839068544,0.3401350914558433,6.292619999999989,4,3,False
8,59,SUCCESS,0.076,77.5,93,3,4,0.0145958952574532,0.0002547034457328,4.679401280002772e-06,0.9999999675521284,-0.6515314705742894,0.7586216071608454,-0.2838661933668226,0.093454102216855,0.2988539525549708,0.0,0.0,0.0,7.859385085070697e-17,1.0,-0.6520536103917597,0.7581728623309273,5.998509089817982,4,3,False
19,17,SUCCESS,0.084,87.9,92,3,4,0.2134345487868651,0.003725126998438,0.0,0.9999930616903526,-0.8229893744093756,0.5680567661856202,-0.1333268115513592,0.0754541387219169,0.1531971466076243,0.0,0.0,0.0,0.0,1.0,-0.8258768503491197,0.5638505369842417,6.805661785728144,5,3,False
19,18,SUCCESS,0.084,81.69999999999999,92,3,4,0.0071340012456155,-4.578852425401852e-06,0.000124427588432,0.9999999922484044,-0.9623314835067358,0.2718788624584942,-0.0697308713268584,0.1764225529273137,0.1897032197865753,0.0,0.0,0.0,0.0,1.0,-0.9623527134040788,0.2718037067514111,6.32358183471444,5,3,False
19,62,SUCCESS,0.084,83.3,92,3,4,0.1015777758358107,-0.0017728657064981,0.0,0.9999984284723584,-0.9991978092615172,-0.0400466973292984,-0.1253071776057573,0.138076924717116,0.186459448403284,0.0,0.0,0.0,0.0,1.0,-0.9991942375676688,-0.0401357149128439,6.447891954373259,5,3,False
61,18,NEIGHBOR_KNOCKED,0.082,81.69999999999999,91,3,4,11.96073763044098,0.2030854804251538,-0.0412948968135608,0.9782898441349792,0.9824445956383572,-0.1865545938887187,0.0474746749185655,0.0653836467046009,0.080801398595665,52.2793576035664,0.0802187543141397,-0.0006758036176517,0.0012261794619727,0.9999990198862184,0.9684452680254148,-0.2492263285433196,13.355824829624662,6,3,True
61,63,NEIGHBOR_KNOCKED,0.082,83.4,91,3,4,5.627608901354587,0.0731965387994866,0.0652572736671465,0.9951802625360424,0.9983706591375928,0.0570616068225219,-0.0569019623258604,0.1004694617880941,0.1154640466488289,5.598989184269171,2.868774113454687,0.0022266852378359,0.0499990783760159,0.9987467817391956,0.9991007650985324,0.0423988346482241,7.42998058005766,6,3,False
61,62,NEIGHBOR_KNOCKED,0.082,83.3,91,3,4,1.9961574055329268,0.0016227690338948,-0.0347946503817931,0.9993931653385826,0.8159392947109781,-0.578137585135711,-0.0196678117180547,0.1168208325084667,0.1184648881557235,2.015382504227878,3.4552470821675847,0.0014123023454876,-0.0602523423443795,0.9981821780837908,0.8084747657460003,-0.5885308429912146,6.576521774458017,6,3,False
37,36,SUCCESS,0.078,51.8,90,3,4,10.480870787611243,-0.1521964917219265,-0.0996316778671995,0.9833156953252112,-0.8255552834749694,-0.5643212506423649,-0.053292909342707,0.0370754486980817,0.0649208986565504,10.480395236522517,0.0,1.1059087927016369e-13,-7.268807486107664e-13,1.0,-0.8247610568008171,-0.5654813871249869,7.005089841809539,7,3,False
37,50,SUCCESS,0.078,56.6,90,3,4,0.0,-8.233522641683491e-10,0.0,1.0,-0.6972584146922212,0.716819854036487,-0.0865664838585243,0.0714489827696556,0.1122439898900903,0.0,0.0,0.0,0.0,1.0,-0.6972584136529558,0.7168198550473915,4.3808399609352735,7,3,False
37,51,SUCCESS,0.078,77.3,90,3,4,0.0237809310823182,0.0003427927363644,0.0002340175988255,0.999999913864448,-0.9522609964103772,0.3052851039856282,-0.0655848357726488,0.1520325828889686,0.1655755928366751,0.0,0.0,0.0,0.0,1.0,-0.9523330161667308,0.3050603650407191,5.983043834094797,7,3,False
86,51,NEIGHBOR_KNOCKED,0.072,77.3,89,3,4,0.0,0.0,0.0,1.0,0.7553253842799668,0.6553499552623168,-0.0746812952483321,0.0659770254459028,0.0996507087112674,1.9390745562019316,0.0011543120735375,4.3850684045134685e-07,2.0141775921321253e-05,0.9999999997970584,0.7568191300236763,0.6536243603402536,6.0684834404395,8,3,False
86,50,NEIGHBOR_KNOCKED,0.072,56.6,89,3,4,0.0,0.0,0.0,1.0,0.9490944550256478,0.3149916116971506,-0.0924973592483321,0.152595964112615,0.1784412781039564,0.0,0.0,0.0,0.0,1.0,0.9490944550046472,0.314991611760428,4.380839983290086,8,3,False
86,49,NEIGHBOR_KNOCKED,0.072,50.6,89,3,4,0.0,4.607991646616466e-13,-6.321242459324639e-14,1.0,0.9558616535365144,0.2938171187974592,-0.1708996412482943,0.0897065374276908,0.1930128240197044,0.0,0.0,0.0,0.0,1.0,0.9558616535684034,0.2938171186937164,3.916440283290052,8,3,False
63,62,APPROACH_BLOCKED,0.086,83.3,88,3,4,3.941196602689309,0.003479985797823,-0.0686444706240826,0.997635116839612,0.0526126644213479,-0.9986149946513356,0.0465077075897183,0.0651753491833378,0.0800674278743907,5.961694449329217,0.069410500371274,-0.0012111606881731,-2.608110580808912e-05,0.9999992662045124,0.0425986180970649,-0.9990922668784,7.220403391332343,9,3,True
63,17,APPROACH_BLOCKED,0.086,87.9,88,3,4,0.0,0.0,0.0,1.0,0.9769995268181536,-0.2132414701625929,0.046660628575158,0.0801415541494851,0.0927355539182448,51.548144747749554,0.3809637775565977,0.0061745824741984,0.0024665849945706,0.9999778950005516,0.984342419724725,-0.1762668452388964,6.931610205636595,9,3,True
63,18,APPROACH_BLOCKED,0.086,81.69999999999999,88,3,4,13.568548509478662,0.1967675525091587,-0.127764220266319,0.9720899311788468,-0.9805788469665188,-0.1961252785385211,0.0949061890095228,0.0433376346629791,0.1043328102300188,0.0,0.0,0.0,0.0,1.0,-0.8985883794704839,-0.4387925754620395,12.01483046232815,9,3,False
36,50,SUCCESS,0.048,56.6,88,3,4,0.0,0.0,0.0,1.0,-0.4620451008498995,0.8868564285049786,-0.0374826862,0.0709285622544512,0.0802235171770175,0.0,0.0,0.0,0.0,1.0,-0.4620451008498995,0.8868564285049786,4.38083999999999,10,3,False
36,51,SUCCESS,0.048,77.3,88,3,4,0.0,2.6075442838744933e-10,1.1977120741363991e-08,1.0,-0.9109239549218736,0.412574294339204,-0.0229529999402051,0.1402647578781573,0.142130371521618,0.0,0.0,0.0,0.0,1.0,-0.910923957092648,0.4125742895463454,5.983020000000046,10,3,False
36,49,SUCCESS,0.048,50.6,88,3,4,0.0,0.0,0.0,1.0,-0.9124396985635774,0.4092111881232085,-0.114956169,0.1006676266328586,0.1528034418560302,0.0,0.0,0.0,0.0,1.0,-0.9124396985635774,0.4092111881232086,3.91644020000001,10,3,False
49,51,APPROACH_BLOCKED,0.052,77.3,87,2,3,0.0,0.0,0.0,1.0,-0.9070149193577404,0.4210984873666396,0.0878700086,0.0395995571114014,0.0963808245180711,0.0,0.0,0.0,0.0,1.0,-0.9070149193577404,0.4210984873666396,5.983020000000005,11,3,False
49,50,APPROACH_BLOCKED,0.052,56.6,87,2,3,0.0,0.0,0.0,1.0,0.9386392709927472,0.3449004478834497,0.0765446829999999,0.0629431838468822,0.0991006200200226,0.0,0.0,0.0,0.0,1.0,0.9386392709927472,0.3449004478834497,4.380839999999983,11,3,False
90,92,SUCCESS,0.088,78.7,87,3,4,0.0195831940807074,0.0001821796158976,-0.000289191662021,0.9999999415893832,0.2733341882536035,-0.9619191346115036,0.0353589460629813,0.1165437556823047,0.1217895810618525,0.0,0.0,0.0,0.0,1.0,0.2733266803963782,-0.9619212679754492,6.0913965661583385,12,3,False
90,91,SUCCESS,0.088,94.2,87,3,4,0.4291754003681558,0.0068361207787109,0.0030617560667912,0.999971946157734,0.0990850390598291,-0.9950789692454124,-0.0215540581553092,0.1689826435024508,0.1703517279866536,0.0,0.0,0.0,0.0,1.0,0.0959387426840744,-0.9953872400489164,7.300546107651462,12,3,False
90,95,SUCCESS,0.088,80.60000000000001,87,3,4,0.0194086426376898,0.0003344516569776,5.375935318299778e-05,0.9999999426260088,-0.7980548269134388,-0.6025848431882114,0.15584106600302,0.1087365011634988,0.1900264837811752,0.0,0.0,0.0,0.0,1.0,-0.7979581372212646,-0.6027128762871833,6.238456587044406,12,3,False
91,92,APPROACH_BLOCKED,0.094,78.7,86,3,4,0.0,0.0,1.5479093877839391e-16,1.0,0.2675131850390357,0.96355419973672,0.058871583,0.058406666190005,0.082928896895814,1.876271664684659,0.0034250573589881,-3.603546387020689e-05,4.7696096137921285e-05,0.9999999982132638,0.2701358492993061,0.9628222177138116,6.092782361447369,13,3,True
91,60,APPROACH_BLOCKED,0.094,65.5,86,3,4,5.743174828984364e-05,-3.7252459778271763e-07,9.305166095742476e-07,0.9999999999994976,-0.6655767507975269,-0.7463294103797645,0.2377983264495723,0.1109684187799899,0.2624157655872615,0.0,0.0,0.0,0.0,1.0,-0.6655779612783539,-0.7463283308709043,5.069700402360367,13,3,False
91,95,APPROACH_BLOCKED,0.094,80.60000000000001,86,3,4,0.0,0.0,0.0,1.0,-0.7074714329425145,0.7067419412842748,0.179130345,0.1455465580733446,0.2308061547420616,0.0,0.0,0.0,0.0,1.0,-0.7074714326494611,0.7067419415776306,6.2384400022418856,13,3,False
65,64,SUCCESS,0.086,84.6,86,3,4,0.0092496828225515,0.0001614374191989,0.0,0.9999999869689796,-0.8330325830452762,0.5532239289699199,0.0223544623146193,0.1137681263129589,0.1159435576051429,0.0,0.0,0.0,0.0,1.0,-0.8330437986727569,0.5532070403500514,6.548043957628012,14,3,False
65,49,SUCCESS,0.086,50.6,86,3,4,0.0,0.0,0.0,1.0,0.0436969572873887,-0.999044831788756,0.147158329723687,0.1973979886533238,0.2462144186099651,0.0,0.0,0.0,0.0,1.0,0.0436969578372428,-0.9990448317647064,3.91644,14,3,False
65,50,SUCCESS,0.086,56.6,86,3,4,0.0,0.0,0.0,1.0,0.3599352788549238,-0.9329772746619438,0.214941332723687,0.1881078061983768,0.2856296960503246,0.0,0.0,0.0,0.0,1.0,0.359935278749227,-0.9329772747027208,4.380840199999992,14,3,False
57,58,SUCCESS,0.078,74.89999999999999,85,3,4,0.0058813518698547,5.071736068389066e-05,-8.924436861281088e-05,0.999999994731596,0.9998308993955576,-0.0183894701900389,-0.0861865212974784,0.1107343987243428,0.1403218568655733,0.0,0.0,0.0,0.0,1.0,0.9998327836720318,-0.0182867354832991,5.797261404377175,15,3,False
57,92,SUCCESS,0.078,78.7,85,3,4,7.531560810158794,0.0354000685472788,0.1262013587703723,0.9913728119084968,-0.9469409090291891,-0.3214077080702521,0.1434684727799391,0.1783479726513932,0.2288912449847531,7.528134286847705,7.639763766207505,0.0359175121028738,0.1280004350934159,0.9911235144724576,-0.9466616106916,-0.3222294133731211,6.102405537339482,15,3,False
57,91,SUCCESS,0.078,94.2,85,3,4,4.110602045640093,-0.0193557924228487,-0.0690193007728356,0.9974275359245466,-0.8827173884890637,-0.4699042583963749,0.1193542513405145,0.2036821438740441,0.236075947623178,4.113009326395261,4.273836611245384,-0.0201354695569418,-0.0717516209762858,0.9972192676402702,-0.8829700415912555,-0.4694293404255178,7.293254698366072,15,3,False
52,53,SUCCESS,0.058,81.4,84,3,4,17.032944592326878,-0.2827080594955548,-0.0766757593146561,0.956136486611498,-0.9405548997190668,0.3396416944582285,0.1611751662286608,0.0383507704138555,0.1656750307082291,16.35755121243408,0.0160981371598066,-0.0001861753783971,-0.0002104289355176,0.999999960529195,-0.9959574632958644,0.0898261170554907,15.815392796517044,16,3,False
52,85,SUCCESS,0.058,78.10000000000001,84,3,4,0.0064613704652372,0.0001127721884863,0.0,0.9999999936412168,0.942253697802114,-0.3348999387552089,0.0161592314510371,0.1332019311971467,0.134178520023652,0.0,0.0,0.0,0.0,1.0,0.9422510073404236,-0.3349075083750096,6.044942000245727,16,3,False
52,40,SUCCESS,0.058,85.3,84,3,4,0.3799130032924351,0.0020608839179465,-0.0063022797706203,0.9999780167719536,0.9858627517846076,-0.1675548705459845,-0.0022100466984148,0.222711360470378,0.2227223257533376,0.0,0.0,0.0,0.0,1.0,0.98608886357317,-0.1662189915051042,6.608944111911536,16,3,False
22,20,NEIGHBOR_KNOCKED,0.048,73.3,83,3,4,0.4014544363094519,-0.0018964338100065,0.0067451170682682,0.9999754531659965,0.9813414582721228,0.1922730929598411,0.0259736475605708,0.079828152080393,0.083947389668596,5.610183611113754,0.001377750487253,-2.298277412856253e-05,-7.072176719380957e-06,0.9999999997108882,0.9817650617968224,0.190098299400814,5.684704476898379,17,3,True
22,45,NEIGHBOR_KNOCKED,0.048,86.8,83,3,4,0.0223853293763597,-0.0003009343450985,0.0002491650180206,0.999999923677654,0.4444319785650785,-0.8958126011776846,-0.0324514499675299,0.1433750316679223,0.1470016881221873,0.0,0.0,0.0,-5.613846489336221e-16,1.0,0.444513244817821,-0.8957722786409121,6.718341236381587,17,3,False
22,46,NEIGHBOR_KNOCKED,0.048,90.9,83,3,4,0.4217765703207884,0.0073613233743425,0.0,0.999972905092022,-0.2833799565911556,-0.9590077164456992,-0.030484937351543,0.1604013382400639,0.1632725350894353,0.0,0.0,0.0,0.0,1.0,-0.2868394014926165,-0.957978683349143,7.044438883684139,17,3,False
46,45,NEIGHBOR_KNOCKED,0.09,86.8,82,2,3,0.0,0.0,7.017308111670276e-17,1.0,0.9743344042437804,0.2251054612996261,-0.0016176169999999,0.1126963550930167,0.112707963942261,23.450832804820752,0.044810255795966,-6.02229189485321e-05,-0.0007797643057155,0.999999694170367,0.9759432101598292,0.2180248851460023,9.387620930861232,18,3,False
46,20,NEIGHBOR_KNOCKED,0.09,73.3,82,2,3,0.0,5.6692567135026805e-09,1.7445229604562346e-09,1.0,0.5914893383814007,0.8063128193084448,0.0589151512970639,0.2094700256842226,0.2175975337923314,0.0,0.0,0.0,0.0,1.0,0.5914893383598941,0.8063128193242215,5.67342003207264,18,3,False
71,72,SUCCESS,0.088,57.5,81,3,4,0.0,-2.658383219494197e-09,1.7608121238556295e-10,1.0,-0.4625792659094483,0.8865779281883097,-0.0566828318996365,0.0463953427260328,0.0732493771907209,0.0,0.0,0.0,0.0,1.0,-0.4625792620207045,0.8865779302172937,4.450499999999997,19,3,False
71,9,SUCCESS,0.088,80.60000000000001,81,3,4,0.0421976550330388,0.0002967335682174,-0.0006740650492877,0.9999997287927128,0.6379435294097692,-0.7700831469940159,0.0422877620843093,0.1141543757005056,0.1217352714445215,0.0,0.0,0.0,0.0,1.0,0.6379485837758613,-0.7700789598855255,6.2385176169016,19,3,False
71,20,SUCCESS,0.088,73.3,81,3,4,0.0,0.0,0.0,1.0,-0.879742723296314,-0.4754500402851861,0.0916856802360677,0.1671698863174782,0.1906620960016674,0.0,0.0,0.0,0.0,1.0,-0.8797427237019841,-0.4754500395345598,5.673420200000037,19,3,False
15,108,NEIGHBOR_KNOCKED,0.078,83.3,80,2,3,12.474995170488258,0.1432137059521446,0.1617147980887756,0.976390371985795,0.9582655419147372,0.2858796095891675,0.0643294372530432,0.0802266232487728,0.1028328137084353,22.52836259280049,0.1248586103804492,-0.000527371816662,-0.0021144165361574,0.9999976255580204,0.965217613989369,0.2614478105562742,13.543799532762495,20,3,False
15,106,NEIGHBOR_KNOCKED,0.078,86.8,80,2,3,0.0125181203855468,-2.0488633567769927e-10,-0.0002184824154087,0.9999999761327169,0.9824199104928522,0.1866845453357524,0.1181708516429815,0.1389532070305876,0.1824070829823033,0.0,0.0,0.0,1.4034616223340552e-16,1.0,0.9824397258241124,0.1865802377601737,6.718321254897288,20,3,False
12,13,SUCCESS,0.058,56.8,79,3,4,0.0,-6.899147831228601e-10,-8.58798970800965e-10,1.0,0.966665548635796,0.2560424126598079,-0.0313003364138513,0.1283836053164673,0.1321440924660453,0.0,0.0,0.0,0.0,1.0,0.9666655485528328,0.2560424129730291,4.396320000000006,21,3,False
12,88,SUCCESS,0.058,76.39999999999999,79,3,4,0.0005766620049464,1.0064655137565088e-05,0.0,0.9999999999493514,0.8544610461829601,0.5195154670997982,-0.1404442457065584,0.1297476454014985,0.1912041778814395,0.0,0.0,0.0,0.0,1.0,0.8544571946553269,0.5195218017578749,5.913359805739722,21,3,False
12,89,SUCCESS,0.058,82.0,79,3,4,0.2420810948901822,-0.0039813561352475,-0.0014143089780358,0.9999910742268848,0.6529674999331181,0.7573859280651397,0.0001013295570796,0.1756353551240351,0.1756353843541359,0.0,0.0,0.0,0.0,1.0,0.653386645805046,0.7570243662416893,6.349439002954151,21,3,False
13,89,SUCCESS,0.062,82.0,78,2,3,0.0,0.0,0.0,1.0,-0.0917628562633141,0.9957808886549282,0.0281458697,0.100641854188797,0.1045034582955437,0.0,0.0,0.0,0.0,1.0,-0.0917628562633141,0.9957808886549282,6.3468,22,3,False
13,88,SUCCESS,0.062,76.39999999999999,78,2,3,0.0,0.0,0.0,1.0,-0.3580165796024613,0.9337152289267612,-0.1121791049999999,0.0369858597462254,0.1181190307265026,0.0,0.0,0.0,0.0,1.0,-0.3580165796024613,0.9337152289267612,5.913360299999989,22,3,False
88,89,SUCCESS,0.074,82.0,77,1,2,14.135728622766573,-0.1456986514718245,0.195997943228313,0.9697199127632488,0.3835235289536249,0.9235311054528472,0.1489204466274449,0.0498153586795674,0.1570314280139221,0.0,0.0,0.0,0.0,1.0,0.0608823673346951,0.9981449480650209,12.415942920792684,23,3,False
114,119,SUCCESS,0.088,72.4,96,3,4,0.0002874073989321,5.0162149104181645e-06,0.0,0.9999999999874188,-0.9681884726390032,-0.2502220642728258,-0.0682764298453556,0.0891146439565707,0.1122634875635624,0.0,0.0,0.0,0.0,1.0,-0.9681888586049492,-0.2502205708434978,5.603760003285052,1,4,False
114,115,SUCCESS,0.088,83.4,96,3,4,0.0558095117294982,0.0003552483407225,-0.0009069678500012,0.9999995256038552,-0.9717535956655452,-0.2359977739536625,0.0382143511794205,0.1266574518789059,0.1322968130852797,0.0,22.94780953593529,0.3337509870250571,-0.2015599832077588,0.9208603867194464,-0.9609373978789356,-0.2767658168156978,21.1203091794008,1,4,False
114,26,SUCCESS,0.088,51.4,96,3,4,0.0,-5.071902787389027e-13,1.6113956566101866e-12,1.0,-0.936129099299172,0.3516565219718258,-0.1077737730459797,0.1054767149617703,0.1507996139109544,0.0,0.0,0.0,0.0,1.0,-0.9361290992997796,0.351656521970208,3.978359999999945,1,4,False
115,119,SUCCESS,0.086,72.4,95,3,4,0.0,0.0,0.0,1.0,0.9874082717727204,0.1581926194068792,-0.1053079506581193,0.0395575172015936,0.112492495922916,0.0,0.0,0.0,0.0,1.0,0.9874082717727204,0.1581926194068792,5.603759999999999,2,4,False
115,26,SUCCESS,0.086,51.4,95,3,4,0.0,0.0,0.0,1.0,0.375535017156766,0.9268082060971772,-0.1415549266581194,0.070832057518996,0.1582876420746734,0.0,0.0,0.0,0.0,1.0,0.3755350166716899,0.926808206293726,3.978359999999959,2,4,False
115,117,SUCCESS,0.086,84.6,95,3,4,0.1836589484701031,0.0031646362524016,-0.0005098758547844,0.9999948625388044,-0.5581576336625647,-0.8297349311582621,-0.0556552735625909,0.2346266780768661,0.2411372794503417,0.0,0.0,0.0,0.0,1.0,-0.5592230405869296,-0.8290172440164978,6.549599128692954,2,4,False
117,116,SUCCESS,0.084,64.5,94,3,4,4.309654522880066e-05,5.848028442635624e-07,-4.731947293585971e-07,0.9999999999997172,-0.9910777736255448,-0.1332848326908721,-0.0133225589222504,0.1415683495862313,0.1421938401647773,0.0,0.0,0.0,0.0,1.0,-0.991077799403114,-0.1332846410141874,4.992300000065492,3,4,False
117,119,SUCCESS,0.084,72.4,94,3,4,0.0,0.0,0.0,1.0,0.6467566004234474,0.762696466366998,-0.0480798399999999,0.2633851156501074,0.2677375396922256,0.0,0.0,0.0,0.0,1.0,0.6467566006107317,0.7626964662081834,5.603760000000042,3,4,False
117,99,SUCCESS,0.084,55.0,94,3,4,0.0,-1.1218358376799902e-10,1.201177509021542e-12,1.0,-0.972884073083257,0.2312932777685761,-0.2882778599971844,0.025732073356403,0.2894240214007392,0.0,0.0,0.0,0.0,1.0,-0.9728840723009298,0.231293281059263,4.256999800000061,3,4,False
25,24,NEIGHBOR_KNOCKED,0.076,53.8,93,3,4,0.0,-1.7702461435386326e-12,2.252999376849501e-12,1.0,0.8717041613605289,0.490032504092062,0.0046096124798519,0.0687559670107555,0.0689103150972226,41.903300347180654,0.0,6.569021600178974e-11,-9.769299659747052e-12,1.0,0.873215925657177,0.4873335071372369,4.171969214822568,4,4,False
25,51,NEIGHBOR_KNOCKED,0.076,72.9,93,3,4,0.0019155668969665,3.0323378909882204e-05,1.4080295114855084e-05,0.999999999441119,0.3577206125470871,-0.9338286584587864,-0.0217095780685355,0.3196824324740521,0.3204187313695015,0.0,0.0,0.0,0.0,1.0,0.3577144513074098,-0.9338310186140952,5.642460194710995,4,4,False
25,50,NEIGHBOR_KNOCKED,0.076,82.8,93,3,4,0.0367554771475092,-0.0004911887662501,-0.000412627001873,0.9999997942362556,0.0300044179068862,-0.999549766097751,-0.0262177209704819,0.3096294713811101,0.3107374751146565,0.0,0.0,0.0,0.0,1.0,0.0301236650683344,-0.9995461794248682,6.408781632887845,4,4,False
26,119,NEIGHBOR_KNOCKED,0.046,72.4,92,2,3,0.0,0.0,0.0,1.0,0.2053214656099593,-0.9786945875807112,0.0217886559999999,0.060682899194129,0.0644760403940189,0.2300467284218781,3.305548712561364e-05,1.9507483466784638e-07,5.428251269504338e-07,0.9999999999998336,0.2055118689943403,-0.9786546232979504,5.603915190702804,5,4,True
26,28,NEIGHBOR_KNOCKED,0.046,54.6,92,2,3,0.0,-3.257191518618095e-11,-1.0327128046660832e-10,1.0,0.9994373675344846,0.0335402500846273,-0.0949257760007435,0.0206448340497766,0.097144799769654,0.0,0.0,0.0,0.0,1.0,0.9994373675818532,0.0335402486731301,4.226039525373163,5,4,False
49,50,APPROACH_BLOCKED,0.064,82.8,91,2,3,0.0,0.0,0.0,1.0,0.9805596129276654,-0.196221419562562,0.1036464022000001,0.030042833418013,0.107912689377972,0.0,0.0,0.0,0.0,1.0,0.9805596129276658,-0.1962214195625596,6.408720000000007,6,4,False
49,51,APPROACH_BLOCKED,0.064,72.9,91,2,3,0.0,0.0,0.0,1.0,0.9992998611671644,0.0374137337255506,0.1098109263000001,0.1345817986510457,0.1736971504170828,0.0,0.0,0.0,8.35531336204362e-17,1.0,0.9992998611713246,0.0374137336144265,5.642460000000017,6,4,False
28,119,SUCCESS,0.05,72.4,91,3,4,0.0,-2.8021315863175823e-11,-7.79736813200199e-11,1.0,-0.1347233914838017,-0.9908832462944878,0.113958881604912,0.0606138884867972,0.1290762184685167,0.0,0.0,0.0,0.0,1.0,-0.1347233915043213,-0.9908832462916978,5.603759999999999,7,4,False
28,57,SUCCESS,0.05,56.7,91,3,4,0.0,3.26967857116432e-10,6.694213087841323e-10,1.0,-0.5364618983192274,-0.8439245414441572,-0.1014094410920842,0.1243799128425278,0.1604812682568396,0.0,0.0,0.0,0.0,1.0,-0.536461898415546,-0.8439245413829298,4.388580399999981,7,4,False
28,55,SUCCESS,0.05,58.5,91,3,4,0.0,-5.146472297335702e-09,-3.2100339078064745e-10,1.0,-0.8529014261663493,-0.5220719847333385,-0.1697294847244827,0.0604599687173454,0.1801763186496516,0.0,0.0,0.0,0.0,1.0,-0.8529014220706882,-0.5220719914243606,4.527900400000064,7,4,False
108,107,SUCCESS,0.066,53.0,90,3,4,9.496456204274116,-0.1084384700725705,0.1243449932299014,0.9862958079942225,0.8673354159717116,-0.4977240964642743,0.0418707909715787,0.0940125983086406,0.10291516786814,9.563303167042571,7.724636404582884,-0.0874647805352201,0.1020616176496618,0.9909254958717432,0.8688501183012451,-0.4950752184546427,4.228364045753121,8,4,False
108,106,SUCCESS,0.066,90.8,90,3,4,2.3831201414120176,0.0279819631259231,-0.0307573463013019,0.9991351236885436,0.8040221276041328,-0.5945993763223467,0.0279279829241874,0.1431093279285176,0.1458089570992321,2.33362008184456,1.9263116336982624,0.0218983613910583,-0.0255024047831266,0.9994348848817838,0.8042009623686476,-0.5943574783960757,7.041519761946987,8,4,False
108,46,SUCCESS,0.066,70.1,90,3,4,1.2074182697257331e-06,1.7762669320710916e-08,0.0,0.9999999999999998,0.7626961343604545,0.6467569919464495,-0.0504258374408051,0.2184307739375254,0.2241757526686435,0.0,0.0,0.0,0.0,1.0,0.7626961319336872,0.6467569948082446,5.425739685024258,8,4,False
46,45,NEIGHBOR_KNOCKED,0.068,48.4,89,3,4,0.0,1.0319502523889342e-14,-5.109412225242769e-14,1.0,0.8992775026744879,0.4373785239166828,-0.0318320640000006,0.0518277580183957,0.0608226668250704,55.67787363885781,0.0,-4.5053437848199774e-14,2.4791975575685352e-14,1.0,0.9090156513349854,0.4167619771860578,3.7786745583060446,9,4,False
46,17,NEIGHBOR_KNOCKED,0.068,57.9,89,3,4,0.0,3.1284253825582265e-10,9.497115333175912e-11,1.0,0.919580111036261,-0.392902557113768,-0.1311597779580426,0.1675821358051024,0.2128066248851356,0.0,0.0,0.0,0.0,1.0,0.9195801109950524,-0.3929025572102161,4.481459570155943,9,4,False
46,101,NEIGHBOR_KNOCKED,0.068,80.3,89,3,4,0.0458892901185337,0.0008009191183448,0.0,0.9999996792642316,0.3992185920430428,-0.9168557769721312,0.0603115546543761,0.2111960003562106,0.2196388722227655,0.0,0.0,0.0,0.0,1.0,0.3992649397674989,-0.9168355947891944,6.215311749529032,9,4,False
69,70,SUCCESS,0.08,51.1,88,3,4,1.8026848016439287,0.0277873881735623,-0.0147458914065764,0.9995050874033192,-0.9873042266781707,0.1588406874305803,-0.017991381262285,0.0688712565708095,0.0711824401195068,1.8032944765901688,2.04546344179126,0.0313334446048584,-0.017092952376715,0.999362820115018,-0.9874995003889744,0.1576221327464084,3.957608283188728,10,4,False
69,19,SUCCESS,0.08,73.3,88,3,4,0.0097019722725202,-4.893353626911808e-05,-0.00016210681153,0.9999999856634452,0.5219808766453542,0.8529571879154003,-0.0673354635802656,0.0799836301637915,0.1045535544577393,0.0,0.0,0.0,0.0,1.0,0.5219310160422828,0.8529876989107583,5.673423755633629,10,4,False
69,101,SUCCESS,0.08,80.3,88,3,4,0.0,0.0,0.0,1.0,-0.9675279608645152,0.2527640103839011,0.0441091001496446,0.0950173373366616,0.1047564179922181,0.0,0.0,0.0,0.0,1.0,-0.9675279609286837,0.2527640101382786,6.215220003352798,10,4,False
17,18,SUCCESS,0.062,91.1,87,3,4,0.4032333273563768,4.9686291371783404e-09,0.007037691119754,0.9999752351452024,0.9992571517182534,-0.0385375756882014,-0.0392406007600549,0.0951943344005376,0.1029649748699596,0.0,0.0,0.0,0.0,1.0,0.9989751896346613,-0.0452611366891379,7.059149658137213,11,4,True
17,19,SUCCESS,0.062,73.3,87,3,4,0.0,0.0,0.0,1.0,0.6074556750438822,-0.7943535754668583,0.0651579811,0.1052044001323774,0.1237478416306374,0.0,0.0,0.0,0.0,1.0,0.6074556751814814,-0.7943535753616338,5.67342000000002,11,4,False
17,45,SUCCESS,0.062,48.4,87,3,4,0.0,0.0,0.0,1.0,-0.7859858264028938,0.6182445152961407,0.1024138867,0.1394818816284908,0.1730427678108067,0.0,0.0,0.0,0.0,1.0,-0.785985826298379,0.6182445154290127,3.7461601999999874,11,4,False
60,5,SUCCESS,0.074,47.1,86,2,3,0.0,-4.6555593179081306e-15,3.620990580595213e-15,1.0,-0.7546174786433164,-0.6561649647200039,-0.0504245807094743,0.1228717854154986,0.1328160908584446,0.0,0.0,0.0,0.0,1.0,-0.7546174786433141,-0.6561649647200066,3.6455400000000022,12,4,False
60,84,SUCCESS,0.074,55.2,86,2,3,0.0,-1.802246663915362e-10,-1.2731165886414735e-10,1.0,-0.3768556183705768,0.9262720134509788,0.178777591584526,0.1199746188622096,0.2153028946017588,0.0,0.0,0.0,0.0,1.0,-0.3768556200698153,0.92627201275964,4.272480300000021,12,4,False
0,118,SUCCESS,0.058,74.89999999999999,85,2,3,1.467671615742698,-0.0179146856607189,0.0183053195469743,0.9996719358439352,-0.8841564191762566,0.467190995663893,0.1698269921157195,0.0821264340250505,0.1886424088500346,0.0,0.0,0.0,0.0,1.0,-0.8787666772810938,0.4772516389708325,5.8854397057824,13,4,False
0,62,SUCCESS,0.058,54.6,85,2,3,0.0,-9.605343163375739e-11,2.3952224559618296e-11,1.0,-0.9958100805935024,-0.0914455214232072,-0.1101681168839746,0.1714678000521984,0.2038092746478966,0.0,0.0,0.0,0.0,1.0,-0.9958100805910436,-0.0914455214499822,4.226039999999973,13,4,False
4,3,SUCCESS,0.082,76.39999999999999,84,3,4,0.0022459578292358,1.907701493320993e-05,3.4244084605284454e-05,0.9999999992317052,-0.6838282688511377,0.7296429940183461,-0.1177282703054861,0.0910337891429687,0.1488190054893799,0.0,0.0,0.0,0.0,1.0,-0.6838765218624077,0.7295977678456643,5.913360194694936,14,4,False
4,16,SUCCESS,0.082,55.9,84,3,4,0.0,6.962748051522411e-10,-5.0776961556921134e-11,1.0,0.9642060001843268,0.2651542743546515,-0.0957408130933991,0.0975684560755233,0.1366964041690435,0.0,0.0,0.0,0.0,1.0,0.9642060000116296,0.2651542749826471,4.326659999999975,14,4,False
4,5,SUCCESS,0.082,47.1,84,3,4,0.0,0.0,0.0,1.0,0.6851930818320286,-0.7283614766100187,0.1313292188424117,0.2514333579190199,0.2836654670491141,0.0,0.0,0.0,0.0,1.0,0.6851930812490661,-0.7283614771584305,3.6455399999999982,14,4,False
43,41,SUCCESS,0.078,61.5,83,3,4,0.0,3.8626002308335324e-14,2.059467579222358e-09,1.0,0.8941406892514814,0.4477861407244375,-0.0789614581190669,0.0394700664617656,0.0882768260348397,0.0,0.0,0.0,0.0,1.0,0.894140691632887,0.4477861359692399,4.760100000000004,15,4,False
43,42,SUCCESS,0.078,84.6,83,3,4,10.658780161917637,0.1820943434693245,-0.0324302909923825,0.9827461148753656,0.9991542661515024,0.0411187600889507,-0.1407093405542526,0.1033741396119395,0.1746004904337941,10.665382767585468,11.186957233158548,0.1899475978465353,-0.0394992989009474,0.9809993452896208,0.9996624224338292,0.0259815544902219,6.574291676107523,15,4,False
43,9,SUCCESS,0.078,59.1,83,3,4,0.0,1.6004391860278303e-09,6.675493727452854e-10,1.0,0.5634449212006435,0.8261536302487574,0.2749855609180114,0.0505616293141706,0.2795953094604718,0.0,0.0,0.0,0.0,1.0,0.5634449246549371,0.826153627892895,4.57434000000001,15,4,False
42,41,APPROACH_BLOCKED,0.086,61.5,82,3,4,0.0,0.0,0.0,1.0,-0.9785595667104192,0.205964012389341,0.0815044585587587,0.0399178318023015,0.0907546696360758,0.0,0.0,0.0,0.0,1.0,-0.9785595667104192,0.2059640123893409,4.760100000000045,16,4,False
42,34,APPROACH_BLOCKED,0.086,53.7,82,3,4,0.0,9.576858308465292e-12,9.388796541890587e-12,1.0,0.9912024480899666,0.1323544744255252,-0.1631847011383954,0.2651064696376994,0.3113048135339251,0.0,0.0,0.0,0.0,1.0,0.9912024481220948,0.1323544741849159,4.156380299999903,16,4,False
42,3,APPROACH_BLOCKED,0.086,76.39999999999999,82,3,4,0.0,0.0,0.0,1.0,0.6619228976297816,0.7495719295660648,0.1085874605587587,0.3084288901903291,0.3269856524293353,0.0,0.0,0.0,0.0,1.0,0.6619228970880501,0.7495719300444504,5.913360000000052,16,4,False
21,20,SUCCESS,0.056,78.10000000000001,82,2,3,0.0077632883275059,0.0001354949420216,0.0,0.9999999908205603,0.9579946951948032,-0.2867859201191995,-0.0928161290205687,0.1554677708078149,0.1810664562151535,0.0,0.0,0.0,0.0,1.0,0.9579848509709844,-0.286818802225553,6.044942585792431,17,4,False
21,82,SUCCESS,0.056,52.2,82,2,3,0.0,1.8016360522596938e-13,1.0505265141511674e-12,1.0,-0.990782629060816,0.1354613670067495,-0.1205761450000054,0.1522728557665456,0.1942308661010436,0.0,0.0,0.0,0.0,1.0,-0.9907826290609586,0.1354613670057078,4.040280000000035,17,4,False
35,36,GRASP_FAILED,0.078,90.9,81,3,4,23.09530988504703,0.3905508649710609,-0.0365972370800505,0.9198536101513451,0.988995515076874,-0.1479455006339454,0.0033321191187286,0.2343930098094619,0.2344166932310066,0.0001031335947903,2.4148365394514667e-06,4.1649446644365685e-08,2.4391660800013643e-09,0.9999999999999992,0.9888609568493312,-0.1488422252555559,20.41039664608848,18,4,False
35,37,GRASP_FAILED,0.078,79.0,81,3,4,3.397380894681073,0.0592607414601966,-7.725392893615951e-06,0.9982425378944269,0.9997408676572668,0.0227639525543217,-0.1414431742817936,0.0648406693438117,0.1555971849098285,0.0,0.0,0.0,0.0,1.0,0.9996211860602664,0.0275224341123113,6.569003434868857,18,4,False
35,95,GRASP_FAILED,0.078,89.30000000000001,81,3,4,4.098840573160302,-0.0694012171574769,0.0171017483211625,0.9974422295358366,-0.9863999409915042,0.164362880273975,-0.1475399005347759,0.0607297305486772,0.1595497490512802,5.72728773124927e-06,0.0,2.293958276937004e-09,-1.8493670412516783e-10,1.0,-0.990111669417502,0.1402814388409503,7.688904355503741,18,4,False
78,79,SUCCESS,0.074,51.4,96,3,4,0.0,-1.4855461061380546e-12,7.024822365336939e-13,1.0,0.8866732947394199,0.4623964407258577,-0.1243757342652143,0.0315886297753504,0.128324451314219,0.0,0.0,0.0,0.0,1.0,0.886673294742366,0.4623964407202086,3.9783600000000696,1,5,False
78,13,SUCCESS,0.074,59.8,96,3,4,0.0,-4.7364136440513345e-09,5.5093001453472207e-11,1.0,0.9773592759151168,0.2115864971652928,-0.2645767638213426,0.1204454997521184,0.2907025668354376,0.0,0.0,0.0,0.0,1.0,0.9773592764691176,0.2115864946062554,4.628520000000084,1,5,False
78,11,SUCCESS,0.074,78.10000000000001,96,3,4,0.0311322293148927,0.0005433560979271,-2.026858952463849e-06,0.9999998523800104,0.8937031962501676,0.4486586642562856,-0.2936907253617795,0.0337474271923366,0.2956232923935972,0.0,0.0,0.0,0.0,1.0,0.8925908839989285,0.4508675124712484,6.044981554664012,1,5,False
79,13,SUCCESS,0.054,59.8,95,2,3,0.0,0.0,0.0,1.0,0.9927281438886242,0.1203778730973724,-0.141501349,0.0903668682632459,0.167895213298434,0.0,0.0,0.0,0.0,1.0,0.9927281438886242,0.1203778730973724,4.628519999999997,2,5,False
79,11,SUCCESS,0.054,78.10000000000001,95,2,3,0.0,0.0,0.0,1.0,0.9649299999524086,0.2625073240727671,-0.173464458,0.0020391472957593,0.1734764431008647,0.0,0.0,0.0,3.899502843104866e-17,1.0,0.9649299999524072,0.2625073240727716,6.044939999999999,2,5,False
98,97,SUCCESS,0.076,49.8,94,3,4,0.0,7.244159364646396e-12,3.531815118078094e-12,1.0,-0.5488939150482957,0.8358920205522685,-0.1199501505024666,0.0095661343408468,0.1203309998786327,0.0,0.0,0.0,0.0,1.0,-0.5488939151518966,0.8358920204842383,3.854519999999973,3,5,False
98,55,SUCCESS,0.076,87.4,94,3,4,0.1527039957437274,0.0026407832674249,-0.0003598212914888,0.9999964483898794,0.7199188866679678,0.6940582083793507,-0.0981913651609574,0.0718566710917363,0.1216754920785548,0.0,0.0,0.0,1.3938268743546454e-16,1.0,0.7169105451376692,0.6971651671378957,6.765873205027289,3,5,False
98,99,SUCCESS,0.076,84.0,94,3,4,0.160291494617357,0.0006705056987659,-0.0027160721100252,0.9999960866795434,-0.7952838149350195,0.6062372915801216,-0.16227743226124,0.0648349516643118,0.1747499241161925,0.0,0.0,0.0,0.0,1.0,-0.7918517547798218,0.6107133521154723,6.502781940139888,3,5,False
101,100,SUCCESS,0.08,48.0,93,3,4,0.0,-4.806198183858676e-15,4.758612063226412e-17,1.0,0.8817531537804785,0.471711114770661,-0.0734890950546353,0.0355546266606164,0.0816380950838825,0.0,0.0,0.0,0.0,1.0,0.8817531537804817,0.4717111147706552,3.715199999999988,4,5,False
101,21,SUCCESS,0.08,85.2,93,3,4,0.2745000082953323,-0.0047909106138406,0.0,0.9999885235218904,-0.9372922613198852,0.3485444259629697,-0.0057144177740507,0.0970949138085757,0.0972629264313548,0.0,0.0,0.0,7.149088545692254e-17,1.0,-0.9369645616507324,0.3494243984192445,6.597962430827028,4,5,True
101,38,SUCCESS,0.08,84.6,93,3,4,0.2198255265083075,-0.0038022812701727,0.0005125352020998,0.9999926399553194,-0.8267815432706634,-0.5625231370414728,-0.0334413572671069,0.0911745348203822,0.0971139545872753,0.0,0.0,0.0,0.0,1.0,-0.8254828037315388,-0.5644272678950918,6.550271632246763,4,5,True
38,21,SUCCESS,0.088,85.2,92,3,4,0.0,0.0,0.0,1.0,-0.1809990678054193,0.9834832675005556,0.0274584475,0.0866020371820427,0.0908508623139602,0.0,0.0,0.0,0.0,1.0,-0.1809990678054193,0.9834832675005556,6.594479999999996,5,5,True
38,20,SUCCESS,0.088,67.6,92,3,4,2.4903111302855385,-0.0365764305508531,-0.0234543364865602,0.9990555834527596,-0.5821679677002515,0.8130685440870032,-0.042460020257014,0.0799530102879916,0.0905281015725931,2.4905779612996404,2.8262625266010617,-0.0412734655691552,-0.0269766376032908,0.9987836412674832,-0.5874181547371872,0.8092835791520536,5.237829523270613,5,5,False
38,100,SUCCESS,0.088,48.0,92,3,4,0.0,0.0,0.0,1.0,0.8423005160624215,0.5390082009032685,-0.0341223475999999,0.1263455286689072,0.1308721789394555,0.0,0.0,0.0,0.0,1.0,0.8423005160624215,0.5390082009032685,3.715199999999995,5,5,False
44,100,SUCCESS,0.062,48.0,91,2,3,0.0,0.0,0.0,1.0,-0.5474362804975047,0.836847368876223,-0.0306356387999999,0.2328161229391724,0.2348231024944349,0.0,0.0,0.0,0.0,1.0,-0.5474362804975047,0.836847368876223,3.715199999999995,6,5,False
44,65,SUCCESS,0.062,83.3,91,2,3,0.0268595916877173,0.0004687882933115,0.0,0.999999890118762,0.9568888373385904,-0.2904543905276711,-0.2075848221097425,0.0909623901308294,0.2266398349554788,0.0,0.0,0.0,0.0,1.0,0.956777736814442,-0.2908201546252165,6.447453115782218,6,5,False
6,91,SUCCESS,0.056,52.0,90,1,2,0.0,-3.6077600380891925e-13,-2.01167762643324e-12,1.0,0.988839115246269,-0.1489872617339347,-0.0692559487000099,0.1743084189758446,0.1875628197596661,0.0,0.0,0.0,0.0,1.0,0.9888391152464416,-0.1489872617327888,4.024800000000009,7,5,False
99,97,APPROACH_BLOCKED,0.084,49.8,89,3,4,0.0,0.0,0.0,1.0,0.824508613997281,-0.5658494017353756,0.047479282,0.0563393415319165,0.0736777009921283,0.8396339118200375,0.0,1.5008022232540112e-15,2.5744282370973063e-14,1.0,0.8249942475516009,-0.5651411253012542,3.854728191040457,8,5,False
99,55,APPROACH_BLOCKED,0.084,87.4,89,3,4,0.0,0.0,0.0,1.0,0.9952772657608746,0.0970729841900291,0.063299459,0.1035320453353519,0.1213495196571212,0.0,0.0,0.0,0.0,1.0,0.9952772657445632,0.0970729843572675,6.7647599955892455,8,5,False
99,54,APPROACH_BLOCKED,0.084,75.1,89,3,4,0.0058986772051909,-1.0423873072431178e-05,-0.0001024222681756,0.9999999947005108,0.940573545437538,-0.3395900552475876,-0.0324381547721028,0.1473730147388318,0.1509007599657167,0.0,0.0,0.0,0.0,1.0,0.9405908549004306,-0.3395421088431844,5.812741003670324,8,5,False
100,21,SUCCESS,0.044,85.2,89,2,3,0.0,0.0,7.149088545692253e-17,1.0,-0.9903673820646284,0.1384646111555387,0.0632526351,0.1232833332469671,0.1385628958400354,0.0,0.0,0.0,0.0,1.0,-0.9903673820646284,0.1384646111555387,6.59448,9,5,False
100,20,SUCCESS,0.044,67.6,89,2,3,3.2043533986593244,-0.0467759009616019,-0.0306027904385669,0.9984365199183188,-0.9998933832574654,-0.0146021271717446,0.0030598101687469,0.1514074578325825,0.15143837269858,3.206155607833149,3.634838625551218,-0.0530479069031274,-0.0347151900122295,0.9979883642385876,-0.9998739688266084,-0.0158759712435613,5.241551765347444,9,5,False
20,21,APPROACH_BLOCKED,0.066,85.2,88,1,2,0.0,0.0,0.0,1.0,0.8367447421604965,0.5475931304050152,0.0646407603003458,0.0349751753668922,0.0734961957121022,0.3863501897492109,0.0036745325711746,3.465576312367128e-05,-5.396276670944731e-05,0.9999999979434988,0.8374309328308817,0.5465431663995072,6.596591994752836,10,5,True
54,55,SUCCESS,0.072,87.4,88,3,4,0.0,0.0,0.0,1.0,-0.5094274865943091,0.8605135884471582,0.0938372539,0.0698290785952997,0.1169680744347004,0.0,0.0,0.0,0.0,1.0,-0.5094274865943091,0.8605135884471582,6.7647599999999946,11,5,False
54,97,SUCCESS,0.072,49.8,88,3,4,0.0,0.0,0.0,1.0,-0.9810214848626644,0.1938990619829127,0.0838377626,0.0939432816936744,0.1259131073921655,0.0,0.0,0.0,0.0,1.0,-0.9810214848626644,0.1938990619829127,3.854519999999986,11,5,False
54,99,SUCCESS,0.072,84.0,88,3,4,0.0,0.0,0.0,1.0,-0.9405908548419528,0.3395421090051777,0.0440673149,0.1473711362240403,0.1538186595782852,0.0,0.0,0.0,0.0,1.0,-0.9405908548419532,0.3395421090051777,6.501600000000003,11,5,False
12,11,SUCCESS,0.08,78.10000000000001,87,3,4,18.267474939478184,-0.143453234544284,-0.2787009724925756,0.9496035685645222,0.2367773839364351,-0.9715639301951354,0.1304200227112831,0.0441209713397089,0.1376809443458717,0.0,0.0,0.0,0.0,1.0,-0.0304176357452437,-0.9995372766613908,14.43458929727931,12,5,False
12,13,SUCCESS,0.08,59.8,87,3,4,0.0,0.0,0.0,1.0,0.8409725458667096,-0.5410777920950602,0.1502840127618944,0.1019634063826211,0.1816089775670927,0.0,0.0,0.0,0.0,1.0,0.8409725458667096,-0.5410777920950602,4.62852000000008,12,5,False
12,99,SUCCESS,0.08,84.0,87,3,4,0.0,0.0,0.0,1.0,0.6479119949228616,0.7617152006065507,0.1088201526618944,0.1760097013860839,0.2069329374637503,0.0,0.0,0.0,0.0,1.0,0.6479119942143179,0.7617152012092352,6.501600000000088,12,5,False
49,119,SUCCESS,0.086,56.4,86,3,4,0.0,0.0,4.718806577058708e-10,1.0,-0.787529868847778,-0.616276484763618,-0.1418512314728567,0.1655609430984596,0.2180188013681787,0.0,0.0,0.0,0.0,1.0,-0.7875298686071156,-0.6162764850711564,4.365360000000012,13,5,False
49,118,SUCCESS,0.086,73.3,86,3,4,0.0059042781193733,-0.0001029166332441,5.2232218002113065e-06,0.9999999946904422,-0.8089483727661982,-0.5878796902419066,-0.0748050538416247,0.2281415695016154,0.2400924234850171,0.0,0.0,0.0,0.0,1.0,-0.8089289290933994,-0.5879064446625893,5.673421395448167,13,5,False
49,10,SUCCESS,0.086,60.1,86,3,4,0.0,1.1728395411808461e-08,-7.292983237846228e-09,1.0,0.0457633285622699,-0.998952310052338,0.1652318858456488,0.2902503164924863,0.3339862606816304,0.0,0.0,0.0,0.0,1.0,0.0457633339003817,-0.9989523098077916,4.65173999999984,13,5,False
94,95,NO_DETACH,0.09,72.0,85,3,4,23.684148679973408,0.3952420037551646,-0.0717089847837883,0.9157737602535252,0.9804912066438376,-0.1965629509701957,0.0139563270216002,0.0765138584803009,0.0777762791825205,96.68387917242823,0.0172892483377648,-0.0002780490009005,-0.0001172365692181,0.9999999544721688,0.9826375574520396,-0.1855355240504886,22.989520544282435,14,5,True
94,96,NO_DETACH,0.09,81.4,85,3,4,0.0047489699974355,3.0985769606171705e-10,8.288516350785971e-05,0.9999999965650248,0.8186704370899434,-0.5742636288630518,-0.1149546794452828,0.0712796807749443,0.1352603830311954,3.5095094501944386,0.0034180369160955,-4.39234609165601e-05,-4.036790231756149e-05,0.9999999982205808,0.821537752837403,-0.5701541200963738,6.348873164938971,14,5,False
94,57,NO_DETACH,0.09,60.400000000000006,85,3,4,1.7075472925031875e-06,2.316979029185337e-09,-2.9514264646882076e-08,0.9999999999999996,-0.1850316286450339,0.9827325660631006,0.0370042783275012,0.2230790564976412,0.2261273580582787,0.0,0.0,0.0,0.0,1.0,-0.1850316276691845,0.982732566246836,4.674960014602361,14,5,False
9,104,APPROACH_BLOCKED,0.082,61.2,85,3,4,31.330674564956475,0.4571537004241805,0.2477620738648186,0.8541805716256269,-0.9821591626891176,-0.1880515332184538,0.0151778482465484,0.0734034514399918,0.0749562122888989,31.11645682743561,32.61369274728003,0.5356999866140938,0.059299670547708,0.8423236156101722,-0.9881610631536164,-0.1534200549703802,8.920671774840416,15,5,False
9,103,APPROACH_BLOCKED,0.082,81.4,85,3,4,0.001935966147763,-3.378898455384653e-05,0.0,0.9999999994291524,-0.9927877409933412,-0.1198853674696743,0.1245372128580172,0.0877367954448212,0.152339301105688,0.0,0.0,0.0,0.0,1.0,-0.9927881736524105,-0.1198817845042001,6.300360197433327,15,5,False
9,89,APPROACH_BLOCKED,0.082,53.8,85,3,4,0.0,6.540717587907002e-12,1.7411722621328562e-11,1.0,0.7398678491997072,0.6727522320443088,-0.1692942273287341,0.1948084092455831,0.258090781934628,0.0,0.0,0.0,0.0,1.0,0.7398678489783205,0.6727522322877814,4.1641202399748325,15,5,False
96,95,APPROACH_BLOCKED,0.078,72.0,85,3,4,28.856919699338032,0.3509781709991044,-0.3312706448671001,0.8758276561809745,-0.4192723386775404,0.9078605102216232,0.0873954315762914,0.0579907306780736,0.1048851100251275,98.4548909794524,37.31724311275706,0.60614584425699,-0.0099661635556085,0.7952910731763332,-0.8072151925172694,0.5902572599886494,20.49649170474645,16,5,False
96,94,APPROACH_BLOCKED,0.078,86.5,85,3,4,17.462237396216434,-0.2645726521456165,0.1415895891618931,0.953914933302546,-0.6532446863297172,0.757146868039477,0.1432080378756644,0.0348200210236322,0.1473803785321639,0.0,20.741991512380523,-0.3541174067451862,0.0055135386380839,0.9351847213955918,-0.4233036043399378,0.9059878909526424,11.061635829577646,16,5,False
96,28,APPROACH_BLOCKED,0.078,57.5,85,3,4,0.0,-5.930542451850308e-10,-2.500594356844749e-09,1.0,0.9854279679875352,0.1700932682617315,-0.091459227291462,0.1896140760263687,0.2105190919705024,0.0,0.0,0.0,0.0,1.0,0.9854279677724748,0.1700932695076744,4.45050033390517,16,5,False
46,15,SUCCESS,0.084,77.3,85,3,4,5.708623649184017,-0.0884456936280826,-0.0455142152754514,0.9950406099685112,-0.548596637573809,-0.8360871540950205,-0.1319781412833746,0.039447188873467,0.1377472703418596,5.710751845060676,6.700217080863885,-0.1037076586935077,-0.0534570900669803,0.9931702074920904,-0.5779142182193514,-0.8160975164647395,6.045305609445211,17,5,False
46,14,SUCCESS,0.084,52.7,85,3,4,12.712107587583509,0.1957365677315346,0.1005496462311625,0.9754880648657196,0.9743021422718632,0.225245056692613,-0.1396675095337654,0.0757409609175232,0.158882681183552,12.709338875118606,15.199180456195556,0.2330456089102105,0.1201069172289987,0.9650202446588444,0.967578372518538,0.2525709663329829,4.319884777762653,17,5,False
46,47,SUCCESS,0.084,52.3,85,3,4,0.0,-2.1242880987105088e-12,0.0,1.0,0.94476978269366,-0.3277347368055067,0.0922115707022903,0.122237147739784,0.1531172559150055,0.0,0.0,0.0,0.0,1.0,0.94476978247395,-0.3277347374388702,4.048020321181442,17,5,False
68,69,APPROACH_BLOCKED,0.068,57.0,84,3,4,23.517811172877625,-0.3231850648124911,0.2340505308562653,0.9169360735013352,-0.5217466371461055,-0.8531004903449124,0.0780375386074336,0.024221756456597,0.0817101641030624,23.45951931992819,26.78019356425329,-0.3554391586973928,0.2769032147883591,0.8927416278545329,-0.4592101907934411,-0.888327642636123,4.930013569556111,18,5,False
68,67,APPROACH_BLOCKED,0.068,77.60000000000001,84,3,4,10.909446576007552,0.1522134203760393,-0.1124696194609365,0.9819275224555728,0.039921047435848,-0.9992028372515888,0.0888858721377191,0.032922601864674,0.094787108718553,11.048660964761426,12.526155184791318,0.1709802636184727,-0.1334352558723256,0.9761971019949018,0.0131700344646591,-0.9999132713351696,6.1770920259607545,18,5,False
68,52,APPROACH_BLOCKED,0.068,49.8,84,3,4,0.0,6.139947323989483e-14,0.0,1.0,-0.3370371252022199,0.9414913574937496,0.0072560812999967,0.1637686818273523,0.1639293502192353,0.0,0.0,0.0,0.0,1.0,-0.337037124136357,0.9414913578753096,3.8545199530078977,18,5,False
3,4,APPROACH_BLOCKED,0.06,93.0,84,2,3,8.011082160786023,-0.0955158805836246,0.1014850648065315,0.9902411313299144,-0.0340706128912614,-0.9994194281367628,0.0932096399923874,0.0405783784323638,0.1016594402095083,3.1980052028742274,3.13804078579684,-0.0287832116629273,0.0465638026495125,0.9985005453224272,-0.1032969734451591,-0.9946505593810672,8.375798318282264,19,5,True
3,2,APPROACH_BLOCKED,0.06,74.89999999999999,84,2,3,1.5180495724073315,0.0229975592478168,-0.0131503270452229,0.9996490289932995,0.2550892352644718,-0.9669175156403916,0.1457490912012559,0.0858281479955081,0.1691427461475391,6.6576018026220085,6.282071086026086,0.0573183642107091,-0.0932097561727026,0.993995244696087,0.2353110056937835,-0.9719201256272966,6.722281223383085,19,5,False
71,72,GRASP_FAILED,0.086,84.0,84,2,3,0.1188686602003453,0.0020746480096093,0.0,0.9999978479155024,0.9315956315207726,0.3634963264345496,0.0192127063319626,0.1371695733165094,0.1385085554340651,0.0605056438039441,0.0004739774206147,8.272466058194183e-06,0.0,0.9999999999657831,0.9315450130601834,0.3636260285550293,6.502140131578067,20,5,False
71,82,GRASP_FAILED,0.086,71.7,84,2,3,0.0018677857194281,-3.259901059390688e-05,8.604612965420016e-09,0.9999999994686524,-0.4642139786554449,0.8857230842768422,-0.0456592374024599,0.3233484083541923,0.3265562113103404,0.0022546044437434,0.0,3.0690657166061263e-09,7.598063271363478e-13,1.0,-0.4642066061314019,0.8857269482317706,5.549579844294062,20,5,False
65,66,SUCCESS,0.08,83.8,92,3,4,0.3864538078079597,-0.0067210368618717,0.0005661563237493,0.9999772533065532,-0.9840686319993684,0.1777889971705002,-0.0519792186187931,0.0898728711957738,0.103821828847273,0.0,0.0,0.0,0.0,1.0,-0.9839415864055964,0.1784907687854982,6.492953750819081,1,6,False
65,67,SUCCESS,0.08,54.2,92,3,4,23.35029055922812,0.1893656131719759,-0.3481884242679864,0.918098843128439,-0.7827677014034239,-0.6223140088730127,-0.1247761760045673,0.0791673269254742,0.1477719856767435,23.31098966483017,31.786839455219564,-0.0839502152158779,-0.5200279366258567,0.8500137095917112,-0.8044298737612181,-0.594047622838869,11.742236321691475,1,6,False
65,14,SUCCESS,0.08,51.8,92,3,4,0.0,9.501055869249593e-14,7.845426331637782e-13,1.0,-0.5302944393310004,0.8478135453120692,-0.1643527514580602,0.2466579254692903,0.2963983115819806,0.0,0.0,0.0,0.0,1.0,-0.5302944395136048,0.8478135451978529,4.009319999999873,1,6,False
43,42,SUCCESS,0.092,81.4,91,3,4,0.0605045809216652,0.0001378527810129,-0.0010469675067299,0.9999994424276698,-0.1987977624973181,0.980040534685204,0.1191189513792769,0.130677903827038,0.1768220549771073,0.0,0.0,0.0,0.0,1.0,-0.1988377432686101,0.9800324238778256,6.300523361527206,2,6,False
43,10,SUCCESS,0.092,77.10000000000001,91,3,4,0.0078979872864334,-0.0001308320247374,4.341046464611528e-05,0.9999999904992564,-0.6466446511907582,-0.7627913837258404,-0.1568634017270664,0.2352241812966285,0.2827305117387513,0.0,0.0,0.0,0.0,1.0,-0.6465613846914893,-0.7628619638085412,5.96754263910474,2,6,False
43,11,SUCCESS,0.092,56.3,91,3,4,0.0,4.762855764726773e-10,-3.310954843605045e-10,1.0,-0.2945640260312779,-0.955631746316668,-0.2421892581565705,0.2066159576821956,0.3183485365685867,0.0,0.0,0.0,0.0,1.0,-0.2945640261873855,-0.9556317462685494,4.35761999999994,2,6,False
67,66,SUCCESS,0.052,83.8,90,1,2,0.0,0.0,0.0,1.0,0.3177444792116773,0.9481763791249496,0.0664277682620642,0.0269380460140179,0.0716819832268322,1.5845281051920226,0.0113792860370811,0.0001086798030201,-0.0001662319045523,0.9999999802778268,0.3226492165131639,0.946518612116762,6.491144128945798,3,6,True
11,10,SUCCESS,0.056,77.10000000000001,89,3,4,0.0,0.0,0.0,1.0,-0.9810547984823274,0.1937304373989795,0.082093907,0.0929800873927871,0.1240351007501303,0.0,0.0,0.0,0.0,1.0,-0.9810547984823274,0.1937304373989795,5.967540000000008,4,6,False
11,29,SUCCESS,0.056,54.7,89,3,4,0.0,3.784095637814068e-11,-3.185104169926506e-11,1.0,0.934345952539982,0.3563672838128572,-0.0695010569971687,0.1179422393859981,0.1368969274860023,0.0,0.0,0.0,0.0,1.0,0.9343459526345071,0.3563672835650253,4.233779999999981,4,6,False
11,30,SUCCESS,0.056,68.2,89,3,4,0.0002565941378536,-4.478387100570392e-06,0.0,0.999999999989972,0.9867945439192064,0.161976936911664,-0.1001459229010789,0.1850766551805391,0.2104342514100901,0.0,0.0,0.0,0.0,1.0,0.986794632173225,0.1619763992503519,5.278680002425552,4,6,False
30,29,SUCCESS,0.072,54.7,88,3,4,0.0,0.0,0.0,1.0,-0.986437602859334,0.1641366981059705,0.0327338479999999,0.0734302927930142,0.0803959744300353,0.0,0.0,0.0,0.0,1.0,-0.986437602859334,0.1641366981059705,4.233780000000007,5,6,False
30,62,SUCCESS,0.072,50.1,88,3,4,0.0,0.0,2.04493042467943e-13,1.0,0.902976444675847,0.4296900515029027,-0.1733053919999925,0.0856148625535324,0.1932994143455466,0.0,0.0,0.0,0.0,1.0,0.902976444244722,0.4296900524088942,3.877739999999968,5,6,False
30,90,SUCCESS,0.072,84.0,88,3,4,0.0078340769488861,-0.0001367304363098,0.0,0.999999990652394,-0.6690634781119412,-0.7432052625330042,-0.24141754634435,0.067952422898455,0.2507986512338072,0.0,0.0,0.0,0.0,1.0,-0.668741793352886,-0.7434947301919269,6.501602824920481,5,6,False
103,31,SUCCESS,0.084,54.6,87,3,4,0.0,6.603227195997308e-11,5.060536063074485e-11,1.0,0.9374343600626798,-0.3481620607904805,-0.1859046054531613,0.0605919309520468,0.1955298044421698,0.0,0.0,0.0,0.0,1.0,0.9374343599748608,-0.3481620610269351,4.226039999999931,6,6,False
103,100,SUCCESS,0.084,85.3,87,3,4,0.2509891901252079,0.0043805737443757,0.0,0.9999904052408054,-0.9026556810182288,-0.4303634760589212,-0.0418769109567143,0.2112090210138465,0.2153205197581132,0.0,0.0,0.0,0.0,1.0,-0.903000710877126,-0.4296390533405981,6.605120138973355,6,6,False
103,4,SUCCESS,0.084,89.30000000000001,87,3,4,0.9106390027815244,0.0158929797600544,0.0,0.999873698621154,-0.9896196974207684,-0.1437110102839269,-0.1321624608682644,0.247587130924931,0.2806533510621144,0.0,0.0,0.0,0.0,1.0,-0.9898556821207364,-0.1420764884605876,6.952160528588481,6,6,False
112,4,NEIGHBOR_KNOCKED,0.048,89.30000000000001,86,3,4,0.1140540628411433,0.0019123791686544,0.0005525978406416,0.9999980187188082,0.9596442272539886,0.2812169217847584,-0.0163274267762946,0.070934027072924,0.0727888800704996,22.92954772520088,0.5012946228221226,0.0083329262127496,0.0026663866289798,0.9999617256290751,0.961904674069766,0.2733850727503921,7.2567936471504755,7,6,True
112,111,NEIGHBOR_KNOCKED,0.048,54.6,86,3,4,0.0,-3.9763896691919076e-11,0.0,1.0,-0.8358306059465013,0.548987429877137,0.077654878702218,0.066735500352303,0.102390952693724,0.0,0.0,0.0,0.0,1.0,-0.8358306054505682,0.5489874306321927,4.22603997218779,7,6,False
112,99,NEIGHBOR_KNOCKED,0.048,83.8,86,3,4,12.597792010751832,0.2041616135548297,-0.0767339725295973,0.9759251677308642,0.774692858430658,0.6323377065275615,0.1400914450779875,0.0541283489771075,0.1501848565835661,0.0,24.129897864225363,0.4068881271181037,-0.0395600775721815,0.9126209795269912,0.604882185909506,0.7963149761051449,13.68441119058562,7,6,False
49,51,SUCCESS,0.058,59.7,85,3,4,7.220270548952856,-0.0582319234120988,-0.1113802819654875,0.9920702978544492,0.1019272118380213,0.9947918593791,0.1042426670062043,0.0706836306575128,0.1259472479552217,6.840055615286191,7.951657914023698,-0.0704089312882282,-0.1190791993820102,0.990385140573802,0.1119210751980395,0.9937170990410272,4.658777929087519,8,6,False
49,39,SUCCESS,0.058,54.4,85,3,4,0.0,1.8058406533433707e-10,-5.287993659342516e-12,1.0,0.768371743634499,0.6400037996637831,0.0198155938072947,0.1277582602518592,0.1292858492663349,0.0,0.0,0.0,0.0,1.0,0.7683717437730713,0.6400037994974168,4.210559763963243,8,6,False
49,50,SUCCESS,0.058,52.6,85,3,4,7.977712287528142,0.0609835166384176,0.124671917152924,0.9903221313147688,0.2234606972964044,0.9747129406978264,0.1086381701638746,0.0935232376925253,0.1433486937681943,8.414641082720292,9.702281315342365,0.085661318846659,0.1451345460485723,0.9856967596561964,0.2057188701158515,0.978611131388897,4.1959941150851705,8,6,False
16,40,SUCCESS,0.052,76.30000000000001,84,3,4,0.0,-8.564713393277005e-12,0.0,1.0,-0.1315404829928151,-0.991310799564908,-0.0130990263131326,0.0916972571854805,0.0926281353892666,0.0,0.0,0.0,0.0,1.0,-0.1315404829876237,-0.9913107995655966,5.905620000000001,9,6,False
16,39,SUCCESS,0.052,54.4,84,3,4,0.0,0.0,0.0,1.0,-0.7465394846503237,-0.6653411139092708,-0.0293611381372359,0.1337054125751482,0.1368912480204795,0.0,0.0,0.0,0.0,1.0,-0.7465394846503238,-0.6653411139092706,4.210559975999988,9,6,False
16,41,SUCCESS,0.052,74.7,84,3,4,0.0101355310184867,-0.0001768983875987,0.0,0.9999999843534804,-0.3006115595573018,-0.9537466593705728,-0.1015177909192302,0.1390338409425826,0.1721518829416858,0.0,0.0,0.0,0.0,1.0,-0.3004448038554436,-0.9537992031010846,5.781784381833236,9,6,False
31,64,SUCCESS,0.054,82.8,83,2,3,0.6131986732606473,0.0103390001748505,-0.0027641805765484,0.9999427305506672,-0.7826344818802429,0.6224815401054424,-0.0274057865131231,0.0758319741241841,0.0806322853078952,0.6010445621856976,0.6730532334728626,0.0117169440660549,-0.0008359218445995,0.9999310048480458,-0.7811603240876509,0.6243304798512372,6.409679964393922,10,6,True
31,63,SUCCESS,0.054,83.5,83,2,3,0.5232844853318548,-0.0090062294757836,-0.0015158759276102,0.99995829410571,-0.9350786042422538,0.3544404095025831,-0.0464778508303806,0.1491770163163518,0.1562497130072891,0.5149637699300633,0.5702087461127987,-0.0099266883523426,0.0007073128888741,0.9999504790572544,-0.934683719960224,0.3554804405889553,6.463830519984931,10,6,False
41,40,SUCCESS,0.072,76.30000000000001,82,3,4,0.0,0.0,0.0,1.0,0.5802061837802562,0.8144696337514074,0.0881784759999999,0.0512021299160288,0.101966179381305,0.0,0.0,0.0,0.0,1.0,0.5802061837802562,0.8144696337514074,5.905620000000001,11,6,False
41,39,SUCCESS,0.072,54.4,82,3,4,0.0,0.0,0.0,1.0,-0.7992833220564329,0.6009543835287604,0.0753064842,0.072623404365119,0.1046194313889367,0.0,0.0,0.0,0.0,1.0,-0.7992833220564328,0.6009543835287604,4.210560000000016,11,6,False
41,50,SUCCESS,0.072,52.6,82,3,4,0.0,1.4627720172210124e-12,3.1501939484230858e-12,1.0,-0.9071437955980004,0.4208207862119613,0.1595132159999998,0.1446318451791864,0.2153203119043782,0.0,0.0,0.0,0.0,1.0,-0.9071437951069232,0.4208207872705537,4.071240000000024,11,6,False
59,107,NEIGHBOR_KNOCKED,0.082,56.0,81,3,4,0.0,8.336831641641946e-10,-1.6533539289025303e-10,1.0,-0.618192168434426,0.7860269988278661,-0.0348175973209181,0.0787651731407759,0.0861174638682423,0.0,0.0,0.0,0.0,1.0,-0.6181921688026589,0.7860269985382594,4.334400000000002,12,6,False
59,60,NEIGHBOR_KNOCKED,0.082,84.8,81,3,4,0.269286849627079,-0.0022956521955549,-0.0041011308978169,0.9999889552921852,0.3824478230731323,0.9239770898818986,-0.0471452758323437,0.0779345316110993,0.0910849507369313,9.005807990817082,0.0849908566332881,8.774245229847904e-05,-0.0014807724479669,0.9999988998065044,0.3892200308803873,0.9211448135670474,6.55277331140095,12,6,True
59,106,NEIGHBOR_KNOCKED,0.082,83.8,81,3,4,0.286815114838614,0.0025121490182972,-0.0043298514312121,0.9999874706684548,-0.8553890432709902,0.5179860853844822,-0.1273832411512999,0.1105702415949883,0.1686780022782588,0.0,0.0,0.0,0.0,1.0,-0.8534312157857443,0.5212054872336498,6.48989054108248,12,6,False
26,53,SUCCESS,0.044,84.4,80,2,3,0.1674636366821165,-0.0013470444452813,0.0025938695151765,0.9999957286469782,0.8827538187030914,0.4698358176694385,-0.0646141595443362,0.1151033632309174,0.131999143333165,0.0005638779055608,5.0509930079323e-06,5.001216595057416e-08,-7.171092413356586e-08,0.999999999999996,0.8840940930037077,0.4673089285643401,6.533856001955329,13,6,False
26,37,SUCCESS,0.044,80.60000000000001,80,2,3,0.1183718911905468,0.0020659774371815,-1.1786240307937249e-06,0.9999978658656428,-0.4776942879956705,0.8785261334851168,0.2106129715796137,0.1305643606981706,0.2478000728049069,0.0002892680367672,0.0,-1.0972130217529884e-08,1.456253371051082e-12,1.0,-0.4756786999749259,0.8796191075631342,6.239054426085176,13,6,False
71,86,SUCCESS,0.076,62.7,79,3,4,8.193301816213774,-0.0655351076384532,0.1265510500864033,0.9897928982311628,-0.2198291588546362,-0.9755383851582998,-0.0696872084918322,0.12694124743389,0.1448115579898793,7.769157702661965,8.525266916903238,-0.0728228037179866,0.1291262192377233,0.9889505845915776,-0.2267377662185867,-0.9739558436449804,4.864926947605979,14,6,False
71,13,SUCCESS,0.076,62.7,79,3,4,7.2155422644236,0.0778501816281411,-0.0985662237323921,0.9920806664579256,0.018271844071407,-0.9998330559219524,-0.0067674870546932,0.1786764643754644,0.1788045799266674,7.6392451093025935,8.955787825844983,0.0762090716021753,-0.1357425257681537,0.987808758871684,0.0147267607716096,-0.99989155537847,5.049808740168999,14,6,False
71,87,SUCCESS,0.076,86.5,79,3,4,0.1495504349510738,8.053874496500429e-06,-0.0026101320983179,0.9999965935669802,-0.3249967020108443,-0.9457151493351866,0.0073180333374163,0.2392411790663217,0.239353076798631,0.0,0.0,0.0,0.0,1.0,-0.3251396882439233,-0.9456659997740452,6.696136609239157,14,6,False
87,13,NEIGHBOR_KNOCKED,0.088,62.7,78,3,4,9.698949901325294,0.0057446035850433,-0.1683733444758044,0.9857065569426242,0.876982118579885,0.4805230105740376,-0.0350049166336491,0.0881911657401403,0.0948842763746113,20.3909624390518,14.307179248776524,-0.0041916574665343,-0.2470848779256208,0.9689847744459996,0.9023478589829526,0.4310085166082932,6.269528979628832,15,6,False
87,12,NEIGHBOR_KNOCKED,0.088,74.89999999999999,78,3,4,25.54032811329077,-0.4311419977103999,0.0019221240344679,0.9022820419633109,-0.1755993313955306,0.9844617183077476,-0.0695360843186211,0.1024987455880962,0.1238598396151862,23.962094270765217,28.05373479085299,-0.4621520133873147,0.08716116252343,0.8825069111738534,-0.1555529012393277,0.9878275633510272,7.192724294018363,15,6,False
87,86,NEIGHBOR_KNOCKED,0.088,62.7,78,3,4,39.30483728694923,0.6156874207230824,0.1489398943502568,0.7737867327851341,0.6582238338034196,0.7528222795674475,0.0118768319932461,0.1389188470289745,0.1394256260450546,43.06703080274443,44.41544454582628,0.6940058701649735,0.090300292364509,0.7142840537037364,0.7044835453991638,0.7097203211560341,6.635982798352034,15,6,False
60,107,SUCCESS,0.082,56.0,77,3,4,0.0,0.0,0.0,1.0,-0.9928480801820226,-0.1193846291566539,0.0163463570050776,0.0793445509168238,0.0810108705516111,0.0,0.0,0.0,0.0,1.0,-0.9928480801820226,-0.119384629156654,4.3344000000000245,16,6,False
60,106,SUCCESS,0.082,83.8,77,3,4,0.0,0.0,0.0,1.0,-0.9943516493593212,-0.1061357499450491,-0.0800349153949223,0.1258159161613307,0.1491148297178633,0.0,0.0,0.0,0.0,1.0,-0.9943516493593212,-0.1061357499450488,6.486119599999992,16,6,False
60,32,SUCCESS,0.082,54.3,77,3,4,0.0,-4.284782600220046e-11,1.1727026117848788e-10,1.0,-0.8965794380950323,0.4428829542725667,-0.1190016183889776,0.0657943784461906,0.1359789888707679,0.0,0.0,0.0,0.0,1.0,-0.8965794380009383,0.4428829544630518,4.202819600000046,16,6,False
53,75,SUCCESS,0.084,81.69999999999999,76,3,4,0.0040992000526103,2.2358707245886684e-05,6.796108390681929e-05,0.9999999974406896,0.6082042133490834,0.793780596175305,-0.1250608615152548,0.105473093167454,0.1635994879736736,0.0,0.0,0.0,0.0,1.0,0.6082346774171331,0.7937572533131753,6.323580517080424,17,6,False
53,77,SUCCESS,0.084,86.5,76,3,4,0.2041231983514657,0.0006016392634844,0.0035114457473269,0.9999936538693434,0.9868240330949204,0.1617971807735714,-0.0631537999897954,0.2238140824588442,0.2325535335359267,0.0,0.0,0.0,0.0,1.0,0.9870969738781132,0.160123590269115,6.697050031011031,17,6,False
53,82,SUCCESS,0.084,54.7,76,3,4,0.0,1.7048629851921687e-11,-2.0556792106068034e-10,1.0,-0.9544803353860788,0.298273849610184,0.0607111844777111,0.2872697059152758,0.2936149380691243,0.0,0.0,0.0,0.0,1.0,-0.9544803353300036,0.2982738497896247,4.233779500000095,17,6,False
13,86,NEIGHBOR_KNOCKED,0.068,62.7,75,3,4,50.0566533548517,0.7622102181691893,0.0826635797115986,0.6420298403561482,0.4879777595379095,0.8728560627024149,-0.0199486470888147,0.0559693113844161,0.0594181145570929,64.63019214908607,39.367350185036905,0.3309027102920368,-0.5411351862309285,0.7730951471482684,-0.4267144044025119,-0.9043864312755968,31.08451674612156,18,6,True
13,12,NEIGHBOR_KNOCKED,0.068,74.89999999999999,75,3,4,32.61818127043641,-0.5267713258999043,0.1143417242512207,0.8422813902164257,-0.7398794350822999,0.6727394901017014,0.0001188390621424,0.0961021171041859,0.0961021905818455,30.0273055301684,36.1825904236434,-0.3289394232748034,0.4902288314342642,0.8071397330365018,-0.4678603459557196,0.8838024081672295,20.667008496412333,18,6,False
13,84,NEIGHBOR_KNOCKED,0.068,78.10000000000001,75,3,4,0.0144799444710399,-4.511197344971389e-05,-0.0002486637788678,0.999999968065617,-0.9522448491207268,0.3053354668607042,-0.1557019218442319,0.0512041637595181,0.1639053228308917,0.0,0.0,0.0,0.0,1.0,-0.951945323629108,0.3062680212178095,6.044948889973972,18,6,False
106,32,NEIGHBOR_KNOCKED,0.086,54.3,74,3,4,0.0,0.0,0.0,1.0,0.841236156583673,0.540667854469202,-0.034400103,0.0785931232063298,0.0857918766651945,32.58509287667782,0.0,8.581702377904334e-11,-2.1813828240154956e-11,1.0,0.844291650108545,0.5358839515762626,4.206031537501085,19,6,False
106,107,NEIGHBOR_KNOCKED,0.086,56.0,74,3,4,0.0,0.0,0.0,1.0,0.9965094106513954,0.0834805036113747,0.100684712,0.0464904577967972,0.1108998372256638,0.0,0.0,0.0,0.0,1.0,0.9965094106879258,0.0834805031753081,4.334400243478463,19,6,False
106,33,NEIGHBOR_KNOCKED,0.086,59.6,74,3,4,0.0,-3.6963935798404254e-09,3.429258767644204e-09,1.0,0.9916574184965694,-0.1289013744718027,-0.0859928494674175,0.1137935646442614,0.1426315025300289,0.0,0.0,0.0,0.0,1.0,0.9916574180982248,-0.128901377536327,4.613040043478444,19,6,False
12,86,GRASP_FAILED,0.074,62.7,73,3,4,41.661974519173874,0.2225774416438151,-0.6263637014538059,0.7470795111448186,0.2446741178253598,-0.9696053713064824,0.0548448018376506,0.0341415154038364,0.0646033695923175,58.50162652581096,1.548605131859321e-05,-6.7758719772e-08,-2.612787151865476e-07,0.9999999999999636,0.3797707248870397,-0.9250806432515882,28.16916762854296,20,6,True
12,84,GRASP_FAILED,0.074,78.10000000000001,73,3,4,0.0,0.0,1.5598011372419464e-16,1.0,-0.0911801683515162,-0.9958344123896248,-0.1075105091947163,0.0629459750505613,0.1245821229646255,0.0,0.0,0.0,0.0,1.0,-0.0911801683049329,-0.99583441239389,6.04494040219511,20,6,False
12,85,GRASP_FAILED,0.074,47.2,73,3,4,0.0,-2.82871258104198e-13,-1.2326579641474905e-12,1.0,0.7902323149935879,-0.6128073827393685,-0.0749893971946259,0.1699626551679305,0.1857705946681181,0.0,0.0,0.0,0.0,1.0,0.7902323157411467,-0.6128073817753705,3.653280402195094,20,6,False
18,17,SUCCESS,0.082,40.3,73,3,4,0.0,0.0,1.813704250400932e-15,1.0,0.7270850418221692,0.6865474069271943,-0.1331545248492281,0.0569261876247168,0.1448127008425303,0.0,0.0,0.0,0.0,1.0,0.7270850418221717,0.6865474069271916,3.1192200000000057,21,6,False
18,63,SUCCESS,0.082,83.5,73,3,4,0.6395216018424408,-0.011133174963052,0.0007950308343732,0.999937708230475,-0.242688733323292,-0.9701042102361668,0.1256611322307589,0.1623458293482517,0.2052970736768743,0.6409823250351745,0.715206500101454,-0.0124506938219268,0.0008888958895565,0.9999220920088976,-0.2421316805669639,-0.9702433969194626,6.463252147842436,21,6,False
18,64,SUCCESS,0.082,82.8,73,3,4,0.7488576336943918,0.0130364429871992,-0.0009312069920752,0.9999145883563152,0.219703487959673,-0.9755666955049016,0.14708257505955,0.167010656370439,0.2225440253689886,0.747672571769575,0.8380292170996215,0.0145886854544215,-0.0010419567008157,0.9998930365708852,0.2188881792844411,-0.9757499500228236,6.409280902772856,21,6,False
85,84,SUCCESS,0.052,78.10000000000001,72,2,3,0.0,0.0,0.0,1.0,-0.9588456884258916,0.2839277122562684,-0.037304432,0.1460604231635175,0.1507490227548704,0.0,0.0,0.0,0.0,1.0,-0.9588456884258916,0.2839277122562684,6.044939999999999,22,6,False
85,86,SUCCESS,0.052,62.7,72,2,3,0.0,-2.3703504299631103e-14,-9.092819682153573e-14,1.0,-0.8594105494243243,0.5112861307899728,0.1022748588999963,0.1409543507246244,0.1741501528888637,0.0,29.7543181522707,-0.2169575291881219,-0.4463464903551382,0.8681614141830053,-0.7758000015114096,0.6309788884383507,20.136608551482663,22,6,False
84,86,SUCCESS,0.074,62.7,71,2,3,52.72044685666286,0.6020587398520661,-0.5202377826923154,0.6057044850643963,-0.2066547354760592,0.9784139309644562,0.0952064070181366,0.0965617521378444,0.1356039524248227,61.39956952683176,58.304191447417615,-0.8367282329658478,-0.1543723328146432,0.5254094089557354,0.8003103854885076,0.5995859295207285,57.05578032984778,23,6,False
84,12,SUCCESS,0.074,74.89999999999999,71,2,3,46.39648545309298,-0.6694825055289874,0.2759652012873602,0.6896639634409327,0.9986288767029528,-0.0523485111058455,0.111181602572803,0.0830061485979812,0.1387493043432177,37.92876250557913,46.173673482709816,0.70933246483443,0.1316289901909445,0.6924747383646744,-0.967664939747102,0.2522391016163777,62.33438810715591,23,6,False
58,56,NEIGHBOR_KNOCKED,0.08,77.10000000000001,70,2,3,20.79799835544972,-0.2417685540508855,-0.2600494712207863,0.9348380815894984,-0.0583720605490786,-0.998294897586507,-0.0668932630893936,0.060386356668058,0.0901178157657449,28.14887774078066,19.81020345900274,-0.3385090592340903,-0.0163870328931513,0.9408204302466068,-0.5471349427380553,-0.8370444160467383,14.172897762830614,24,6,True
58,57,NEIGHBOR_KNOCKED,0.08,90.9,70,2,3,17.055936448096347,0.2517352588377161,0.1505233840925422,0.9560188650331316,0.999961541498414,0.0087701496062271,-0.0932675732406198,0.1083635930019275,0.1429738035672332,16.62140304310306,16.062264184532786,0.2754218112238045,0.0263751796073877,0.9609615891402096,0.9815251656223052,-0.1913330845674803,10.212454075567836,24,6,False
30,29,SUCCESS,0.098,60.400000000000006,102,3,4,2.140419658925065,0.0189738119763751,-0.0321701491550039,0.9993022945847916,-0.94370961838931,-0.3307750839460294,-0.0056349982954276,0.0951409004905321,0.0953076290332458,2.1401058776539728,9.21798259592583,0.0173159065232607,-0.1592523632802032,0.9870860368635288,-0.9259030170097858,-0.3777613043870114,6.61835631350043,1,7,False
30,31,SUCCESS,0.098,74.89999999999999,102,3,4,0.0069803446816677,-0.0001218299979518,0.0,0.9999999925787258,-0.9987890942355986,-0.0491970043400271,0.0724149686588091,0.0934160106824295,0.1181967797263364,0.0,0.0,0.0,0.0,1.0,-0.9987891881255034,-0.0491950981663605,5.797262001550155,1,7,False
30,45,SUCCESS,0.098,81.4,102,3,4,0.0,3.1747521632933555e-10,0.0,1.0,-0.9376209927683,0.3476591346709983,-0.02904985914235,0.1022316227953074,0.1062788737969706,0.0,0.0,0.0,0.0,1.0,-0.9376209927900206,0.3476591346124193,6.300360029439123,1,7,False
43,44,NEIGHBOR_KNOCKED,0.086,81.69999999999999,101,3,4,16.695852646688508,0.2840174237319891,-0.0432473031203963,0.9578432929187616,0.9716633113659678,-0.2363692225001429,-0.0846661337258431,0.0515564482915755,0.0991283085729008,19.652781691585595,0.0127420569335923,-2.225692082209824e-05,0.0002212743038653,0.9999999752711556,0.7366723463486176,-0.6762498459336038,16.96811823834477,2,7,False
43,111,NEIGHBOR_KNOCKED,0.086,57.1,101,3,4,0.0,-3.789107809031462e-10,-6.35165950736925e-10,1.0,0.1669411647794849,-0.9859668592311148,-0.2312426687280346,0.0872651802258674,0.247160643145944,0.0,0.0,0.0,0.0,1.0,0.1669411662132162,-0.9859668589883592,4.419539778585308,2,7,False
43,112,NEIGHBOR_KNOCKED,0.086,77.3,101,3,4,0.0175852389497217,-0.0003061130173486,2.224634764894613e-05,0.9999999528999592,-0.21890604206115,-0.9757459427274714,-0.1954777945506451,0.1771090906309501,0.2637786916081478,0.0,0.0,0.0,0.0,1.0,-0.2185054379668982,-0.9758357308373647,5.9830328642884645,2,7,False
44,111,SUCCESS,0.086,57.1,100,3,4,0.0,0.0,0.0,1.0,0.0792906661405066,-0.9968515387273044,-0.1313478062999997,0.0786050595807106,0.1530718838046665,0.0,0.0,0.0,0.0,1.0,0.0792906661405066,-0.9968515387273044,4.41954,3,7,False
44,112,SUCCESS,0.086,77.3,100,3,4,0.0,0.0,0.0,1.0,-0.2739175449259063,-0.9617531796577352,-0.0987179042999996,0.1717028938272403,0.198058345893407,0.0,0.0,0.0,0.0,1.0,-0.2739175450875174,-0.9617531796117068,5.9830200000000335,3,7,False
44,68,SUCCESS,0.086,90.9,100,3,4,0.4380900262737928,0.007031535393682,-0.0030032350067441,0.999970768617514,-0.4590709044630396,0.8883996311770322,-0.1870486381762568,0.094338418213112,0.2094920766867909,0.0,0.0,0.0,0.0,1.0,-0.4698207822473645,0.8827618209735141,7.045037174444991,3,7,False
5,13,SUCCESS,0.08,84.8,99,2,3,0.1791914059392622,-0.0023590414495719,-0.002053295608373,0.9999951094383333,-0.337039735047191,-0.941490423211686,-0.1307848922875997,0.2654381158843358,0.2959089072922699,0.0,0.0,0.0,0.0,1.0,-0.3360668610630178,-0.941838130941432,6.5650069311189245,4,7,False
5,14,SUCCESS,0.08,92.3,99,2,3,0.0,3.6911628448669277e-10,0.0,1.0,-0.4342318276191768,-0.900801154463353,-0.2229913686124972,0.2051961062957882,0.3030356291174803,0.0,0.0,0.0,0.0,1.0,-0.4342318280214087,-0.9008011542694568,7.144019999999945,4,7,False
70,68,SUCCESS,0.074,90.9,98,3,4,0.0,0.0,-6.70079586460924e-17,1.0,-0.8695737615201481,-0.4938030713510198,-0.0656570214958272,0.1426260173107054,0.1570128188576244,0.0,0.0,0.0,0.0,1.0,-0.8695737615201483,-0.4938030713510198,7.035660000000003,5,7,False
70,69,SUCCESS,0.074,58.4,98,3,4,40.66613489875655,0.0598804017796332,0.6488931393105294,0.7585196314126852,-0.8609820957064633,0.5086352631040308,-0.1490987177773455,0.13049780504981,0.1981416280483906,40.70745613471119,47.25795188482043,-0.0515261098983307,0.7326069649469671,0.6786988248921154,-0.8354246916012242,0.5496049350788249,7.282652964211468,5,7,False
70,110,SUCCESS,0.074,51.4,98,3,4,4.007395559345301,0.0670526856785573,0.0196947581339231,0.9975550380030862,-0.9384071801856751,-0.3455314228488771,-0.1953436511236475,0.0780390900322319,0.21035503703828,1.1967263185082735,1.9279307359928448,0.0325470922872488,-0.0085145270002546,0.9994339345917804,-0.9251640099862982,-0.3795675890089572,4.157332534734101,5,7,False
110,69,APPROACH_BLOCKED,0.052,58.4,97,3,4,55.82262181969836,-0.1408629885007295,0.8152220167598361,0.5617567817665124,-0.7571779630053176,-0.653208643803125,0.0148178187037753,0.0515482328414701,0.0536356976296232,55.3239540178036,56.01487972015924,0.796884874981641,0.2291692763118197,0.5589775834684352,-0.3735864011219041,-0.9275953864141324,38.85989743115585,6,7,True
110,68,APPROACH_BLOCKED,0.052,90.9,97,3,4,0.0364091116192574,-0.0004301018500496,0.0004677823496155,0.9999997980960156,-0.6891944317236303,-0.7245764523369099,0.1176128879918027,0.0538891302822444,0.1293709000677859,0.0,0.0,0.0,0.0,1.0,-0.6897554465809264,-0.7240424185860568,7.035726217546986,6,7,False
110,109,APPROACH_BLOCKED,0.052,90.8,97,3,4,0.4789862058521109,0.0069671554489011,0.0046200451170905,0.9999650563535042,-0.9802760569531525,-0.1976331251697954,0.186284198376042,0.1273995372099569,0.2256821761812743,0.0,0.0,0.0,0.0,1.0,-0.98093949093183,-0.1943134455728735,7.039147899025116,6,7,False
27,47,SUCCESS,0.054,86.8,97,3,4,0.326327795958041,-0.0022845006565215,0.005217217972319,0.9999837807151571,0.3758901688041144,0.926664222356952,0.0576734758479304,0.1157771965989938,0.1293467783468297,0.0,0.0,0.0,0.0,1.0,0.3756235128982377,0.9267723434360714,6.723332904254956,7,7,False
27,48,SUCCESS,0.054,57.0,97,3,4,0.0,-5.272058624281702e-10,-1.1898468065260787e-09,1.0,0.4044791375779466,0.9145472252782798,-0.0498998704573456,0.0440640215049951,0.0665705269834372,0.0,0.0,0.0,0.0,1.0,0.4044791375794619,0.9145472252776096,4.411799590000002,7,7,True
27,46,SUCCESS,0.054,49.1,97,3,4,0.0,-2.1261982665557282e-13,4.540355558819365e-14,1.0,-0.0922586953226098,0.9957350717622484,0.1177744844000034,0.0532775808590407,0.1292645728646417,0.0,0.0,0.0,0.0,1.0,-0.0922586960673526,0.995735071693245,3.8003399900000128,7,7,False
89,88,SUCCESS,0.086,57.1,96,3,4,0.0,1.066729149024484e-15,-2.2257069013983076e-10,1.0,-0.9983120536005534,-0.0580779100506018,-0.098900520305967,0.0700188205999729,0.121177341755801,0.0,0.0,0.0,0.0,1.0,-0.9983120536247752,-0.0580779096342477,4.41954,8,7,False
89,87,SUCCESS,0.086,87.9,96,3,4,0.1752789404870834,-0.0021537589540913,0.002172548020495,0.9999953206677852,-0.9602567607134382,-0.2791181712180963,-0.0433696117244591,0.129369873593875,0.1364459138810157,0.0,0.0,0.0,0.0,1.0,-0.959711412447378,-0.2809875527817174,6.804945591681866,8,7,False
89,0,SUCCESS,0.086,75.7,96,3,4,0.002699236945174,7.554028710617587e-06,4.650099696448598e-05,0.999999998890297,0.2216686220912344,0.975122054914242,-0.101622567575081,0.2746550487090277,0.2928524236230772,0.0,0.0,0.0,0.0,1.0,0.2216701329126643,0.9751217114670772,5.859180290271955,8,7,False
0,1,SUCCESS,0.076,47.2,95,3,4,0.0,-2.6325609787069464e-14,-5.355454932173445e-15,1.0,-0.97483327110427,0.222935177906379,-0.1872399429999984,0.0646899028472535,0.1980999237380715,0.0,0.0,0.0,0.0,1.0,-0.9748332711042615,0.2229351779064147,3.653279999999981,9,7,False
0,2,SUCCESS,0.076,61.2,95,3,4,0.0,-3.147895255756162e-09,0.0,1.0,0.4188673380051071,0.9080474399239916,-0.2216770820942783,0.0715014776160094,0.2329231418882763,0.0,0.0,0.0,0.0,1.0,0.4188673473177224,0.9080474356282356,4.736879999999945,9,7,False
0,90,SUCCESS,0.076,51.7,95,3,4,0.0,1.284652216632467e-12,-7.493019165244396e-13,1.0,0.9628229479430672,-0.270133246591791,0.1472970370003579,0.2486616366086089,0.2890138865694115,0.0,0.0,0.0,0.0,1.0,0.962822948060403,-0.2701332461735772,4.001579999999969,9,7,False
38,37,SUCCESS,0.056,76.6,94,3,4,0.0014810024859092,-2.1819959656180133e-05,-1.3857405214701205e-05,0.9999999996659308,0.9909809871956802,0.1340025485454497,-0.0285392913062855,0.1088697314671046,0.1125482544421924,0.0,0.0,0.0,0.0,1.0,0.9909800270886646,0.1340096485755763,5.928840081910239,10,7,False
38,39,SUCCESS,0.056,60.0,94,3,4,1.9090959104164224e-06,3.2135698994498214e-08,-2.917467646928478e-09,0.9999999999999994,0.7816587627145032,0.6237063240593543,-0.0639123991670433,0.0529177163043759,0.0829763789650879,0.0,0.0,0.0,0.0,1.0,0.7816587365374748,0.6237063568656636,4.6440000000001,10,7,False
38,18,SUCCESS,0.056,51.0,94,3,4,0.0,-1.9300184079495213e-13,2.229075715715957e-12,1.0,-0.4165487158308252,-0.9091133963041632,0.1266912990998056,0.0998947633699212,0.1613370664674704,0.0,0.0,0.0,0.0,1.0,-0.416548715535173,-0.9091133964396286,3.9474001000000434,10,7,False
4,3,SUCCESS,0.064,81.4,93,3,4,17.76040705485945,0.2998533104115238,0.0559976541775953,0.952340409182482,0.0134624101426624,0.99990937765037,-0.0800721398951717,0.1503780517153073,0.1703675615399938,17.655618752040432,20.073809872108423,0.3370278594899503,0.0649563389890281,0.9392512421885664,0.0442361452093723,0.9990211026084562,6.643210257551732,11,7,False
4,113,SUCCESS,0.064,84.4,93,3,4,15.461680387803076,-0.2621068461175407,-0.048706007463398,0.9638089676151032,-0.6872190845194274,0.7264502253233045,-0.0521120368741826,0.1740563680381465,0.1816900757933875,15.562478085738388,17.55352193418375,-0.2961475843320892,-0.0570709897470523,0.953435635176051,-0.7027122991376958,0.7114741208509368,6.833959059089682,11,7,False
4,82,SUCCESS,0.064,63.2,93,3,4,1.4713668590566475e-05,3.683614043972657e-08,-2.541381365018536e-07,0.999999999999967,0.830692828949833,-0.5567310157799037,-0.0560585287500677,0.1583505857927302,0.1679805544297404,0.0,0.0,0.0,0.0,1.0,0.8306928912722663,-0.5567309227892078,4.891680040345631,11,7,False
119,60,SUCCESS,0.05,53.3,92,3,4,0.0,6.447811138583218e-11,5.384967545480636e-11,1.0,0.400749344303347,0.916187733513409,-0.0228782206936803,0.0840651528999465,0.0871226888600215,0.0,0.0,0.0,0.0,1.0,0.4007493442815925,0.9161877335229248,4.125419999999996,12,7,False
119,61,SUCCESS,0.05,85.8,92,3,4,0.0377094500943637,0.0003905931088236,0.0005297204278851,0.9999997834166224,0.7583841189528594,0.6518078920357557,-0.0946101979641912,0.1315567120122517,0.1620440003033065,0.0,0.0,0.0,0.0,1.0,0.7584888812273882,0.6516859804034647,6.6409570765979495,12,7,False
119,24,SUCCESS,0.05,76.6,92,3,4,0.0054444343475222,9.502330527843894e-05,0.0,0.9999999954852856,-0.5053050844677703,-0.8629407694685769,-0.1347748030063931,0.1749860756874406,0.220871850198034,0.0,0.0,0.0,0.0,1.0,-0.5053772204336124,-0.8628985253590343,5.928840841000652,12,7,False
83,58,NEIGHBOR_KNOCKED,0.056,74.89999999999999,91,3,4,0.007578084453138,-0.0001322624062653,1.76661893970425e-07,0.9999999912533124,0.9921188393117076,0.1253004735936368,-0.0212742852375013,0.0678581310355508,0.0711148448638156,28.14672192122999,0.008369995802875,-0.0001459852781522,-5.369268240959688e-06,0.9999999893297348,0.9920828081802706,0.125585435911766,6.005446554161699,13,7,True
83,82,NEIGHBOR_KNOCKED,0.056,63.2,91,3,4,0.0,0.0,0.0,1.0,0.7931494449350738,-0.6090270585115115,0.1121683363,0.0321016917796155,0.1166715658737095,0.0,2.1847134675159885,-0.0163487343971239,-0.0344375533720562,0.9992731227253936,0.8417157569700111,-0.5399209057523159,5.10606493069111,13,7,False
83,59,NEIGHBOR_KNOCKED,0.056,51.8,91,3,4,0.0,-9.501055869249584e-14,-6.401924328532479e-12,1.0,0.9693633244171384,0.2456313198168219,-0.027787856500279,0.1676582799480216,0.1699454730318207,0.0,0.0,0.0,0.0,1.0,0.9693633244729464,0.2456313195965806,4.009319971047642,13,7,False
61,60,SUCCESS,0.084,53.3,90,3,4,0.0,0.0,0.0,1.0,-0.9915189525022806,-0.12996217460777,0.0768473089999999,0.0665901699946054,0.1016846086703977,0.0,0.0,0.0,0.0,1.0,-0.9915189525022806,-0.12996217460777,4.125419999999991,14,7,False
61,100,SUCCESS,0.084,51.2,90,3,4,0.0,-3.544928056500512e-12,5.308231756529057e-13,1.0,-0.6955703761485874,-0.7184579680291064,-0.1255322919998734,0.0607311990979968,0.1394511917432834,0.0,0.0,0.0,0.0,1.0,-0.6955703761432507,-0.7184579680342731,3.9628799999999744,14,7,False
61,101,SUCCESS,0.084,77.3,90,3,4,0.0222289266410854,0.0003879679494292,0.0,0.9999999247404324,-0.9948929810558104,-0.1009354063046414,-0.1452122331530653,0.1026016774405532,0.1778024096319156,0.0,0.0,0.0,0.0,1.0,-0.994900262838642,-0.1008636059418909,5.983041033066687,14,7,False
36,35,SUCCESS,0.064,55.0,89,2,3,0.0,-1.1214659464383056e-10,-4.487423087754101e-12,1.0,0.857361796162075,0.5147142415765671,-0.1258315742082162,0.0898205275192534,0.1546004923393027,0.0,0.0,0.0,0.0,1.0,0.8573617962105957,0.5147142414957457,4.2570000000000245,15,7,False
36,117,SUCCESS,0.064,70.0,89,2,3,1.6108968939569464e-05,-2.1400029050747227e-07,-1.822761437228072e-07,0.9999999999999604,-0.2357948730175161,0.9718028492748172,-0.0087641290436172,0.2284897453236294,0.2286577653961269,0.0,0.0,0.0,0.0,1.0,-0.2357948212200366,0.9718028618427768,5.418000000003928,15,7,False
99,100,SUCCESS,0.048,51.2,88,3,4,0.0,0.0,0.0,1.0,-0.949508150901257,0.3137423646434697,0.0642039405,0.0676391594234178,0.0932587897371291,0.0,0.0,0.0,0.0,1.0,-0.949508150901257,0.3137423646434697,3.962879999999995,16,7,False
99,101,SUCCESS,0.048,77.3,88,3,4,0.0,0.0,0.0,1.0,-0.9156416588452834,0.4019954633911403,0.04052333654,0.1355685491081609,0.1414954851280631,0.0,0.0,0.0,0.0,1.0,-0.9156416588452836,0.4019954633911403,5.983020039999995,16,7,False
99,115,SUCCESS,0.048,83.3,88,3,4,0.3806599010725914,-0.0066437197285392,0.0,0.9999779302505476,-0.2030347529223299,0.9791715320135532,-0.1471712267255539,0.0819405250222176,0.1684447078919996,0.0,0.0,0.0,0.0,1.0,-0.1878300586155853,0.982201541986402,6.454018575564641,16,7,False
32,33,SUCCESS,0.058,84.8,87,3,4,0.3300219470162931,-0.0016708052347768,-0.0055122855979413,0.9999834114210866,-0.6232256414327485,-0.7820420703905508,-0.0797166769971066,0.0694517742814668,0.1057274682488181,0.0,0.0,0.0,0.0,1.0,-0.6263280968274036,-0.7795595648342483,6.568535497688821,17,7,False
32,78,SUCCESS,0.058,73.3,87,3,4,0.007499506502618,-0.0001238612704355,4.231856131442365e-05,0.9999999914337624,-0.0799151473496112,0.9968016699545053,-0.0368054685868914,0.1460767231898061,0.1506421308126379,0.0,0.0,0.0,0.0,1.0,-0.0798507730535106,0.9968068288503832,5.673422250300442,17,7,False
32,86,SUCCESS,0.058,80.0,87,3,4,0.0180753142468226,-0.0002968311150555,0.0001068408657732,0.999999950238158,0.6875577190899307,0.7261297287123367,0.1416846146005612,0.1271641365457101,0.1903818469232967,0.0,0.0,0.0,0.0,1.0,0.6873990490142049,0.7262799373618734,6.192014041862139,17,7,False
115,101,SUCCESS,0.086,77.3,86,2,3,0.0,0.0,0.0,1.0,-0.9731401961658036,-0.2302132893783088,0.188729541,0.1117914946157095,0.2193540013641987,0.0,0.0,0.0,0.0,1.0,-0.9731401961658036,-0.2302132893783088,5.983020000000005,18,7,False
115,100,SUCCESS,0.086,51.2,86,2,3,0.0,0.0,0.0,1.0,-0.6378971338952941,-0.7701215790822702,0.216450425,0.0766275886858324,0.2296139669760656,0.0,0.0,0.0,0.0,1.0,-0.6378971338952942,-0.7701215790822702,3.9628799999999744,18,7,False
21,20,APPROACH_BLOCKED,0.088,76.5,85,2,3,0.0045180085593569,5.306499876065944e-05,5.8327344342647765e-05,0.9999999968910136,0.8078225185850779,-0.5894258040388644,0.0762873469183555,0.0546308420897535,0.0938311686342929,0.0,0.0,0.0,0.0,1.0,0.8078501861775591,-0.589387883055703,5.921100850525208,19,7,False
21,23,APPROACH_BLOCKED,0.088,71.7,85,2,3,0.0002342811512475,4.089003583183132e-06,0.0,0.99999999999164,0.8209103741521638,-0.571057052849673,0.2360127012337807,0.1010161810605614,0.2567221532702738,0.0,23.3222678535749,0.3012782246588641,0.2568465709863393,0.9182925842665628,0.2602137400965435,-0.9655510392853236,18.45522280937045,19,7,False
72,90,GRASP_FAILED,0.088,86.8,90,3,4,6.985371839454577,-0.0505598426156329,0.110608035206271,0.9925772337014842,-0.1720414863848738,0.985089705033244,-0.2558083411530643,0.0701808610755891,0.265260740903726,3.282895105645597,0.0071843960169612,5.171763660914948e-05,-0.0001142290704904,0.9999999921385028,0.1023788172410315,0.9947454839205492,8.998083872760313,1,8,False
72,89,GRASP_FAILED,0.088,53.6,90,3,4,0.0088076811001785,0.0001537230339502,6.515454140075932e-10,0.9999999881846144,0.6967812698270283,-0.7172836691422955,-0.2662703227424237,0.1038177827429444,0.2857936612085994,4.554704363062589e-05,0.0,0.0,9.091079762581786e-16,1.0,0.6965550384921317,-0.7175033646967969,4.148642261540636,1,8,False
72,91,GRASP_FAILED,0.088,51.1,90,3,4,0.0002855448480749,4.493764334215092e-06,2.1548645457920994e-06,0.9999999999875814,0.7607228323638794,-0.6490768616429621,-0.3464355703718765,0.1019205955223735,0.3611168954930283,5.331814711926508e-06,8.708030475445653,0.0805418461569959,0.1281982002002777,0.9884726766497052,0.9881813031108816,-0.1532896349466571,6.151519990043375,1,8,False
89,91,SUCCESS,0.052,51.1,90,3,4,10.752386548715911,0.0993036133231793,0.1579407354942886,0.9824426275627924,0.5258528560452734,0.8505755544271356,-0.0760917974694307,0.029367840831957,0.0815624406038712,10.901289054511954,0.0,-3.783348023779095e-13,-1.476268597180343e-13,1.0,0.5334344827572819,0.8458413873803238,7.040038275619749,2,8,False
89,90,SUCCESS,0.052,86.8,90,3,4,1.5881107829924093e-05,-1.144517151103102e-07,2.527902367206631e-07,0.9999999999999616,-0.5335392175182719,0.8457753267682795,-0.0006360770766557,0.1288739269275647,0.1288754966460992,0.0,0.0,0.0,0.0,1.0,-0.5335392302767474,0.8457753187198691,6.7183200248534725,2,8,False
89,80,SUCCESS,0.052,57.6,90,3,4,0.0,-1.1727787659365318e-09,-1.3294369279230734e-09,1.0,0.458220574293339,-0.8888385147451041,-0.0495720111630348,0.212591846521985,0.218294932369891,0.0,0.0,0.0,0.0,1.0,0.4582205743186358,-0.8888385147320629,4.458240004842507,2,8,False
90,91,SUCCESS,0.092,51.1,89,3,4,0.0,0.0,0.0,1.0,0.5841240153143658,-0.8116644224881502,-0.073491711,0.1254554101162252,0.1453963256521215,0.0,0.0,0.0,0.0,1.0,0.5841240153143658,-0.8116644224881502,3.955139999999996,3,8,False
90,72,SUCCESS,0.092,91.1,89,3,4,0.4197091387091463,0.0069034907131219,0.0024496876555982,0.9999731700632593,-0.1680103190681058,-0.9857852365939722,0.2885387118616789,0.0354424703546276,0.2907073389985805,0.0,0.0,0.0,0.0,1.0,-0.1247744205074214,-0.992185135943407,7.059814559074386,3,8,False
90,80,SUCCESS,0.092,57.6,89,3,4,0.0,0.0,0.0,1.0,0.4870778211789658,-0.8733585724749894,-0.0444157387999999,0.3411636473156994,0.3440427184273789,0.0,0.0,0.0,0.0,1.0,0.4870778211789658,-0.8733585724749894,4.458240000000023,3,8,False
80,91,SUCCESS,0.06,51.1,88,1,2,0.0,0.0,0.0,1.0,-0.4280404505790242,0.9037595768057486,-0.0280697721999999,0.2170162375409668,0.2188240376827857,0.0,0.0,0.0,0.0,1.0,-0.4280404505790242,0.9037595768057486,3.9551400000000023,4,8,False
111,109,SUCCESS,0.082,58.0,87,3,4,0.0,-3.698262338535585e-09,4.3745478310408574e-10,1.0,0.999996312265812,0.002715778852632,-0.0717119726886867,0.0961659482110698,0.1199603960573535,0.0,0.0,0.0,0.0,1.0,0.999996312267136,0.0027157783651978,4.489199999999993,5,8,False
111,31,SUCCESS,0.082,77.5,87,3,4,0.0091423173666505,-0.0001399944269425,-7.656424162163333e-05,0.9999999872697384,-0.8210604927601548,0.5708411926520822,-0.0140362894690139,0.0854272634697196,0.0865727137496731,0.0,0.0,0.0,0.0,1.0,-0.8210049704650755,0.5709210439908837,5.9985035225948975,5,8,True
111,45,SUCCESS,0.082,53.6,87,3,4,0.0,-1.326206715765432e-11,1.1807494395641232e-11,1.0,-0.9838131982134874,-0.179197073137228,0.0365679044684877,0.1503155488302628,0.1546996310834631,0.0,0.0,0.0,0.0,1.0,-0.983813198256314,-0.1791970729021064,4.148640000000028,5,8,False
77,5,NEIGHBOR_KNOCKED,0.07,80.60000000000001,86,3,4,0.0151851562412394,0.0002622496789676,-3.829518275951241e-05,0.9999999648792915,-0.7295127201710875,0.6839672441780968,-0.0639994628680437,0.0808162706264098,0.1030883157557597,0.0,0.0,0.0,0.0,1.0,-0.729653516697638,0.6838170410064155,6.238450060251264,6,8,False
77,76,NEIGHBOR_KNOCKED,0.07,82.0,86,3,4,0.0022504548592117,1.3980828623279336e-05,-3.6705390606045645e-05,0.9999999992286254,0.9945941202917286,-0.1038389901776918,-0.0295690991944267,0.0681084200888476,0.0742501751793811,52.336677039753525,0.1095297179434089,-0.0015697357401978,0.001091030275087,0.9999981727896532,0.9870902306653492,-0.1601651539037991,6.8358365494832505,6,8,True
77,6,NEIGHBOR_KNOCKED,0.07,84.0,86,3,4,0.2576920413207537,-0.0001268485037433,-0.0044957702501817,0.9999898859285102,-0.999866203132332,-0.0163577453744207,-0.0153627695956428,0.1284965071989691,0.1294116186900679,0.0,0.0,0.0,0.0,1.0,-0.9998999284437392,-0.0141468405732629,6.504651469100322,6,8,False
6,5,NEIGHBOR_KNOCKED,0.088,80.60000000000001,85,3,4,0.0,0.0,0.0,1.0,0.7726184323214033,0.6348706624480432,-0.048067709,0.0899356963193629,0.101975164235991,11.114393637893984,0.0237055953862114,0.0002097872618587,0.0003566099470941,0.9999999144093216,0.7759746006420468,0.630764154940986,7.41659172279778,7,8,False
6,76,NEIGHBOR_KNOCKED,0.088,82.0,85,3,4,6.547391870781756e-05,9.383778205505412e-07,-6.521502498458166e-07,0.9999999999993472,0.9990082716597566,-0.0445249722671021,-0.0116895581988601,0.1921409514251569,0.1924962103145125,0.0,0.0,0.0,0.0,1.0,0.9990082799083227,-0.0445247871933603,6.346799960641227,7,8,False
6,75,NEIGHBOR_KNOCKED,0.088,82.0,85,3,4,24.251732609742195,0.2016542674644182,0.3578382052564922,0.9117496231269864,0.9670028007599524,0.2547657420502369,-0.0353706125752116,0.2334208052267528,0.2360854772040233,24.18397516984169,27.339122510688178,0.2650443605981746,0.3750570002850916,0.8883038519854868,0.9647500821690947,0.263167777196838,7.27739605751839,7,8,False
76,75,SUCCESS,0.08,82.0,84,3,4,30.965820425638743,0.2992100893820783,0.4185821177046165,0.8574743921248537,0.5226534564353384,0.8525452272320769,-0.0530704805739748,0.0788677159370191,0.0950609937118005,30.947214034523125,0.0266900018772501,-0.0004312574044743,0.0001761054892186,0.999999891501948,0.5771747677587235,0.8166206508916265,27.336054385003045,8,8,True
76,5,SUCCESS,0.08,80.60000000000001,84,3,4,5.152437303802024e-05,4.559237286285477e-07,7.750086669201637e-07,0.9999999999995955,-0.8861582029720073,0.4633828215476084,-0.0372038650415292,0.1390247132999012,0.1439166372666762,0.0,0.0,0.0,0.0,1.0,-0.8861584522146257,0.4633823449038373,6.238440000378313,8,8,False
76,104,SUCCESS,0.08,48.5,84,3,4,0.0,-7.032934282310698e-14,-9.042344077256613e-15,1.0,0.5025667591259664,-0.8645384043647935,0.1827050789999938,0.2243549020156141,0.2893376365957768,0.0,0.0,0.0,0.0,1.0,0.5025667583536187,-0.8645384048137684,3.753899650261448,8,8,False
75,5,SUCCESS,0.078,80.60000000000001,83,3,4,0.0,0.0,0.0,1.0,-0.9247157806885038,0.3806582784409803,0.0415532488000025,0.14140774354899,0.1473866426154414,0.0,0.0,0.0,0.0,1.0,-0.9247157806885038,0.3806582784409803,6.238440000000009,9,8,False
75,39,SUCCESS,0.078,68.3,83,3,4,0.0003603915999386,-4.186339215121143e-06,-4.694564228001352e-06,0.9999999999802178,0.1253381232125631,0.9921140835960108,-0.2442584181581721,0.1231804826856375,0.2735609733785123,0.0,0.0,0.0,0.0,1.0,0.1253462541706266,0.9921130563425684,5.286420404526603,9,8,False
75,94,SUCCESS,0.078,87.9,83,3,4,0.2423743671050452,0.0042302181118852,0.0,0.9999910525873348,0.0416912314485966,-0.9991305426320926,-0.2850270455478251,0.1358893339650537,0.315763088056834,0.0,0.0,0.0,0.0,1.0,0.0312713010482953,-0.9995109332722414,6.806299193366838,9,8,False
18,4,SUCCESS,0.052,74.7,82,3,4,0.0103897614010207,0.0001790800214747,2.8511846312918155e-05,0.99999998355871,-0.9984544497228376,-0.0555761804073093,-0.0610572068098318,0.1327994791649023,0.1461632107265296,0.0,0.0,0.0,0.0,1.0,-0.9984536471671924,-0.0555905968535293,5.781784351270384,10,8,False
18,3,SUCCESS,0.052,65.19999999999999,82,3,4,3.550439895999203,0.017997278467377,0.0592543504762509,0.9980806680411184,-0.9723015393723436,0.2337300077742938,-0.1353783866190831,0.1451762566968578,0.1985030303851755,3.433583169046747,3.750177837063946,0.0175776769238732,0.0629999978517651,0.997858720232798,-0.9712788701805076,0.2379440193425269,5.049875592429439,10,8,False
18,71,SUCCESS,0.052,56.3,82,3,4,4.303739210980526,-0.0216606421235066,-0.0718497681116641,0.9971802381741716,-0.9684510282567568,-0.2492039443275938,-0.126515962514338,0.1679756364356324,0.2102905209629887,4.463189173570713,5.167338920282204,-0.0241958530511386,-0.0867539116022553,0.9959359013093342,-0.9649767557972662,-0.2623353974799874,4.3883291571713645,10,8,False
116,94,GRASP_FAILED,0.072,87.9,81,3,4,0.0,0.0,0.0,1.0,-0.996513247869096,-0.083434685960848,-0.0155572736400551,0.1609166600494408,0.1616669423369504,0.0,0.0,0.0,0.0,1.0,-0.996513247869096,-0.083434685960848,6.803460000000007,11,8,False
116,119,GRASP_FAILED,0.072,59.7,81,3,4,0.0794173273089402,-0.0013860934009733,0.0,0.9999990393720808,-0.9393695146313072,0.3429065688804203,-0.120526959086812,0.2265100714066296,0.2565805142939552,1.5287103432545643,0.0,-6.613410832880157e-10,0.0,1.0,-0.9391938491159928,0.3433874106351107,4.622638368226105,11,8,False
116,41,GRASP_FAILED,0.072,54.6,81,3,4,0.0423441664654168,-0.0007390450553977,-4.1986949900107374e-08,0.9999997269061648,-0.5859027814480624,0.8103813489286533,-0.0713552514917839,0.2759023987801389,0.2849801845183109,1.3033346664398926,0.0,-7.411428474350592e-12,8.032118823204132e-15,1.0,-0.5854935928444206,0.8106770335578355,4.226919586977163,11,8,False
4,71,SUCCESS,0.072,56.3,81,3,4,5.835666687042768,-0.0271843428680789,-0.0979741674893504,0.9948176084125168,-0.6745958136245711,-0.7381872988884346,-0.0652865421719181,0.0430590137978408,0.0782074885033926,5.848722683829243,6.582327893746467,-0.0306263389943649,-0.1104637353061293,0.9934081691540592,-0.6642242671452009,-0.7475333590786573,4.383676414445343,12,8,False
4,3,SUCCESS,0.072,65.19999999999999,81,3,4,4.200236971422269,0.019581936477116,0.0705760971479838,0.9973141743077578,-0.2462605596413802,0.9692036611389344,-0.0697808215980847,0.0394179104514971,0.0801444616131768,4.189160009484096,4.704198682385908,0.0219111096498032,0.0790303513261767,0.9966313796199552,-0.2347021234188941,0.9720673398806596,5.060157790275016,12,8,False
4,115,SUCCESS,0.072,84.0,81,3,4,0.1531963519567281,0.0016194303440506,0.0021275647556817,0.9999964254503968,-0.8730508710999754,0.4876291382511657,-0.1434561462268299,0.1471520739264031,0.2055076610520766,0.0,0.0,0.0,0.0,1.0,-0.8747219206820424,0.4846251762737041,6.502679730660584,12,8,False
71,3,NEIGHBOR_KNOCKED,0.056,65.19999999999999,80,2,3,5.271981279802732,0.0245982981370802,0.0885298172156369,0.9957697500891084,0.2663367019694862,0.9638800553927948,0.0009680336261207,0.0605683262084898,0.0605760615160753,22.96800417930393,6.426029312200948e-05,-2.9482363678299943e-08,1.1212066012677084e-06,0.9999999999993712,0.2776271433442356,0.9606889034846396,7.055751827899626,13,8,True
71,115,NEIGHBOR_KNOCKED,0.056,84.0,80,2,3,0.0,0.0,0.0,1.0,-0.7250637707901955,0.6886817322156172,-0.0787804844945029,0.1400372464194792,0.160676056467473,0.0,0.0,0.0,0.0,1.0,-0.7250637702260879,0.6886817328095254,6.501599617032759,13,8,False
99,98,GRASP_FAILED,0.078,66.10000000000001,79,3,4,0.3575893982396211,0.0062278672155037,0.0004057681828779,0.9999805243214128,0.9883796962191472,0.1520051844568012,0.0746179870189475,0.1788598703978627,0.1938006636353448,30.952120469404942,0.1617127286371146,-0.0027038807889622,-0.0008093575740387,0.999996016976566,0.9881182456621784,0.1536955841574458,4.9513509732957335,14,8,False
99,54,GRASP_FAILED,0.078,90.1,79,3,4,4.767215956631623,0.0532414564285152,-0.0638140132980941,0.99654057570385,0.8207548518492365,0.5712805555643724,-0.1193969517464416,0.123386186580871,0.171696776688765,49.94052073399884,10.895128812025453,-0.1081316939462278,0.1550259880949058,0.981974785714744,0.5956177275617727,0.8032680266350394,10.159299345789094,14,8,False
99,55,GRASP_FAILED,0.078,50.0,79,3,4,4.4083170081835664e-05,7.688306199534822e-07,-3.236212503823916e-08,0.999999999999704,-0.1787506993005957,0.983894398550753,-0.0582954283159184,0.1473637555386255,0.1584753400658416,90.0,0.0023385047197696,-4.081459535926427e-05,3.1842167499372944e-08,0.999999999167084,-0.2040102509132915,0.9789687520663242,3.871183953105748,14,8,False
55,54,SUCCESS,0.052,90.1,79,3,4,19.955601702611883,-0.0678078473703987,-0.3344880275981921,0.9399573688356636,0.7489423828149603,-0.6626351237471866,-0.0471161103503126,0.159160750370316,0.1659881691958342,19.94902286773121,7.657111044703541,-0.0653658255090002,-0.116109276416016,0.9910832178912504,0.8241662977890696,-0.566347873297551,14.118309218396398,15,8,False
55,99,SUCCESS,0.052,77.3,79,3,4,0.029052386505979,-0.0002273918470645,0.0004532135995786,0.9999998714451824,0.2062901439822595,-0.9784908668433134,0.0621078614865041,0.1491843298456242,0.1615962584032031,0.0,0.0,0.0,0.0,1.0,0.2062748658367865,-0.9784940877307412,5.983055412722221,15,8,False
55,107,SUCCESS,0.052,77.8,79,3,4,0.0331362650378636,0.0004678760278085,-0.0003399493875208,0.9999998327632044,0.9894023867055955,-0.1451995770698759,-0.0248575167985002,0.1516928463061246,0.1537160231135364,0.0,11.82573522738548,0.0980441124558279,0.1799610920062772,0.9787754376651762,0.99869490351698,-0.0510733755415723,11.45863384801351,15,8,False
107,54,NEIGHBOR_KNOCKED,0.078,90.1,78,3,4,8.78082099508619,-0.0723849267356251,-0.134402310143254,0.98827953606742,-0.4682897827991146,-0.8835749426766009,-0.0344942972869433,0.0720710166411268,0.0799004880148151,0.1573872262091985,0.0041310131457463,-4.716583018432464e-06,-7.194534251847336e-05,0.9999999974008108,-0.4723194377195753,-0.8814274495114526,10.109168835128733,16,8,True
107,108,NEIGHBOR_KNOCKED,0.078,53.0,78,3,4,0.0,-5.903006189055064e-12,2.079682267680485e-12,1.0,0.5384548006105144,0.8426543939833762,-0.1383348167520502,0.1285566520790875,0.1888473836715957,0.0,0.0,0.0,0.0,1.0,0.5384548016147881,0.8426543933416469,4.102199845079267,16,8,False
107,98,NEIGHBOR_KNOCKED,0.078,66.10000000000001,78,3,4,0.0,-1.3985226089423288e-08,-4.1860281230459435e-09,1.0,0.4790348986613993,-0.8777958566001909,0.1640933708955541,0.1165575958823679,0.2012766939557168,0.0,0.0,0.0,0.0,1.0,0.4790348851504358,-0.8777958639734574,5.116139845079251,16,8,False
117,3,SUCCESS,0.074,65.19999999999999,77,3,4,0.0,-8.25838147512569e-14,3.126227123117716e-12,1.0,-0.4181364269124496,-0.9083842405551132,0.1534829091324491,0.1709296612600782,0.2297258202602501,0.0,0.0,0.0,0.0,1.0,-0.4181364269133041,-0.9083842405547198,5.046479999999992,17,8,False
117,115,SUCCESS,0.074,84.0,77,3,4,0.0,0.0,0.0,1.0,-0.8599890544954578,-0.5103124789264011,0.0759287273329286,0.2189526980934948,0.2317443756314688,0.0,0.0,0.0,0.0,1.0,-0.8599890544954578,-0.510312478926401,6.501600200000055,17,8,False
117,113,SUCCESS,0.074,53.6,77,3,4,0.0,3.686614665322172e-11,-4.1032588508412966e-12,1.0,-0.8768350054336648,-0.4807914030493318,-0.0313376832757274,0.2851840999284682,0.2869007167037063,0.0,0.0,0.0,0.0,1.0,-0.8768350054358888,-0.4807914030452758,4.148639599999969,17,8,False
2,1,SUCCESS,0.076,87.8,76,3,4,0.5499526231649199,0.0010162435866463,0.0095443865606515,0.9999539349060804,-0.9651327481475016,-0.26176091849864,-0.0526603087868946,0.1234319324194802,0.1341959390679846,0.0,0.0,0.0,0.0,1.0,-0.9631695635684258,-0.2688947597395832,6.810285212192047,18,8,False
2,26,SUCCESS,0.076,54.5,76,3,4,0.0,-7.311999824186129e-11,-8.626006811336587e-12,1.0,-0.8236626765553933,0.5670800607053694,-0.1299786003233619,0.1125680344005243,0.1719476632897867,0.0,0.0,0.0,0.0,1.0,-0.8236626765159947,0.5670800607625945,4.218299999999981,18,8,False
2,27,SUCCESS,0.076,74.30000000000001,76,3,4,0.0113731318031665,-8.55481994193017e-05,-0.0001791178318547,0.9999999802991536,-0.8265253622579102,0.5628994808528699,-0.1816402299667421,0.0449956398622109,0.1871303843553493,0.0,0.0,0.0,0.0,1.0,-0.8259753379966953,0.5637062541973834,5.750825236896644,18,8,False
108,106,NEIGHBOR_KNOCKED,0.062,76.8,75,2,3,1.7090146845623015,0.0280674908467791,-0.0100825457992003,0.9995551801815512,0.9400772434323216,-0.3409615467771809,0.0029729516771717,0.0648120383285655,0.0648801876845177,33.88068174285188,0.0056362884291603,9.814400959108254e-05,-6.690475306205855e-06,0.9999999951614954,0.9520630871421276,-0.30590174582928,6.576330773648291,19,8,True
108,54,NEIGHBOR_KNOCKED,0.062,90.1,75,2,3,0.0001084292530739,-1.237985225291855e-07,-1.8883855303659648e-06,0.9999999999982092,-0.5100984509817523,-0.8601160214215389,0.0881561215950336,0.1861980125348682,0.2060126249689889,0.0,0.0,0.0,0.0,1.0,-0.5100983051165858,-0.860116107927986,6.97374004730506,19,8,False
106,54,SUCCESS,0.08,90.1,74,2,3,0.0,0.0,0.0,1.0,-0.734807246381129,-0.6782759841434626,0.0840366442,0.2085231862586099,0.2248200986919103,0.0,0.0,0.0,0.0,1.0,-0.734807246381129,-0.6782759841434626,6.973740000000007,20,8,False
106,112,SUCCESS,0.08,53.400000000000006,74,2,3,0.0,6.210562627560783e-12,1.2781567840764603e-11,1.0,0.9403088603457438,-0.3403222695553268,0.2802895738001569,0.1053739924993446,0.2994426881330141,0.0,0.0,0.0,0.0,1.0,0.940308859943548,-0.3403222706665917,4.133159599999994,20,8,False
1,26,SUCCESS,0.088,54.5,73,3,4,0.0,0.0,0.0,1.0,0.2651019747531822,0.9642203809202352,-0.072597184992441,0.10055035548814,0.1240190519945142,0.0,0.0,0.0,0.0,1.0,0.2651019747531822,0.9642203809202352,4.218299999999994,21,8,False
1,28,SUCCESS,0.088,94.2,73,3,4,0.3808403046198991,0.0031220415177247,-0.0058680247861746,0.9999779093269364,-0.642899072343379,0.7659509010243561,-0.0609610894778079,0.0651453638819279,0.08921980086074,0.0,0.0,0.0,0.0,1.0,-0.6410672358107979,0.7674847224342012,7.298579951918726,21,8,True
1,27,SUCCESS,0.088,74.30000000000001,73,3,4,0.0,0.0,0.0,1.0,0.8148145485663884,0.5797217017194999,-0.127322494992441,0.1008859114588363,0.1624468678121568,0.0,0.0,0.0,0.0,1.0,0.8148145485663884,0.5797217017194998,5.75081999999999,21,8,False
27,26,SUCCESS,0.078,54.5,72,2,3,0.0,0.0,0.0,1.0,-0.8221146856923531,0.5693219155881524,0.05779035,0.0675662551304752,0.0889096360665084,0.0,0.0,0.0,0.0,1.0,-0.8221146856923531,0.5693219155881524,4.218299999999994,22,8,False
27,28,SUCCESS,0.078,94.2,72,2,3,0.0,0.0,0.0,1.0,-0.9979825750456792,-0.0634884233950954,0.063707011,0.1246944005954252,0.1400259861254564,0.0,0.0,0.0,0.0,1.0,-0.9979825750456792,-0.0634884233950954,7.291079999999998,22,8,False
73,72,NEIGHBOR_KNOCKED,0.06,74.6,99,2,3,0.0076290063440232,-9.909690681879764e-05,-8.893293015502914e-05,0.9999999911353684,0.993046234141069,-0.1177250052378046,-0.0178989043600508,0.0940750814047877,0.0957626843744873,17.29781958905277,0.0057859086662951,-9.912674053384652e-05,1.9274004327145476e-05,0.9999999949012012,0.9933023025978812,-0.1155445180601298,6.019067136667815,1,9,False
73,71,NEIGHBOR_KNOCKED,0.06,88.4,99,2,3,0.0584321270098975,-0.0010198328285399,0.0,0.9999994799703658,0.9623873172301712,0.2716811580410269,-0.1011801937283525,0.1115506652805258,0.1506020668099706,0.0,0.0,0.0,0.0,1.0,0.9624893309407988,0.2713195308582364,6.842325600153187,1,9,False
71,72,APPROACH_BLOCKED,0.088,74.6,98,3,4,2.091309789151873e-06,3.461713140299093e-08,-6.73088561669769e-09,0.9999999999999992,-0.3603068044240777,-0.9328338580292364,0.0853437378279484,0.0439218565652521,0.0959827227712581,0.0,0.0,0.0,0.0,1.0,-0.360306772827843,-0.932833870233272,5.774040000000216,2,9,False
71,59,APPROACH_BLOCKED,0.088,74.89999999999999,98,3,4,0.0055928547462719,-9.746618211347426e-05,5.365040121620751e-06,0.99999999523578,0.1310025558098562,0.991382030486374,-0.0248185061294307,0.183283002357948,0.1849557168617401,0.0,0.0,0.0,0.0,1.0,0.1310380811574435,0.991377335471502,5.797260754010881,2,9,False
71,5,APPROACH_BLOCKED,0.088,51.3,98,3,4,0.0,4.853821408678563e-13,1.3583101006673866e-13,1.0,0.6982854147593145,0.7158194461834719,0.1137827383001179,0.2704420270113338,0.2934031382059028,0.0,0.0,0.0,0.0,1.0,0.6982854145606223,0.7158194463772969,3.970620000000052,2,9,False
9,11,SUCCESS,0.05,52.6,98,2,3,28.648437865669276,-0.479363358769526,-0.0082260048616097,0.8775779755173984,0.4397450045617548,-0.898122670331276,0.0819984174588333,0.0909225709381507,0.1224363278269818,28.646946664312907,35.543549000272016,-0.5760876215373723,-0.07783203998048,0.8136739063432539,0.5420247959244194,-0.8403624935723223,6.004965301186605,3,9,False
9,10,SUCCESS,0.05,52.2,98,2,3,1.070084368821078,0.0185643049131026,0.0020340877642363,0.999825599327233,0.2310798164378009,-0.9729347965999942,0.132439241191513,0.0831844230565125,0.1563962942228127,1.0815261987392824,0.0,-4.24037915408791e-13,-3.889299330756539e-14,1.0,0.2523036388182277,-0.9676481146775832,4.083505572739404,3,9,False
118,117,SUCCESS,0.072,81.4,97,3,4,0.015125227479805,-0.0002025805584831,-0.0001692607643648,0.9999999651559548,0.965617240889299,-0.2599679674447175,0.092998299532529,0.0480755047204792,0.1046897218931773,0.0,0.0,0.0,0.0,1.0,0.9655627082630543,-0.2601704372362778,6.300369574512271,4,9,False
118,21,SUCCESS,0.072,77.3,97,3,4,0.0117975589718717,0.0002038531620586,2.900466172947278e-05,0.9999999788013086,0.6427173746691478,0.766103371809835,0.028367960363387,0.1786801649434323,0.1809180547081768,0.0,0.0,0.0,0.0,1.0,0.6427081320642859,0.7661111257372761,5.983026112697963,4,9,False
118,20,SUCCESS,0.072,85.8,97,3,4,0.0164418892563224,-0.0002869650989451,0.0,0.9999999588255152,0.8092106613471952,0.5875186001838877,-0.0329894792637874,0.2286575468173672,0.2310250624036975,0.0,0.0,0.0,0.0,1.0,0.8092461067138083,0.5874697768979641,6.640932191696511,4,9,False
38,39,APPROACH_BLOCKED,0.094,51.3,96,3,4,0.0,-1.2158300201778e-13,5.321631006286034e-13,1.0,0.9998974439724516,0.0143213664626657,0.0571387563736058,0.0800292364440804,0.0983336980172352,0.0,0.0,0.0,0.0,1.0,0.9998974439724552,0.0143213664624207,3.970620000000008,5,9,False
38,37,APPROACH_BLOCKED,0.094,82.60000000000001,96,3,4,0.041910984147487,0.0007193183683729,0.0001328563367932,0.9999997324651037,0.390740623024657,0.92050082320349,0.0900488106409911,0.0404790744574479,0.098728637014742,0.0312676420399793,8.28116426743887e-05,-2.2877084600992977e-07,-1.427155401732219e-06,0.9999999999989556,0.3913557047632978,0.920239486410588,6.39332681850822,5,9,True
38,47,APPROACH_BLOCKED,0.094,80.0,96,3,4,0.0776365079634591,0.0001210605944301,0.0013495934875707,0.999999081970454,0.954615088920214,0.2978422938500381,-0.2177669142633633,0.1059529157450212,0.2421744191748141,0.0,0.0,0.0,0.0,1.0,0.9555387742419992,0.2948654793632139,6.192261084238782,5,9,False
63,62,NEIGHBOR_KNOCKED,0.084,63.70000000000001,96,3,4,5.539668707000711e-05,-9.66227564393074e-07,-3.28258638184009e-08,0.9999999999995326,0.9974877164370164,0.070839646789537,-0.0232998647834625,0.0972293635442076,0.0999821625798288,23.30946236186781,1.8821788102366937e-05,3.2186376317813864e-07,-6.35833641445466e-08,0.999999999999946,0.9979171188871164,0.0645090988313778,5.221649746997272,6,9,False
63,64,NEIGHBOR_KNOCKED,0.084,51.8,96,3,4,0.0,1.602480066660066e-12,5.695930028545171e-13,1.0,0.9134482532725938,0.4069548974926426,-0.0886919744474887,0.1049351728903951,0.1373959855342619,0.0,0.0,0.0,0.0,1.0,0.9134482531957616,0.4069548976650994,4.009320042620502,6,9,False
63,89,NEIGHBOR_KNOCKED,0.084,79.0,96,3,4,0.0320244256208622,-0.0004632373898722,0.0003127550121939,0.9999998437976992,0.9840221786381848,-0.1780459265138076,-0.1647808269563929,0.1751315448305453,0.2404657541671288,0.0,0.0,0.0,0.0,1.0,0.983974149910251,-0.17831116708832,6.114644093261933,6,9,False
52,108,SUCCESS,0.054,81.4,95,3,4,0.0047490050702538,-8.288577382257446e-05,0.0,0.9999999965649742,-0.988347281684786,-0.1522158033395156,0.0115037406148385,0.1711122289798669,0.171498486741405,0.0,0.0,0.0,0.0,1.0,-0.9883468903349402,-0.1522183443782448,6.300360945700956,7,9,False
52,55,SUCCESS,0.054,68.3,95,3,4,0.000210095983257,-3.4758458326667467e-06,1.1680957089872332e-06,0.999999999993277,-0.9679958517913316,-0.250966194764901,-0.116756335492729,0.1672851748351573,0.2040009107757116,0.0,0.0,0.0,0.0,1.0,-0.9679953840275046,-0.2509679989589188,5.286420401627274,7,9,False
52,116,SUCCESS,0.054,60.400000000000006,95,3,4,0.0,3.120812501977188e-09,-8.012453323911571e-09,1.0,0.3132697721100906,0.9496641774238364,0.1736019387846368,0.1380329439987176,0.2217898256880552,0.0,0.0,0.0,0.0,1.0,0.3132697810433399,0.9496641744769876,4.6749604000000815,7,9,False
64,62,APPROACH_BLOCKED,0.05,63.70000000000001,94,2,3,0.0,2.704176551873157e-13,-5.3356217896998904e-14,1.0,-0.0217608719065338,-0.999763204190806,0.0636849838000017,0.0365676885754051,0.0734368641034888,0.0,0.0,0.0,0.0,1.0,-0.0217608719063303,-0.9997632041908104,4.930380000000032,8,9,True
64,89,APPROACH_BLOCKED,0.05,79.0,94,2,3,0.0,0.0,0.0,1.0,0.7193362183516909,-0.6946620796959398,-0.080209796,0.1064559673854214,0.1332909763124553,0.0,0.0,0.0,0.0,1.0,0.7193362184106189,-0.6946620796349189,6.114600200000028,8,9,False
89,88,SUCCESS,0.078,48.5,94,3,4,0.0,3.340643784097581e-14,4.3013928423060964e-14,1.0,0.9525159241914612,-0.304488775099652,-0.1279186629999991,0.0466083020477477,0.1361452098440537,0.0,0.0,0.0,0.0,1.0,0.9525159241914092,-0.3044887750998147,3.753900000000004,9,9,False
89,64,SUCCESS,0.078,51.8,94,3,4,0.0,0.0,0.0,1.0,-0.7193362183516909,0.6946620796959398,0.0924389961999999,0.1064559673854214,0.1409887974643004,0.0,0.0,0.0,0.0,1.0,-0.7193362188049818,0.6946620792265482,4.009320199999944,9,9,False
89,62,SUCCESS,0.078,63.70000000000001,94,3,4,0.0,0.0,0.0,1.0,-0.900372835000524,0.4351192457167567,0.14626322,0.0859348203235773,0.1696399801603794,0.0,0.0,0.0,0.0,1.0,-0.9003728356614737,0.4351192443490824,4.930379999999966,9,9,False
45,46,SUCCESS,0.052,51.8,93,2,3,0.0,1.3169780412821183e-14,1.0300649680027998e-13,1.0,0.8975234333461577,0.4409667635939531,-0.0056323001999957,0.0734036221825371,0.0736193898036348,5.309114641698945,0.0,-5.273791531384205e-14,1.197847382525518e-13,1.0,0.897853876289529,0.4402935575634365,4.018580864143424,10,9,False
45,65,SUCCESS,0.052,76.8,93,2,3,0.0147707448061821,0.0001779118311792,-0.0001865670243278,0.9999999667700624,-0.9957165576063508,0.0924582982136192,-0.0038585690650181,0.2426493959439161,0.2426800731563614,0.0,0.0,0.0,0.0,1.0,-0.9957134890149004,0.0924913390203315,5.944329180739572,10,9,False
82,83,SUCCESS,0.086,82.3,92,3,4,0.0168437769732047,0.0002939793625774,0.0,0.9999999567880664,0.6774671058807954,-0.7355530711304924,-0.0074695350827005,0.1185647264667427,0.1187997824765905,0.0,0.0,0.0,0.0,1.0,0.6773941729476143,-0.7356202379330097,6.370032850310444,11,9,False
82,64,SUCCESS,0.086,51.8,92,3,4,0.0,0.0,0.0,1.0,0.9868996845779028,0.1613350940745242,0.1512368496864279,0.2017530147818,0.2521445293410516,0.0,0.0,0.0,0.0,1.0,0.9868996848017588,0.161335092705181,4.009319899999988,11,9,False
82,62,SUCCESS,0.086,63.70000000000001,92,3,4,0.0,0.0,0.0,1.0,0.9997957124417332,-0.0202122087641834,0.2032189536864279,0.1983547630610158,0.2839763285317955,0.0,0.0,0.0,0.0,1.0,0.9997957124415272,-0.0202122087743712,4.930379900000032,11,9,False
54,55,SUCCESS,0.088,68.3,91,3,4,0.0,0.0,0.0,1.0,0.8793384478523042,-0.4761973268810949,0.0858848871215674,0.0875249772712334,0.122624775156631,0.0,0.0,0.0,0.0,1.0,0.8793384478523042,-0.4761973268810949,5.28642,12,9,False
54,13,SUCCESS,0.088,82.8,91,3,4,12.507128641403028,0.1642303036427874,0.1411634134838487,0.9762690705225614,-0.8484168585084592,-0.5293286636850842,0.0992518286764425,0.1153283612610575,0.1521563551310917,19.81828104806021,23.785427775907053,0.3196220638373545,0.2459731130957183,0.9150622732592308,-0.8310930555583801,-0.5561333769903004,11.153394883815247,12,9,False
54,12,SUCCESS,0.088,57.0,91,3,4,57.97500859574961,-0.6928938662288837,-0.4885606841939154,0.5302891173712346,0.0197462672287578,0.999805023457339,0.1921028834569454,0.0137772402705067,0.1925962880793502,44.63056966982173,49.471836221855234,-0.6025055116783087,-0.4633776044905775,0.6498217479077115,-0.998421764303135,-0.0561603113044732,6.13669698950071,12,9,False
24,25,SUCCESS,0.054,55.0,90,2,3,35.43947005426967,-0.5453967955169773,0.19687491509714,0.8147285457410378,-0.6906594986838612,-0.7231800998905856,0.0215361763803509,0.107144472550137,0.109287441598441,35.00904094534122,40.7297470593243,-0.6522487978808158,0.0178106927431657,0.7577956748933312,-0.594103459163462,-0.8043886372954361,7.99036383214878,13,9,False
24,23,SUCCESS,0.054,62.3,90,2,3,0.0,-4.246965018726701e-09,8.432150243453676e-09,1.0,-0.4797437612640353,-0.8774086411292269,0.051278849868476,0.0991466698130803,0.1116225003252376,0.0,0.0,0.0,0.0,1.0,-0.4797437626047979,-0.8774086403961333,4.82201998336845,13,9,False
43,42,SUCCESS,0.064,82.8,89,2,3,0.120198030795692,0.0008084319889194,-0.0019358232680683,0.999997799510576,0.8987161039896102,-0.4385309161618324,0.0491362521794806,0.097481840680726,0.1091653816040047,0.0,0.0,0.0,0.0,1.0,0.8987046284375961,-0.4385544331378289,6.409378955450518,14,9,False
43,44,SUCCESS,0.064,89.2,89,2,3,0.5769376581653808,0.0018915594191988,0.009890027062437,0.9999493033987612,0.9796258566656416,0.2008312250425912,-0.072322048933727,0.096813370908359,0.1208441456944104,0.0,0.0,0.0,0.0,1.0,0.9819508680937048,0.1891361748847108,6.920312972125872,14,9,False
44,42,SUCCESS,0.094,82.8,88,1,2,7.485641620798738,-0.1268155714536264,-0.0298345109983122,0.9914775402349676,0.0487061174317684,-0.9988131527591748,0.124719622252075,0.0587464258823334,0.1378627097102359,0.0,0.0,0.0,0.0,1.0,-0.1140155294646936,-0.9934789675885874,8.589271904955728,15,9,False
15,14,SUCCESS,0.058,48.4,102,3,4,0.0,-3.423054495729146e-14,1.2584759175474802e-16,1.0,-0.9684916428832878,-0.2490460553095154,-0.0226664977999964,0.1023026755745429,0.1047836225381974,0.0,0.0,0.0,0.0,1.0,-0.9684916428832868,-0.2490460553095196,3.7461600000000055,1,10,False
15,87,SUCCESS,0.058,80.4,102,3,4,0.0205492205981649,7.410917966767625e-10,0.0003586515504559,0.9999999356845306,0.309191470818038,-0.9509998077672668,-0.038051573059482,0.1264594735428715,0.1320602917649409,0.0,0.0,0.0,0.0,1.0,0.309121581218476,-0.9510225276117223,6.222978422497353,1,10,False
15,88,SUCCESS,0.058,60.0,102,3,4,1.7075472925031875e-06,-2.494555260702788e-08,5.4309950650177825e-09,0.9999999999999996,0.8908299517523908,-0.4543368761842176,-0.0713414182347199,0.1350649772075801,0.1527486367331157,0.0,0.0,0.0,0.0,1.0,0.890829953905128,-0.4543368719632906,4.644000000000074,1,10,False
32,31,NEIGHBOR_KNOCKED,0.086,85.3,101,3,4,32.0005239574805,0.5274430849513079,0.0512487858962577,0.8480432501241943,0.99361886067077,0.1127898919199818,0.0412742270330687,0.0694607654516068,0.0807982657877039,98.39167985876688,0.0993218149558833,0.0005263110593627,0.0016516629696738,0.999998497501923,0.9999545081209992,0.0095384321819988,32.3484602306361,2,10,True
32,85,NEIGHBOR_KNOCKED,0.086,78.0,101,3,4,0.0146257061395575,0.0002552667249717,0.0,0.9999999674194492,-0.9908520228598344,-0.1349528391497348,-0.1532888976755179,0.1557369928289855,0.2185211593553148,0.0,0.0,0.0,0.0,1.0,-0.990857921633755,-0.1349095220347158,6.037208721269407,2,10,False
32,86,NEIGHBOR_KNOCKED,0.086,55.0,101,3,4,38.978709418394914,0.411223493718358,-0.4759999484745309,0.7773797574328208,-0.352370122024349,-0.9358607252708842,-0.2205162359757951,0.1694894702256761,0.2781260341038086,38.25096317748022,41.5946647696214,-0.2791342691622188,-0.6023201925470448,0.7478599102969519,-0.7443543232091989,-0.6677848766779433,22.97663658883588,2,10,False
88,87,SUCCESS,0.058,80.4,100,3,4,0.0,0.0,0.0,1.0,-0.8094034947131155,-0.5872529120797917,0.03017506,0.1003451795433468,0.1047840126335603,0.0,0.0,0.0,0.0,1.0,-0.8094034947131155,-0.5872529120797917,6.22296,3,10,False
88,38,SUCCESS,0.058,88.4,100,3,4,0.4454650892978793,0.0076060724842976,0.0016107339813455,0.9999697761419616,-0.9873930097778482,0.1582878524771944,-0.1981197233041387,0.1160068410932831,0.2295844331450866,0.0,0.0,0.0,0.0,1.0,-0.9883063160744756,0.1524815582531174,6.851776969912227,3,10,False
88,14,SUCCESS,0.058,48.4,100,3,4,0.0,0.0,0.0,1.0,-0.9868851668806478,0.16142387490999,0.0504705970999999,0.2223148380003301,0.2279718587166924,0.0,0.0,0.0,0.0,1.0,-0.9868851668806478,0.16142387490999,3.7461599999999984,3,10,False
38,37,SUCCESS,0.092,84.9,99,3,4,0.3447016410140014,0.0017893672076762,-0.0057438778659199,0.9999819028522752,-0.9131065584272124,-0.4077209989161845,-0.0046059631796323,0.0955875893876754,0.0956984960266302,0.0,0.0,0.0,0.0,1.0,-0.9144505576411776,-0.4046976372920151,6.576777090158663,4,10,True
38,87,SUCCESS,0.092,80.4,99,3,4,0.0,0.0,0.0,1.0,0.4153106710691885,-0.9096796394863744,0.2286840719788418,0.0845977699261145,0.2438302431063381,0.0,0.0,0.0,0.0,1.0,0.4153106671564751,-0.9096796412727084,6.222960300000065,4,10,False
38,14,SUCCESS,0.092,48.4,99,3,4,0.0,0.0,0.0,1.0,-0.985313010567686,0.1707579316050737,0.2539332089788419,0.1045811019400417,0.2746257116609543,0.0,0.0,0.0,0.0,1.0,-0.985313010567686,0.1707579316050737,3.746160300000079,4,10,False
62,61,SUCCESS,0.08,85.5,98,3,4,7.76456262777932,-0.0326093708068494,0.131108304219942,0.9908315908872468,-0.0813747044582275,0.9966835794144178,-0.1258398856239574,0.1092109323698624,0.1666214408860557,7.372780585098519,8.766092959336959,-0.0203149035471569,0.1510409392661859,0.9883187438066012,-0.0594186830742873,0.9982331491699308,6.735660809940763,5,10,False
62,47,SUCCESS,0.08,53.8,98,3,4,24.60327487461857,0.1253292562862102,-0.3970208375962384,0.909212314057133,0.5751543144521541,-0.8180449343202809,-0.1667919380352262,0.047261882809937,0.1733586921970945,24.95209748224674,29.814700730820267,0.0673307565496914,-0.4926165049063322,0.8676379131390672,0.2482555297680556,-0.9686945813514092,5.591515648415316,5,10,False
62,46,SUCCESS,0.08,84.0,98,3,4,0.009702018140552,-5.1351510227730285e-06,-0.0001692542776911,0.9999999856633096,-0.8520184498692824,0.5235117583038083,-0.1864774329832236,0.0755787366917118,0.2012112781429703,0.0,0.0,0.0,0.0,1.0,-0.8517800007428477,0.5238996376544983,6.501597972868829,5,10,False
61,47,NEIGHBOR_KNOCKED,0.084,53.8,97,3,4,35.5081657284054,0.0752900668267015,-0.5759184746440956,0.8140327489731903,0.1057539706523403,-0.9943923258408948,0.0130292112520372,0.0663630183275472,0.0676299530340853,31.19782115385228,0.0,-1.4680894909303498e-11,-5.989638468971572e-11,1.0,0.1470055256905671,-0.9891356708846568,19.91400032397869,6,10,False
61,46,NEIGHBOR_KNOCKED,0.084,84.0,97,3,4,0.0,0.0,0.0,1.0,-0.7578127272726677,-0.6524721223037513,-0.0467872708227984,0.0796602050559076,0.0923839649538551,2.709334190251711,0.021223045382904,0.0003610232631605,-8.286894074163449e-05,0.9999999313974688,-0.7555245005685907,-0.6551203927833279,6.50261328437727,6,10,True
61,60,NEIGHBOR_KNOCKED,0.084,82.60000000000001,97,3,4,0.1245873748969793,-0.0021416229685358,-0.0003764564492092,0.9999976358630068,-0.2775854871915898,-0.9607009406160733,-0.2743617901816095,0.1731374928522119,0.324424079474393,0.0,0.0,0.0,0.0,1.0,-0.274093994219427,-0.9617029075202178,6.393945205477109,6,10,False
28,27,SUCCESS,0.082,83.3,96,3,4,0.0268595916877173,0.0004687882933115,0.0,0.999999890118762,-0.9666977172325456,-0.2559209321204218,-0.0668751616602476,0.106339165739064,0.1256196856275496,0.0,0.0,0.0,0.0,1.0,-0.9667306948567472,-0.2557963323071519,6.447453014747828,7,10,False
28,57,SUCCESS,0.082,86.8,96,3,4,13.518014161356453,-0.2335063019635647,-0.0106944120064579,0.9722964756159188,0.8136210383694544,-0.5813955675120089,-0.1133175793933757,0.1456319490960986,0.1845251700909734,13.567467172651316,14.910403781943584,-0.2562710673492927,0.0230799181218738,0.9663293731534512,0.818116244260496,-0.5750528765923186,7.0715026426938765,7,10,False
28,58,SUCCESS,0.082,84.6,96,3,4,17.9754531037126,0.2889985611653098,0.1082573857840324,0.9511888193558564,0.9636149638482264,-0.267294222623276,-0.0694577178600409,0.2503587961801973,0.2598151292652578,17.0183854584755,19.546371871615623,0.3335054009191533,-0.0266647892767882,0.9423710185328172,0.9347483562957196,-0.3553104422930044,9.462980404019111,7,10,False
34,72,SUCCESS,0.084,83.3,95,3,4,0.0181288456679356,-0.0002900371784436,0.0001264613920918,0.9999999499429744,-0.1260234785341302,0.9920272591305932,-0.075169647675748,0.1793079907621073,0.1944269309608112,0.0,0.0,0.0,-6.5874446356856056e-18,1.0,-0.1258390757801581,0.9920506675602792,6.447432729263715,8,10,False
34,16,SUCCESS,0.084,54.9,95,3,4,0.0,1.4421945862629063e-10,2.5582742242319798e-11,1.0,-0.9726300275886612,0.2323592680158902,-0.1487413909202364,0.2149654112712237,0.2614079750426389,0.0,0.0,0.0,0.0,1.0,-0.9726300272473044,0.2323592694447713,4.2492599999999765,8,10,False
34,17,SUCCESS,0.084,86.2,95,3,4,0.1520454334470759,-0.0026448089943848,0.0002169277609992,0.999996478957666,-0.9330745753463456,0.3596829671283262,-0.1525901272882353,0.3192607131741394,0.3538518756800647,0.0,0.0,0.0,0.0,1.0,-0.932903790009206,0.3601256983144348,6.672966719582417,8,10,False
27,57,SUCCESS,0.088,86.8,94,3,4,0.0203979378897541,0.0003454606077856,-8.602860598309364e-05,0.9999999366280216,0.977309732834595,-0.2118152168914509,-0.0153214810853482,0.2654232816323447,0.2658651278658629,0.0,0.0,0.0,4.453500281741345e-17,1.0,0.977310299921666,-0.2118126003499861,6.7183357127565975,9,10,False
27,4,SUCCESS,0.088,56.1,94,3,4,0.0,0.0,8.685951430915945e-16,1.0,0.4874462057448989,-0.8731530200972231,-0.1673092430000002,0.2748010148018303,0.3217265617404769,0.0,0.0,0.0,0.0,1.0,0.4874462063644237,-0.8731530197513674,4.342140100000021,9,10,False
27,5,SUCCESS,0.088,56.3,94,3,4,0.0,-2.878511653263847e-11,0.0,1.0,0.6146777117595774,-0.7887783659977052,-0.2214314790041525,0.2346954822548195,0.3226668084646897,0.0,0.0,0.0,0.0,1.0,0.6146777126052596,-0.7887783653386837,4.357620100000033,9,10,False
46,47,NEIGHBOR_KNOCKED,0.082,53.8,93,3,4,0.0,0.0,0.0,1.0,0.9872386036072084,0.1592480440937646,0.02988402172021,0.0670739998065377,0.0734300769727324,26.950491036299542,0.0,5.615816057290645e-11,-2.4999518839225136e-13,1.0,0.987321504829364,0.1587332545545519,4.173422064524384,10,10,False
46,60,NEIGHBOR_KNOCKED,0.082,82.60000000000001,93,3,4,0.0,0.0,0.0,1.0,0.1105460775572184,-0.993871000048152,-0.2275297016997899,0.1148714942037065,0.2548827678290307,0.0,0.0,0.0,0.0,1.0,0.1105460779262509,-0.9938710000071052,6.393240462088686,10,10,False
46,59,NEIGHBOR_KNOCKED,0.082,48.9,93,3,4,0.3120961702278397,0.0050695323414486,-0.0019926137289951,0.9999851645561378,0.2954287469282075,-0.9553647761396844,-0.2956564726813365,0.1294583567281023,0.3227572090056401,0.311872245855561,0.3538047627911115,0.0057875487410703,-0.0021529367049274,0.9999809343898084,0.2969670221615168,-0.9548877356781376,3.784930045336054,10,10,False
97,98,SUCCESS,0.054,78.60000000000001,92,3,4,0.0122218379099316,0.0002133113106077,0.0,0.999999977249142,0.8820520762242953,0.4711519232990669,0.0995567287378306,0.0922735938220337,0.1357422497007164,0.0,0.0,0.0,0.0,1.0,0.8820801814928382,0.4710993031384802,6.083646436545662,11,10,False
97,54,SUCCESS,0.054,87.8,92,3,4,0.1936985412614942,0.0023612541613047,-0.0024193830330637,0.9999942855159348,-0.9865764338870556,-0.1633001533946,0.0060147352024483,0.1221793754596106,0.1223273347508891,0.0,0.0,0.0,0.0,1.0,-0.9867379639290764,-0.1623212572065055,6.797516265196356,11,10,False
97,55,SUCCESS,0.054,54.9,92,3,4,0.0,2.3091480370698403e-10,0.0,1.0,-0.9637751883744134,0.2667159280467966,-0.1210696391319152,0.1434072324779086,0.1876792259321875,0.0,0.0,0.0,0.0,1.0,-0.963775188292653,0.2667159283422368,4.249259800000006,11,10,False
74,82,SUCCESS,0.078,77.3,91,3,4,0.0,1.943335907010752e-10,0.0,1.0,0.9906493091376324,-0.1364329370245017,-0.1326397123073666,0.0882904506984023,0.1593376821894557,0.0,0.0,0.0,0.0,1.0,0.9906493091303942,-0.1364329370770593,5.983020000000005,12,10,False
74,83,SUCCESS,0.078,53.7,91,3,4,0.0,1.9132550097797956e-11,0.0,1.0,0.7443275945892566,-0.6678146688512999,-0.1862795133238114,0.0388111337005854,0.1902796919886112,0.0,0.0,0.0,0.0,1.0,0.744327594162377,-0.6678146693270878,4.156379999999876,12,10,False
74,22,SUCCESS,0.078,90.1,91,3,4,0.5310394345125746,-0.0086470638321179,-0.0033359882076684,0.9999570488124784,-0.9993802049289032,-0.0352023578225058,0.0967090582850976,0.1693242619649309,0.1949957631446359,0.0,0.0,0.0,0.0,1.0,-0.9993523502597292,-0.0359844415040071,6.987597471030852,12,10,False
83,82,NEIGHBOR_KNOCKED,0.05,77.3,90,2,3,0.0,0.0,0.0,1.0,0.9730821666238606,0.2304584496142699,0.049986521,0.0601970503716388,0.0782453650712236,4.483108344592101,0.0026752293894434,4.610600677897977e-05,7.371434253010146e-06,0.9999999989099492,0.9729737863010895,0.2309155931740461,5.984451784841863,13,10,True
83,81,NEIGHBOR_KNOCKED,0.05,84.8,90,2,3,0.2683550044127816,-0.002674744292828,-0.0038447920402176,0.9999890315984148,0.8677151560349667,-0.4970617748200048,-0.0678943014684898,0.096216324631192,0.1177591495274533,0.0,0.0,0.0,0.0,1.0,0.8704976923534432,-0.4921724978169036,6.566850689771958,13,10,False
105,106,SUCCESS,0.05,53.3,89,2,3,0.0,2.591553343039956e-11,0.0,1.0,-0.9965839771447508,0.0825855707636081,-0.0128444846032301,0.1250707381991183,0.1257285581655775,0.0,0.0,0.0,0.0,1.0,-0.9965839771448118,0.0825855707628713,4.125420000000006,14,10,False
105,39,SUCCESS,0.05,90.8,89,2,3,0.5312014550580959,0.0092710815642078,0.0,0.9999570225997864,0.8486887408243076,0.5288926367402473,-0.0843017681750504,0.0598934188141429,0.1034118452339299,0.0,0.0,0.0,2.0124526787213003e-16,1.0,0.8426269540019818,0.5384977403753352,7.041801347848909,14,10,True
81,82,SUCCESS,0.086,77.3,88,3,4,1.4787793334710982e-06,2.7416513555775858e-08,4.383355771016094e-09,0.9999999999999996,-0.3871191857027399,0.922029682852373,0.119017799563991,0.0663446982336428,0.1362602495108807,0.0,0.0,0.0,0.0,1.0,-0.3871191575900833,0.9220296946556245,5.983020000000103,15,10,False
81,35,SUCCESS,0.086,84.6,88,3,4,0.0092496828225515,0.0001614374191989,0.0,0.9999999869689796,0.340492871051924,-0.940247097715711,-0.0346840793995159,0.2068977564223428,0.2097848111193731,0.0,0.0,0.0,0.0,1.0,0.3404356993733346,-0.9402677994019516,6.548043857628064,15,10,False
81,36,SUCCESS,0.086,48.8,88,3,4,0.0,-8.487491679984155e-14,-5.9911705976358736e-15,1.0,0.6690159985563506,-0.743248002806364,0.0107965341999859,0.2678282662696388,0.2680457896773087,0.0,0.0,0.0,0.0,1.0,0.6690159982676954,-0.7432480030661898,3.777120200000017,15,10,False
30,13,SUCCESS,0.084,87.6,87,3,4,0.0286060261531391,1.864737348660136e-09,-0.0004992693216293,0.9999998753650644,-0.1464693618417857,-0.9892152071423388,-0.0572841116844032,0.2056225736048115,0.2134528337299304,0.0,0.0,0.0,0.0,1.0,-0.1465070970760479,-0.9892096190931168,6.780279443007431,16,10,False
30,41,SUCCESS,0.084,55.0,87,3,4,0.0,-4.5542781610417495e-10,1.2951420664565566e-10,1.0,-0.667082388308062,-0.7449839509742555,-0.0400744765924586,0.1835987687805449,0.1879214505368972,0.0,0.0,0.0,0.0,1.0,-0.6670823881847298,-0.7449839510846913,4.25699999999999,16,10,False
30,42,SUCCESS,0.084,51.1,87,3,4,0.0,1.945313161565057e-13,0.0,1.0,-0.6514418322763894,-0.7586985825480238,-0.1111152230305487,0.2053280653908776,0.2334656446381118,0.0,4.883453001825434,-0.0427290693674533,-0.0736288200702948,0.99636992301356,-0.6428240059494075,-0.7660139015547671,4.757834899085413,16,10,False
13,11,SUCCESS,0.094,57.2,86,3,4,0.0,4.2594569516991633e-16,-3.0139970633435166e-10,1.0,-0.9621662756901708,-0.2724629478011758,-0.0221576150925505,0.090714072926108,0.093380955946236,0.0,0.0,0.0,0.0,1.0,-0.9621662757378492,-0.2724629476328063,4.427279999999999,17,10,False
13,41,SUCCESS,0.094,55.0,86,3,4,0.0,0.0,0.0,1.0,-0.8112198843933653,0.5847412241024358,0.0223576554,0.1138508801088694,0.1160253750545514,0.0,0.0,0.0,0.0,1.0,-0.8112198843933653,0.5847412241024358,4.257000000000017,17,10,False
13,42,SUCCESS,0.094,51.1,86,3,4,5.885602400325896,-0.0517456155629597,-0.088528932021553,0.9947286159878652,-0.9348727750876576,0.3549829494495508,-0.0465432902925836,0.1150224769842681,0.1240824245526183,5.88828359522321,7.0086210955678245,-0.0619250110035595,-0.1051373053815746,0.992527803151786,-0.9398258033084276,0.3416540054436193,4.003956821847587,17,10,False
90,89,SUCCESS,0.088,56.3,85,3,4,0.0,-2.5028999835890884e-10,-1.5642343234121666e-10,1.0,-0.976886031119482,0.2137608060511237,-0.0724934809523292,0.0263081854942328,0.0771195526736552,0.0,0.0,0.0,0.0,1.0,-0.9768860309442028,0.2137608068521505,4.357620000000006,18,10,False
90,109,SUCCESS,0.088,89.6,85,3,4,0.2540137641665266,-0.0018703007143404,-0.0040195365311252,0.9999901726023676,-0.9978809298380692,-0.0650665034062124,0.0749347577971672,0.0784187845709444,0.1084653110432285,0.0,24.969325347320385,-0.3756374423900921,-0.1925948371878629,0.906533915837246,-0.99970840809019,-0.0241474386587496,24.3664989479373,18,10,False
90,52,SUCCESS,0.088,82.3,85,3,4,0.0336075483587357,-0.0004622282565996,-0.0003611099776181,0.9999998279722966,0.0929496380828918,0.995670811453394,-0.14863474736959,0.0374584955238662,0.1532821810013589,0.0,0.0,0.0,0.0,1.0,0.0951620549380177,0.9954617939931064,6.370069947631262,18,10,False
11,42,SUCCESS,0.058,51.1,84,3,4,8.25978445154892,-0.0731551028943961,-0.1236405799155725,0.9896268680258492,-0.2934681320507213,0.9559688569564704,-0.0322768033360406,0.0691236551875414,0.0762880838668764,8.260229928430304,9.656838563175832,-0.0856323136545451,-0.1442431738531819,0.9858301139927356,-0.311778704438492,0.950154745006652,4.031503862497623,19,10,False
11,41,SUCCESS,0.058,55.0,84,3,4,0.0,0.0,0.0,1.0,-0.0555183850076412,0.9984576650645453,0.0448558305,0.0914305432209773,0.1018410023690249,0.0,0.0,0.0,0.0,1.0,-0.0555183846862823,0.998457665082414,4.257000024294549,19,10,False
11,45,SUCCESS,0.058,48.5,84,3,4,0.0,-1.3513280871011254e-13,2.5117622436823893e-16,1.0,-0.9249378038783194,-0.3801184801568474,-0.1800357259999882,0.0941200145944955,0.2031537343580247,0.0,0.0,0.0,0.0,1.0,-0.9249378038153314,-0.3801184803101151,3.7538997242945458,19,10,False
78,76,SUCCESS,0.08,72.0,83,3,4,0.0020693347448396,-9.09367692507161e-06,-3.4953132829905416e-05,0.9999999993477918,-0.9578137094125988,-0.2873898015958083,0.074981849998492,0.1495707082158291,0.16731310344794,0.0,0.0,0.0,0.0,1.0,-0.957811694887726,-0.2873965155256786,5.572800169617708,20,10,False
78,89,SUCCESS,0.08,56.3,83,3,4,0.0,0.0,0.0,1.0,0.9672188673846516,-0.2539442115409438,0.0290449910149256,0.1790215090616855,0.1813623781542916,0.0,0.0,0.0,0.0,1.0,0.9672188673846518,-0.2539442115409437,4.357619969999969,20,10,False
78,109,SUCCESS,0.08,89.6,83,3,4,0.5727451855786928,-0.0095747472197066,-0.0028717044364294,0.9999500375165294,0.915644531339346,-0.4019889205293466,0.1707095999121261,0.1357930919980145,0.2181319126962843,0.0,0.0,0.0,0.0,1.0,0.9133030205354457,-0.4072807295721607,6.951092283274248,20,10,False
52,89,APPROACH_BLOCKED,0.08,56.3,82,3,4,0.0,0.0,0.0,1.0,-0.6779141877352453,-0.7351410436557481,0.071435714,0.0431798368135526,0.083471908699483,0.0,0.0,0.0,0.0,1.0,-0.6779141877352453,-0.7351410436557481,4.357620000000006,21,10,False
52,109,APPROACH_BLOCKED,0.08,89.6,82,3,4,0.0,0.0,0.0,1.0,-0.8871621253304007,-0.46145786739338,0.208973384,0.0893168731369022,0.2272605972168624,0.0,28.071416368135413,-0.4278427594773621,-0.1959294354005176,0.882361733931402,-0.5331620429410141,-0.8460131417223755,27.280339154640394,21,10,False
52,68,APPROACH_BLOCKED,0.08,94.2,82,3,4,1.3541901575747677,-0.0194284558257402,0.0134554062258423,0.999720704570794,-0.2791729768087222,-0.9602408286569348,0.3019181597790623,0.0164725446963742,0.3023671938771622,0.0,23.49181237725586,0.3259528010509199,0.2294582624950047,0.9171170466520796,-0.7660094235874094,-0.6428293420304371,24.808872604386742,21,10,False
107,48,SUCCESS,0.092,87.8,82,3,4,0.0826710622376139,0.0014428817314889,0.0,0.9999989590456126,-0.0909506445068315,0.995855401282632,-0.0473413237603239,0.2708953073994705,0.2750008518285597,0.0,0.0,0.0,0.0,1.0,-0.0914647562529634,0.9958083140663097,6.796050262036016,22,10,False
107,50,SUCCESS,0.092,67.6,82,3,4,0.0004774877484735,7.333108326251731e-07,8.301399147112825e-06,0.9999999999652744,0.2074362831478728,0.978248531015404,-0.0708429299881897,0.2366370972868778,0.2470138387655049,0.0,0.0,0.0,0.0,1.0,0.2074367372990425,0.97824843471315,5.23224000827123,22,10,False
107,49,SUCCESS,0.092,80.60000000000001,82,3,4,3.348260299223383,0.0091540938986856,0.0576830666539942,0.9982929762280636,0.2068245863008626,0.9783780406885044,-0.1345851222018315,0.2488151164952031,0.2828818080304978,4.264852884559002,45.08618457019173,0.2132777596784165,0.6752901594661698,0.7060423484145342,0.1462814482597861,0.9892430125580968,35.289142678128464,22,10,False
48,50,NEIGHBOR_KNOCKED,0.086,67.6,81,3,4,0.0,0.0,0.0,1.0,0.8878385258574282,-0.4601551390599792,-0.0204122559,0.0831970932199236,0.085664558080759,38.01238221111657,0.0002439298693866,4.249531663361038e-06,2.582166628433627e-07,0.9999999999909374,0.8938495259708666,-0.4483670649386024,5.297312833188764,23,10,False
48,49,NEIGHBOR_KNOCKED,0.086,80.60000000000001,81,3,4,49.25838753542525,0.5663174378110617,0.5033230018254891,0.6526488454479125,0.9303964962016816,0.3665547160460963,-0.0282844306973536,0.1500408509246526,0.152683548446017,46.08680338313931,20.58226426937404,0.1681120191639732,-0.3087508241231032,0.936168402380638,0.7215499870072841,-0.6923623446215051,43.63485369450982,23,10,False
48,92,NEIGHBOR_KNOCKED,0.086,87.8,81,3,4,0.4356386936302848,-0.0069153207184925,-0.0031603553023164,0.9999710948291072,-0.999972822990606,-0.0073724677143013,-0.1751546353013944,0.0965707048232241,0.2000126178460218,0.0,0.0,0.0,0.0,1.0,-0.9999999998299932,1.843947065573733e-05,6.804648778608428,23,10,False
45,43,SUCCESS,0.048,54.4,80,2,3,0.0,-9.864345282180218e-11,-1.4647203873460547e-11,1.0,0.9934131393904506,0.1145876716161449,-0.0767948460052544,0.0527170840739048,0.093147943220588,0.0,0.0,0.0,0.0,1.0,0.9934131393896898,0.1145876716227404,4.2105599999999885,24,10,False
45,44,SUCCESS,0.048,51.8,80,2,3,0.0,-1.3063951820218165e-13,-6.803602631123519e-13,1.0,-0.3600732673408678,0.9329240280679194,-0.0957996380000315,0.0536234895820184,0.1097863801930363,0.0,0.0,0.0,0.0,1.0,-0.3600732672147795,0.9329240281165848,4.009320000000038,24,10,False
29,44,GRASP_FAILED,0.072,51.8,79,3,4,0.0,0.0,0.0,1.0,0.99880123191529,0.0489499655209179,-0.0998696298449709,0.2279265800228272,0.2488462755322525,0.0,0.0,0.0,0.0,1.0,0.99880123191529,0.0489499655209179,4.009319999999997,25,10,False
29,43,GRASP_FAILED,0.072,54.4,79,3,4,0.0,0.0,0.0,1.0,0.9940395157202112,-0.1090203705127067,-0.0812673178449708,0.3011264373088468,0.3118998368002689,0.0,0.0,0.0,0.0,1.0,0.9940395157202112,-0.1090203705127067,4.210560000000029,25,10,False
29,75,GRASP_FAILED,0.072,53.1,79,3,4,0.0,-1.4940557836802724e-11,-2.2115806391925906e-12,1.0,0.6684920529194293,0.7437192852034744,-0.043425199748665,0.3175712530684714,0.320526518011678,0.0,0.0,0.0,0.0,1.0,0.6684920530776453,0.743719285061262,4.109940000000016,25,10,False
49,50,SUCCESS,0.082,67.6,79,3,4,0.0,4.78230263035964e-11,2.9059407839264352e-12,1.0,0.4870879203659141,0.8733529400154378,0.0904254580539221,0.0347365242971788,0.0968678975951792,0.0,0.0,0.0,0.0,1.0,0.487087920418588,0.8733529399860603,5.232239999999999,26,10,False
49,92,SUCCESS,0.082,87.8,79,3,4,0.0,0.0,0.0,1.0,-0.914429193352582,0.4047459083728285,-0.0691657150469751,0.1637119942420103,0.1777231363572435,0.0,0.0,0.0,0.0,1.0,-0.914429193132438,0.404745908870193,6.795719900000014,26,10,False
49,93,SUCCESS,0.082,48.1,79,3,4,0.0,2.026120063510954e-15,1.5195900476332152e-15,1.0,-0.9928025189534804,0.1197629256473983,-0.0790418440469756,0.2770413426496874,0.288096370417067,0.0,0.0,0.0,0.0,1.0,-0.9928025189420904,0.1197629257418175,3.722939899999965,26,10,False
36,48,SUCCESS,0.08,84.4,97,2,3,0.2542406409805592,-0.0043379375079243,-0.000933874823483,0.999990155039534,-0.9816816560359444,0.1905285443247961,0.0121912772021718,0.1375147057804863,0.1380540529854662,0.0,0.0,0.0,0.0,1.0,-0.9815937250300432,0.1909810435138625,6.535539250809437,1,11,False
36,34,SUCCESS,0.08,91.1,97,2,3,0.3073457291489994,-0.0013406678196771,0.0051939311603405,0.9999856127409528,0.458292761393606,0.8888012966092157,-0.1084932949504192,0.0384405667681256,0.1151020079001812,0.0,0.0,0.0,0.0,1.0,0.4717126926411312,0.8817523096659592,7.0556677519627415,1,11,False
3,4,SUCCESS,0.082,53.8,96,3,4,0.0,-2.177382377663681e-11,7.1860490677081124e-12,1.0,0.5799114122566291,-0.8146795406382329,-0.02899542999789,0.1127744255763485,0.116442286240171,0.0,0.0,0.0,0.0,1.0,0.5799114122624761,-0.8146795406340707,4.1641200000000005,2,11,False
3,28,SUCCESS,0.082,57.9,96,3,4,0.0,3.366368741101099e-15,8.415921852752747e-16,1.0,-0.8527850704631732,0.5222620258022983,-0.0448865165258063,0.2197091055950679,0.2242473867121001,0.0,0.0,0.0,0.0,1.0,-0.8527850694370247,0.5222620274778638,4.481459970000043,2,11,False
3,27,SUCCESS,0.082,52.3,96,3,4,0.0,-3.3643878615980928e-12,0.0,1.0,-0.6467485709171413,0.7627032752103767,-0.0101073357253323,0.2175926680392381,0.2178272880515632,0.0,0.0,0.0,0.0,1.0,-0.6467485691266779,0.7627032767286336,4.048019970000012,2,11,False
66,28,SUCCESS,0.082,57.9,95,2,3,0.0,0.0,0.0,1.0,0.9059595502104464,-0.4233642561465078,0.0644310047628326,0.0916017736693049,0.1119921395193017,0.0,0.0,0.0,0.0,1.0,0.9059595502104464,-0.4233642561465078,4.481460000000006,3,11,False
66,27,SUCCESS,0.082,52.3,95,2,3,0.0,0.0,0.0,1.0,0.9954323265047288,0.0954698033379317,0.1000770655628326,0.1302191980514376,0.1642329400358742,0.0,0.0,0.0,0.0,1.0,0.9954323265047288,0.0954698033379317,4.048019999999999,3,11,False
8,9,SUCCESS,0.08,88.3,94,3,4,31.47267145264229,-0.3311309533072326,-0.4036485588592426,0.8528892851318391,0.8097877732387027,0.5867229007914243,0.1397135766529094,0.0341535641493627,0.1438274989188543,0.0,0.0,0.0,1.3764741561533557e-17,1.0,-0.1598627653334554,-0.9871392486675528,26.200485918028736,4,11,False
8,104,SUCCESS,0.08,65.0,94,3,4,6.722620413208828e-06,8.384278379577595e-08,-8.276807331197248e-08,0.9999999999999932,-0.048271707933302,0.9988342416102896,-0.2583807634553725,0.1760027011607861,0.3126300845083117,0.0,0.0,0.0,0.0,1.0,-0.0482718416299462,0.9988342351489828,5.0310000000015656,4,11,False
8,116,SUCCESS,0.08,77.0,94,3,4,0.0039003406947567,1.2622119370484597e-10,6.807378735495367e-05,0.9999999976829798,-0.9384095833538432,0.3455248961647577,-0.1918008062179903,0.2893372408062228,0.3471362674559217,0.0,0.0,0.0,0.0,1.0,-0.938427559832402,0.3454760700063083,5.959800645243885,4,11,False
50,49,NEIGHBOR_KNOCKED,0.08,86.8,93,3,4,0.019031279399217,-0.0003318314213956,-1.4736478971975123e-05,0.9999999448353704,0.3442033862403691,0.9388951107022888,-0.1492911881196869,0.0551622160744394,0.1591563034643331,1.1727140630698756,0.0306281694224636,-0.00036433109427,0.0003911774359966,0.9999998571215236,0.3455307618327309,0.9384074235785288,6.718336462540662,5,11,False
50,115,NEIGHBOR_KNOCKED,0.08,85.3,93,3,4,0.1541856704612397,-0.0025596261909389,-0.0008306825598073,0.9999963791335684,0.987267624409412,-0.1590680288209914,-0.1001295331365421,0.0474646032714576,0.110809800874556,9.248446613729236,0.0519569500191638,-0.0001512793523559,-0.0008941121670234,0.9999995888389106,0.9850756765371336,-0.1721217926205406,7.007120330554559,5,11,False
50,116,NEIGHBOR_KNOCKED,0.08,77.0,93,3,4,0.0,0.0,0.0,1.0,0.9989317576738744,-0.0462097772185075,-0.0844905920323407,0.1880453383869944,0.2061545765464708,0.0,0.0,0.0,0.0,1.0,0.9989317576813098,-0.0462097770577729,5.959800030555796,5,11,False
116,115,SUCCESS,0.076,85.3,92,3,4,0.0004612566941281,1.6398081319481472e-06,7.881666255724371e-06,0.9999999999675953,-0.9999855669009924,0.0053727078554893,-0.0171391635191902,0.1416123071265392,0.1426457025494943,0.0,0.0,0.0,4.309800258923615e-17,1.0,-0.9999855865697452,0.0053690457962989,6.6022200099137365,6,11,False
116,49,SUCCESS,0.076,86.8,92,3,4,0.0002135748522332,1.868969012847715e-06,-3.225182809150404e-06,0.9999999999930526,-0.9415326980695502,0.3369216206566052,-0.0663099940149852,0.1791831149472071,0.1910591635814714,0.0,0.0,0.0,0.0,1.0,-0.941532174160912,0.3369230847238376,6.718320302146108,6,11,False
116,97,SUCCESS,0.076,55.0,92,3,4,0.0,2.8669805010348283e-10,1.0055593076514495e-10,1.0,-0.9175257094425728,-0.3976764671336535,-0.1313476770532758,0.1758035827152559,0.2194518442912054,0.0,0.0,0.0,0.0,1.0,-0.917525709504539,-0.3976764669906834,4.257000299999925,6,11,False
75,79,SUCCESS,0.074,66.3,91,3,4,1.4797377953074355,0.0218148594464976,-0.0138188719160031,0.9996665197386072,0.3853026375679749,-0.9227902673322698,0.0186081364550606,0.2098052228853666,0.2106288068909581,1.496078377268207,1.7084757525406065,0.0250597164819198,-0.0161521414008809,0.999555460661394,0.3854721736629753,-0.9227194607959348,5.13429343418667,7,11,False
75,78,SUCCESS,0.074,76.0,91,3,4,1.1078760076757828,-0.0163207554583451,0.0103667976278467,0.9998130637515256,0.1383169672881607,-0.9903880131343502,0.0146490269972285,0.1569794089338833,0.1576614373307464,1.0932884689869975,1.2688356042437976,-0.0186121839213054,0.0119968066096074,0.999754801559288,0.1378315603864322,-0.9904556834919176,5.883978224152341,7,11,False
75,95,SUCCESS,0.074,85.0,91,3,4,0.1603982871950143,0.0015864978847844,-0.0023065303654775,0.99999608146339,0.9781626147136628,-0.2078410430510074,-0.0382505054473004,0.2491271516746007,0.2520465014009785,0.0,0.0,0.0,0.0,1.0,0.9783025665453786,-0.207181293293398,6.580193134830205,7,11,False
11,12,SUCCESS,0.086,78.10000000000001,90,3,4,0.0420541306702812,4.200029766601873e-10,0.0007339829782066,0.9999997306344576,-0.9959781481900984,0.0895964749743118,0.042916066643121,0.0947835916677228,0.1040467107867924,0.0,0.0,0.0,0.0,1.0,-0.99597923496825,0.0895843932393345,6.045015794495157,8,11,False
11,78,SUCCESS,0.086,76.0,90,3,4,1.4395691349364463,-0.0211138680977185,0.0136142752082825,0.9996843782337028,0.9054610740908052,0.424429314852692,0.0106657025106913,0.1637062393060842,0.1640533144980237,1.425190355871679,1.6504570529919322,-0.024229073866698,0.0155725055434002,0.999585138470287,0.9051658115252422,0.4250586473015807,5.885096485106702,8,11,False
11,79,SUCCESS,0.086,66.3,90,3,4,1.96653534351453,0.0288401341565118,-0.0185962171258045,0.9994110402484276,0.9887750790503936,0.1494116563354013,0.0173004007013702,0.2096943509144449,0.2104068075653883,1.9829745441173552,2.224084820074369,0.0326467900994218,-0.0209818189294082,0.999246691448422,0.9888379760560658,0.1489948224246181,5.135093070161548,8,11,False
115,49,NEIGHBOR_KNOCKED,0.088,86.8,89,3,4,0.0,0.0,0.0,1.0,-0.4138134154323917,0.9103617177848476,-0.049402747,0.0654802526681907,0.0820261842379377,3.705990282499187,0.0080984155968237,0.0001246664127615,-6.660642937948746e-05,0.9999999900109344,-0.4098794518760613,0.9121397014327244,6.722832873215253,9,11,True
115,97,NEIGHBOR_KNOCKED,0.088,55.0,89,3,4,0.0,0.0,0.0,1.0,-0.2684342865176859,-0.9632979984520578,-0.1095182999999999,0.0733659483499044,0.1318211683007355,0.0,0.0,0.0,0.0,1.0,-0.2684342885563022,-0.9632979978839736,4.256999981266575,9,11,False
115,110,NEIGHBOR_KNOCKED,0.088,66.10000000000001,89,3,4,0.0002731928921721,-6.257059103202246e-07,-4.726893099942965e-06,0.9999999999886324,-0.0943637889344535,0.9955377819741116,-0.1609292121796852,0.0428637478233041,0.1665398216950948,0.0,0.0,0.0,0.0,1.0,-0.0943588595926057,0.9955382491980824,5.116139783968755,9,11,False
95,93,NEIGHBOR_KNOCKED,0.084,56.8,88,3,4,29.20800618110173,0.4768912559429408,-0.103444684006308,0.8728538980585466,0.9225886645681516,-0.3857851163670712,-0.0466398403613756,0.0579513863007835,0.0743884257335592,34.6550885902636,0.0,-4.715453462494097e-10,-2.1698498906749488e-10,1.0,0.765283404998931,-0.6436934907494731,15.59126472204297,10,11,False
95,94,NEIGHBOR_KNOCKED,0.084,50.6,88,3,4,0.0,-5.036530054713497e-13,6.591787423425217e-13,1.0,-0.8070724804140825,0.5904523785693987,-0.0782977719999398,0.0756619079227229,0.1088818874315704,0.0,0.0,0.0,0.0,1.0,-0.8070724800164392,0.5904523791129258,3.916440022303486,10,11,False
95,1,NEIGHBOR_KNOCKED,0.084,83.2,88,3,4,0.0049611553159347,8.658849471156688e-05,0.0,0.9999999962512164,0.8339377462806511,-0.5518585283642433,-0.1705163731590564,0.1326926993717991,0.2160629213490673,0.0,0.0,0.0,0.0,1.0,0.833894431491157,-0.5519239776708745,6.439681448113451,10,11,False
97,110,SUCCESS,0.054,66.10000000000001,87,2,3,0.0,0.0,0.0,1.0,0.1367681725596656,0.9906030824576962,-0.0531289927999999,0.1144219031893033,0.1261549119353057,0.0,0.0,0.0,0.0,1.0,0.1367681725596656,0.9906030824576962,5.116139999999998,11,11,False
97,49,SUCCESS,0.054,86.8,87,2,3,1.7908907090463366e-05,-2.7588817482817456e-07,1.4740081758161992e-07,0.9999999999999512,-0.0538512122901881,0.9985489707244593,0.0552029343606937,0.1302776708651036,0.1414907611403209,0.0,8.56899899204151,0.1164807896826983,0.0929156908953835,0.9888371453481754,-0.0637129470999003,0.9979682662148356,10.350536558151234,11,11,False
1,93,SUCCESS,0.084,56.8,86,3,4,0.0,0.0,0.0,1.0,-0.8409222115959861,0.5411560163617471,0.1109250547999999,0.1193587321346942,0.1629443914934929,0.0,0.0,0.0,0.0,1.0,-0.8409222115959861,0.5411560163617471,4.396319999999995,12,11,False
1,46,SUCCESS,0.084,52.7,86,3,4,0.0,7.309228129115764e-13,3.841852356290448e-12,1.0,0.4155067123396969,0.90959011208382,-0.0117858357992563,0.1957998626349938,0.196154255965476,0.0,0.0,0.0,0.0,1.0,0.415506711494776,0.9095901124697854,4.0789803999999785,12,11,False
1,0,SUCCESS,0.084,54.3,86,3,4,0.0,4.059784905600947e-12,0.0,1.0,-0.9995644274793084,-0.0295119521204992,-0.0353622111008761,0.2158878648211978,0.218764842127337,0.0,0.0,0.0,0.0,1.0,-0.9995644274834086,-0.0295119519816224,4.202820100000018,12,11,False
110,49,APPROACH_BLOCKED,0.066,86.8,85,2,3,7.859909988898402,0.1066306127997844,0.085620509086734,0.99060539108046,-0.9338342916998048,0.3577059066405306,0.1035568865379077,0.0314676107946521,0.1082323393378744,0.0,0.0,0.0,0.0,1.0,-0.8240833230350502,0.5664686016854854,9.209269785202814,13,11,False
110,60,APPROACH_BLOCKED,0.066,57.5,85,2,3,0.0,-2.733139462458573e-09,-2.4626081923268914e-10,1.0,0.9031234132382936,0.4293810667237369,-0.129964799456617,0.1773888686827806,0.2199037512875928,0.0,0.0,0.0,0.0,1.0,0.9031234135081868,0.4293810661560666,4.450499499999927,13,11,False
0,94,SUCCESS,0.054,50.6,85,2,3,0.0,0.0,0.0,1.0,0.3343661474136915,0.9424432499963727,0.1410425139999999,0.1318632437555028,0.193082639844092,0.0,0.0,0.0,0.0,1.0,0.3343661474136915,0.9424432499963727,3.9164399999999935,14,11,False
0,93,SUCCESS,0.054,56.8,85,2,3,0.0,0.0,0.0,1.0,0.8518763715745763,0.5237429212437477,0.145900266,0.1354919855174026,0.1991104360859038,0.0,0.0,0.0,0.0,1.0,0.8518763715745763,0.5237429212437477,4.396320000000037,14,11,False
59,58,SUCCESS,0.05,55.2,84,2,3,11.819932681465584,0.197026322376005,0.0560236753314647,0.978796187208216,0.9321873968252852,-0.3619760450638941,0.0735643986769095,0.0828406111722945,0.1107893840225433,11.827290660960456,13.37397179769063,0.2233382141245528,0.0601871534883963,0.972881055765102,0.9301743877467914,-0.3671179761056132,4.38020790881634,15,11,False
59,60,SUCCESS,0.05,57.5,84,2,3,0.0,0.0,0.0,1.0,0.877408563162291,-0.4797439038585939,0.1142763651,0.0713238206567905,0.1347077392489033,0.0,0.0,0.0,-2.648271061273826e-17,1.0,0.8774085632510772,-0.479743903696212,4.4505000448079866,15,11,False
42,38,SUCCESS,0.052,53.8,83,3,4,0.0,0.0,1.0966332946753574e-11,1.0,0.5564176662100812,0.8309027504644131,-0.0029262601990576,0.1034166817384077,0.1034580739262804,0.0,0.0,0.0,0.0,1.0,0.556417666211727,0.830902750463311,4.1641200000000005,16,11,False
42,43,SUCCESS,0.052,54.6,83,3,4,0.0,0.0,-1.4551388066057774e-10,1.0,-0.4897603020766449,0.8718571250553576,-0.0326894681620675,0.0951190839731106,0.1005795280591557,0.0,0.0,0.0,0.0,1.0,-0.4897603020349756,0.8718571250787651,4.226040049999979,16,11,False
42,37,SUCCESS,0.052,73.3,83,3,4,0.0102627210946716,0.0001677166917032,-6.288455060865038e-05,0.999999983958322,0.746757335755657,0.6650965956123313,-0.0428144353369471,0.1585008981452814,0.1641816390041301,0.0,0.0,0.0,0.0,1.0,0.7467010757688011,0.6651597578369538,5.673424233968584,16,11,False
43,38,SUCCESS,0.056,53.8,82,2,3,0.0,0.0,0.0,1.0,0.999585522423132,0.0287885977788777,0.029887048,0.1041715967910164,0.1083741538197387,0.0,0.0,0.0,0.0,1.0,0.999585522423132,0.0287885977788777,4.1641200000000005,17,11,False
43,37,SUCCESS,0.056,73.3,82,2,3,0.0,0.0,0.0,1.0,0.9908280754959012,0.1351285492007107,-0.0130329478,0.1664598320121807,0.1669692588528827,0.0,0.0,0.0,0.0,1.0,0.990828075495901,0.1351285492007107,5.673419999999995,17,11,False
37,38,APPROACH_BLOCKED,0.076,53.8,81,3,4,0.0,0.0,0.0,1.0,-0.9522556560899852,-0.3053017612864879,0.0459385958,0.0638532883592073,0.0786612802995213,0.0,0.0,0.0,0.0,1.0,-0.9522556560899852,-0.3053017612864879,4.1641200000000005,18,11,False
37,13,APPROACH_BLOCKED,0.076,42.2,81,3,4,0.0,5.773481934530622e-16,1.732044580359187e-15,1.0,0.6578427522190633,-0.7531553049357403,-0.0287081790000001,0.1162042405151314,0.119697890771703,0.0,0.0,0.0,0.0,1.0,0.6578427502664905,-0.7531553066412131,3.2662802000000166,18,11,False
37,39,APPROACH_BLOCKED,0.076,61.400000000000006,81,3,4,42.221182576589335,-0.0632208147119956,0.6690139260583352,0.7405562067305654,0.1723787589210292,-0.9850307423998734,0.1146842100874818,0.1105991572007567,0.1593255836860714,134.41062362653457,11.243477718936346,0.0786978656194107,0.1783909436836434,0.9808074822097396,0.0439529241039395,-0.999033603270037,23.836146338950016,18,11,False
17,18,APPROACH_BLOCKED,0.094,85.8,81,3,4,4.898106463266045,-0.0518226155259284,-0.0678589949407079,0.9963481185437592,0.9345236926661769,0.3559009241988184,-0.1397651462816972,0.073526331073659,0.1579253541275039,4.87557649357547,5.150447996218559,-0.0558363496462393,-0.0702935360307177,0.9959624093561368,0.9353133922321798,0.3538203757715671,6.645927049943055,19,11,False
17,21,APPROACH_BLOCKED,0.094,62.4,81,3,4,1.006584283732318e-05,1.7590451551330665e-07,0.0,0.9999999999999846,-0.2519466390597314,0.9677411281259596,-0.1238455757403329,0.0779655359311881,0.1463432657264827,0.0,0.0,0.0,0.0,1.0,-0.2519469759160169,0.9677410404270214,4.829759956455395,19,11,False
17,31,APPROACH_BLOCKED,0.094,79.0,81,3,4,5.972897544511813,0.0737984388738364,0.0733611686917509,0.9945712288961336,0.7856330395791937,0.6186927566422263,-0.0927210027470804,0.1673305073133483,0.1913025954559075,5.99334660747651,6.85602876891436,0.0740975799825662,0.0935944440143938,0.9928492477160688,0.7763963387285708,0.6302449723788921,6.196944691586545,19,11,False
13,37,SUCCESS,0.048,73.3,81,1,2,0.0,0.0,0.0,1.0,-0.6578427502664906,0.7531553066412131,0.0352407391999999,0.1162042402519943,0.1214303716205531,0.0,0.0,0.0,0.0,1.0,-0.6578427502664906,0.7531553066412131,5.6734200000000055,20,11,False
21,18,GRASP_FAILED,0.064,85.8,80,3,4,5.759446762796566,-0.0622041164224368,-0.0787476567115571,0.9949519860086428,0.919084807696298,-0.3940597876742295,-0.0164758348299863,0.1032242393582998,0.1045308410204595,5.794072849979215,6.421874262115318,-0.0688120966447106,-0.0881756352161056,0.9937252903642916,0.9162659663666816,-0.4005704418427939,6.670121936804668,21,11,False
21,17,GRASP_FAILED,0.064,90.3,80,3,4,6.765496491335598,-0.0135669947598911,-0.117022161721974,0.9930366309049738,0.2910755681833386,-0.9567000646005764,0.1414659672637592,0.0682822189921023,0.1570830395821153,0.0236243682792551,6.472026655120518,-0.0622495354704034,-0.0939700380065028,0.9936270061198896,0.3290898077127183,-0.9442986277971636,7.44104219235563,21,11,False
21,31,GRASP_FAILED,0.064,79.0,80,3,4,7.638426847175397,0.0823855499627956,0.1043103622183097,0.991126616276252,0.990848446734232,0.1349790932120948,0.0255385366847922,0.1430704092673876,0.1453318921088495,7.619755089926547,8.476631913560395,0.0911027028496911,0.1158828495706705,0.9890760651784384,0.9904671881077456,0.1377488630876334,6.167823942859163,21,11,False
31,18,NEIGHBOR_KNOCKED,0.078,85.8,80,3,4,7.219070328527426,-0.0780176377766375,-0.0985116687247798,0.9920729304445378,-0.6181272498883217,-0.7860780514335077,-0.0165992172018699,0.0791014242448403,0.0808243114989361,0.4721355605721062,0.0038855565073296,-6.411312900744484e-05,2.210165797096619e-05,0.9999999977005116,-0.6218385123953897,-0.7831454938272254,8.750886514603769,22,11,True
31,21,NEIGHBOR_KNOCKED,0.078,62.4,80,3,4,0.0,0.0,0.0,1.0,-0.99005008119959,-0.140715445906571,0.0006609964586747,0.1446157569728238,0.1446172675759752,0.0,0.0,0.0,0.0,1.0,-0.9900500811626988,-0.140715446166132,4.82976001552379,22,11,False
31,32,NEIGHBOR_KNOCKED,0.078,82.60000000000001,80,3,4,0.0434706148733382,-9.261659264032791e-10,-0.0007587052845852,0.999999712183104,0.9973194431288568,-0.0731705429605872,-0.0377346572471538,0.1796582170559786,0.1835782648171981,0.0,0.0,0.0,0.0,1.0,0.9973455098716674,-0.0728143800277391,6.39332598576162,22,11,False
32,18,SUCCESS,0.086,85.8,79,3,4,3.197949347573169e-05,5.276665601508336e-07,-1.819019915183241e-07,0.9999999999998442,-0.982741992433516,-0.1849815566693161,0.0112296233319526,0.2267795757721767,0.2270574386087934,0.0,0.0,0.0,0.0,1.0,-0.9827420009192538,-0.1849815115875677,6.640920000047705,23,11,False
32,63,SUCCESS,0.086,87.8,79,3,4,0.039648926109244,0.0006920042500796,0.0,0.99999976056503,0.1632853069600801,-0.986578891184558,-0.2908565636044861,0.0306492555944453,0.2924669510565323,0.0,0.0,0.0,3.468692164538608e-17,1.0,0.1557803665655278,-0.9877917176169831,6.795795672773157,23,11,False
32,56,SUCCESS,0.086,82.3,79,3,4,0.2965690277200276,0.0005846181513497,-0.0051429617535533,0.9999866039932828,0.3766370847300629,-0.9263608942556024,0.2922224167435467,0.2168238766194821,0.3638770868297968,0.0,0.0,0.0,0.0,1.0,0.3751866598281357,-0.9269492813994772,6.373989548439679,23,11,False
84,7,SUCCESS,0.074,80.4,78,3,4,39.37353349171469,0.3056230539585554,0.5558995272700922,0.7730266906581778,-0.9547089900307036,0.2975411641345683,-0.1687955232768853,0.1270164188762167,0.2112465368768351,39.3619320909906,19.329895823179537,0.3300371408464548,0.0253177882816452,0.9436283671331755,-0.8739649187681788,-0.4859890130059839,27.823455641435007,24,11,False
84,6,SUCCESS,0.074,70.1,78,3,4,0.0010513413885483,1.8349366059115145e-05,0.0,0.9999999998316504,-0.9458394646431464,-0.3246347287699921,-0.0439671014182839,0.2206504648205748,0.2249882966570959,0.0,0.0,0.0,1.7378098262281887e-16,1.0,-0.9458401999273556,-0.3246325864748952,5.425740070846017,24,11,False
84,77,SUCCESS,0.074,77.60000000000001,78,3,4,0.0069524633873636,0.0001189973992386,-2.374519606533833e-05,0.9999999926378924,0.7663286425352069,0.6424487618714406,-0.2374094199673193,0.1309115229696475,0.2711107883051715,0.0,0.0,0.0,0.0,1.0,0.7661977991055307,0.6426048028499637,6.00624179334648,24,11,False
6,7,NEIGHBOR_KNOCKED,0.074,80.4,77,3,4,21.88307266236802,0.3722408878534647,0.0187665961501791,0.927946408085618,0.998554252991732,0.053753175088768,-0.0510297876904983,0.0642523940544922,0.0820512606452276,40.159337702770216,0.0650801511042871,0.0007726565008828,0.0008325778865828,0.9999993549077892,0.9767311225015226,-0.2144675134767863,22.98217528370215,25,11,True
6,53,NEIGHBOR_KNOCKED,0.074,78.10000000000001,77,3,4,0.0154687902374983,0.0001119309417618,-0.0002456855233015,0.9999999635550434,-0.6045079650024063,0.7965990963142312,0.0154354136373153,0.1303211684904346,0.1312320804943184,0.0,0.0,0.0,0.0,1.0,-0.6044974434989127,0.7966070805631085,6.044950189083145,25,11,False
6,52,NEIGHBOR_KNOCKED,0.074,57.5,77,3,4,0.0,-7.623164773803411e-11,5.303533558149418e-10,1.0,-0.7806412011289818,0.6249794517421356,0.0732725107604594,0.1546398663333749,0.1711208610682687,0.0,0.0,0.0,0.0,1.0,-0.7806412000294712,0.6249794531154982,4.450499913341191,25,11,False
7,53,SUCCESS,0.08,78.10000000000001,76,3,4,0.0,0.0,0.0,1.0,-0.6707200130213758,0.741710633692551,0.0859549099001751,0.1457690713185311,0.1692243147098379,0.0,0.0,0.0,0.0,1.0,-0.6707200130213758,0.741710633692551,6.044939999999999,26,11,False
7,52,SUCCESS,0.08,57.5,76,3,4,0.0,0.0,0.0,1.0,-0.8105518120969073,0.5856669359853088,0.1469465624001751,0.1723579496435403,0.2264962582617067,0.0,0.0,0.0,0.0,1.0,-0.8105518120969074,0.585666935985309,4.450499999999996,26,11,False
7,54,SUCCESS,0.08,54.7,76,3,4,0.0,3.1583348456998195e-11,2.8244977657015096e-11,1.0,-0.935436443444154,0.3534949225612047,0.0118308641953746,0.2454274430093602,0.245712431776909,0.0,0.0,0.0,0.0,1.0,-0.9354364434452002,0.3534949225584361,4.233780299999984,26,11,False
54,53,SUCCESS,0.052,78.10000000000001,75,2,3,0.0,0.0,0.0,1.0,0.9871217183748684,0.1599709758445179,0.070501726,0.1335311933132276,0.1510002415780638,0.0,0.0,0.0,0.0,1.0,0.9871217183748684,0.1599709758445179,6.044939999999999,27,11,False
54,52,SUCCESS,0.052,57.5,75,2,3,0.0,0.0,0.0,1.0,0.9877698462958489,0.1559189877746617,0.1346822584999999,0.0909895420851719,0.1625374034600347,0.0,0.0,0.0,0.0,1.0,0.9877698462958489,0.1559189877746617,4.450500000000024,27,11,False
2,106,SUCCESS,0.082,75.6,74,3,4,0.005757478593376,0.0001003213861261,5.766106874203305e-06,0.9999999949511856,0.8157937898197051,0.5783428848802438,-0.0195623623324962,0.3052994332772667,0.3059255301204005,0.0,0.0,0.0,0.0,1.0,0.8157874635179684,0.5783518084755329,5.851441347330766,28,11,False
2,14,SUCCESS,0.082,74.7,74,3,4,0.0080016109839411,0.0001396544565681,0.0,0.9999999902483164,-0.8542046680821634,0.5199369048515803,-0.0802508311232147,0.257467570584744,0.2696845301436049,0.0,0.0,0.0,0.0,1.0,-0.8542226708952237,0.5199073268656929,5.78178219029172,28,11,False
2,107,SUCCESS,0.082,87.1,74,3,4,0.0136685217195127,-0.0002205635750539,9.090060222664972e-05,0.9999999715443944,0.9141482316050236,0.4053800817176495,-0.0632063437521103,0.3373936623159381,0.3432630554858346,0.0,0.0,0.0,0.0,1.0,0.9141716028666056,0.4053273744916587,6.741548332299578,28,11,False
106,107,NEIGHBOR_KNOCKED,0.078,87.1,73,1,2,0.0,0.0,0.0,1.0,0.8307144697490917,-0.5566987244008067,-0.0453425779999999,0.0715018218208482,0.0846667579595818,33.362050251229974,0.1523975540057854,0.0022432709310719,0.001429147587588,0.9999964626300948,0.8305648088774193,-0.5569219857883293,7.770143153672796,29,11,True
14,16,SUCCESS,0.076,52.7,72,2,3,0.0,-1.7771456627654002e-12,7.460405712810943e-12,1.0,-0.9120940873583848,-0.4099809456619604,-0.117951861000161,0.1120276607605219,0.1626740246286293,0.0,0.0,0.0,0.0,1.0,-0.9120940873543052,-0.4099809456710359,4.07898000000001,30,11,False
14,15,SUCCESS,0.076,88.4,72,2,3,0.2239793727541371,-0.0015832424195313,-0.0035742040248987,0.9999923591753236,-0.9934678236627722,-0.1141125906583271,-0.0714673298165836,0.1553365486695089,0.1709883697321752,0.0,0.0,0.0,0.0,1.0,-0.9937671011392508,-0.1114762247893705,6.844594891205013,30,11,False
16,15,SUCCESS,0.05,88.4,71,1,2,0.0,0.0,6.890298010101585e-17,1.0,-0.8757329979047954,0.4827957294557187,0.04065143,0.0593206286896678,0.0719129734413919,0.0,0.0,0.0,0.0,1.0,-0.8757329979047954,0.4827957294557187,6.842159999999996,31,11,True
81,80,SUCCESS,0.092,53.900000000000006,70,2,3,0.0,3.058733422553749e-11,-2.084147070804828e-11,1.0,-0.8491337961833352,0.5281778073521058,-0.1151252132460663,0.0762579690051929,0.1380908851508643,0.0,0.0,0.0,0.0,1.0,-0.8491337961817782,0.528177807354609,4.17186,32,11,False
81,15,SUCCESS,0.092,88.4,70,2,3,0.0,0.0,0.0,1.0,0.0933578643081827,0.995632617571268,0.1169887378567538,0.2410030354877873,0.2678970472021741,0.0,0.0,0.0,0.0,1.0,0.0933578643853187,0.9956326175640352,6.842160100000094,32,11,False
108,107,SUCCESS,0.084,53.0,91,3,4,0.0,-8.296663476369899e-12,-7.574474961222675e-12,1.0,-0.7829494100050335,0.6220853810955292,-0.0300975836349192,0.1010975014587414,0.1054825546801991,0.0,0.0,0.0,0.0,1.0,-0.7829494100009189,0.6220853811007078,4.1022,1,12,False
108,109,SUCCESS,0.084,77.0,91,3,4,0.0311644063739451,-0.0005316114389952,-0.0001150645369819,0.9999998520747042,-0.9986513607776316,0.0519178159882023,-0.0797549341342034,0.0502618663242853,0.0942714417262803,0.0,0.0,0.0,0.0,1.0,-0.9986330755834464,0.0522683494167079,5.9598411558492215,1,12,False
108,97,SUCCESS,0.084,51.3,91,3,4,0.0,5.61371517128969e-13,1.0127959054801408e-12,1.0,0.8918128855527399,0.4524044398125372,-0.0469132005349511,0.1548322933177359,0.1617834584822006,0.0,0.0,0.0,0.0,1.0,0.891812885024132,0.4524044408545679,3.970620000000035,1,12,False
109,107,SUCCESS,0.08,53.0,90,3,4,0.0,0.0,0.0,1.0,-0.4339145641417274,0.9009540227035422,0.0533989156,0.066893052454721,0.0855927838895662,0.0,0.0,0.0,0.0,1.0,-0.4339145641417274,0.9009540227035422,4.1022,2,12,False
109,97,SUCCESS,0.08,51.3,90,3,4,0.0,0.0,0.0,1.0,0.9414161757389876,0.3372470667878074,0.0368464587,0.199921987586691,0.2032891109709121,0.0,0.0,0.0,0.0,1.0,0.9414161759096572,0.3372470663113868,3.9706200000000087,2,12,False
109,98,SUCCESS,0.08,85.5,90,3,4,0.1910748944006803,-0.0006739237553817,-0.003266075679447,0.9999944392727532,0.7090508087021532,0.7051573942594818,0.0435538681311665,0.1825593839050617,0.1876828923503224,0.0,0.0,0.0,0.0,1.0,0.7090168002732773,0.7051915888113269,6.619364461819655,2,12,False
42,15,SUCCESS,0.086,55.9,89,3,4,10.553771059815787,0.1616562311557149,-0.0861057118590482,0.9830834498219244,0.2091304405714938,0.9778877536948566,-0.1067057648810232,0.1969720927034511,0.224018136682772,10.811775302077615,12.784324789912963,0.1945922333317707,-0.1053539523307188,0.9752099299408564,0.2391035799136223,0.9709940669604988,4.534042220618832,3,12,False
42,45,SUCCESS,0.086,83.3,89,3,4,4.544797267594724,-0.0699302658378356,0.0372625975056655,0.996855685015128,-0.1801904973299589,0.9836317322412804,-0.0792256129735785,0.2413167802152257,0.2539891457611581,4.372209255928094,4.690835046166245,-0.0718748874524756,0.0390105062550872,0.9966504808384008,-0.1809974457946422,0.9834835660120688,6.449515868332767,3,12,False
42,44,SUCCESS,0.086,84.0,89,3,4,0.1692526308421935,0.0012036486283359,-0.0026976681060161,0.9999956368988662,-0.6578906684985898,0.7531134498217904,-0.0556968955582397,0.295421529424955,0.3006260537987435,0.0,0.0,0.0,0.0,1.0,-0.6576638140199424,0.7533115608622656,6.502917788696898,3,12,False
44,45,SUCCESS,0.088,83.3,88,2,3,5.507688879492859,-0.0847437718895983,0.0450613463365953,0.9953833272625462,0.9964919756976378,0.0836883646047544,-0.0485612259593954,0.153813261457082,0.1612969685603053,5.506748709038392,6.214244998411285,-0.0956629793004114,0.0506547485066675,0.9941240822176552,0.9961565131611012,0.087591102782857,6.480734386534818,4,12,False
44,15,SUCCESS,0.088,55.9,88,2,3,14.197482248400332,0.2165656217819607,-0.1151266535023513,0.969456128515129,0.9934710261584072,-0.1140847061781784,0.0149621712563109,0.2214927175627551,0.2219975011166513,14.121737936328,15.96806696779657,0.2431168851907768,-0.1287441344937998,0.9614151694083972,0.992964234623342,-0.1184146475689585,4.47279917654085,4,12,False
57,59,NEIGHBOR_KNOCKED,0.086,85.5,87,3,4,0.0271983158574473,-2.9604069719888367e-09,0.0004747001447873,0.99999988732988,0.9565904239611208,-0.2914356889364837,-0.0519039820340349,0.0725910669114724,0.0892383681290468,45.68659248493019,0.2110929740796558,-0.003519032921677,0.0010909502016767,0.9999932130944456,0.9655950262368028,-0.2600504668458565,8.910743253517387,5,12,True
57,78,NEIGHBOR_KNOCKED,0.086,92.3,87,3,4,0.8389584677977484,-0.0142437974379807,-0.0033917962702066,0.999892799230301,-0.7163832431690935,0.69770699359153,-0.066564081556814,0.0985637374053404,0.1189352230620142,0.0,0.0,0.0,0.0,1.0,-0.7057204780312807,0.7084903717675355,7.179631314206786,5,12,False
57,79,NEIGHBOR_KNOCKED,0.086,80.4,87,3,4,0.0074318516981988,-6.344380187283066e-05,0.0001131354994109,0.9999999915876214,0.9080093253591986,0.4189499553177361,0.0135071492093995,0.1030813008495646,0.1039624820048243,20.88985695914348,0.0450161509317874,0.0004445174983426,0.0006478404187436,0.9999996913534452,0.912644852040172,0.4087534391837852,6.291222283608715,5,12,False
59,79,APPROACH_BLOCKED,0.082,80.4,86,3,4,0.0001044189951544,1.031091795264822e-06,1.5027146952013822e-06,0.9999999999983392,0.4286262068372174,0.9034819172580816,0.066055176867962,0.0649791645854218,0.0926583953092059,0.0,0.0,0.0,0.0,1.0,0.428626287814868,0.9034818788409902,6.222960000475863,6,12,True
59,78,APPROACH_BLOCKED,0.082,92.3,86,3,4,0.0,0.0,0.0,1.0,-0.8388427765780838,0.5443737651492501,-0.0169531462704215,0.1589983985022287,0.1598996557055075,0.0,0.0,0.0,0.0,1.0,-0.838842776950854,0.5443737645748368,7.144019800000022,6,12,False
59,113,APPROACH_BLOCKED,0.082,83.3,86,3,4,0.0380764151155205,-0.0005643107584819,0.0003509867751706,0.9999997791808014,-0.5054611350334498,0.8628493732805842,-0.1594606958827418,0.0505631151268253,0.1672852119666794,0.0,0.0,0.0,1.0968229485467842e-16,1.0,-0.5043652834291606,0.8634903941975397,6.447486048644871,6,12,False
79,59,SUCCESS,0.082,85.5,86,3,4,0.001917112744529,3.195939447077119e-05,-9.907776857015305e-06,0.9999999994402166,-0.4286015996592444,-0.9034935908845936,-0.0536094484649189,0.0649789465619727,0.0842391622763219,0.0,0.0,0.0,6.188253946526066e-17,1.0,-0.428648716073102,-0.9034712381746752,6.6177001710466135,7,12,True
79,78,SUCCESS,0.082,92.3,86,3,4,0.0,0.0,0.0,1.0,-0.9854095567802874,0.1701998983727003,-0.084850326,0.1636136476358002,0.1843068189595763,0.0,0.0,0.0,0.0,1.0,-0.9854095568156976,0.170199898167685,7.144019999999975,7,12,False
79,113,SUCCESS,0.082,83.3,86,3,4,0.0,0.0,1.0968229485467842e-16,1.0,-0.9618792015284756,-0.2734746819486988,-0.225994365,0.0554047935700398,0.2326867941295594,0.0,0.0,0.0,0.0,1.0,-0.9618792015284756,-0.2734746819486991,6.447419999999843,7,12,False
78,59,GRASP_FAILED,0.09,85.5,85,3,4,0.0,0.0,0.0,1.0,0.8388412622112479,-0.5443760986779639,0.032293826,0.1589968305188261,0.1622432843379059,0.0,0.0,0.0,0.0,1.0,0.8388412622112479,-0.5443760986779639,6.617700000000007,8,12,False
78,113,GRASP_FAILED,0.09,83.3,85,3,4,0.0,0.0,0.0,1.0,0.928994167367384,-0.3700943622880261,-0.1397508389999999,0.1161834355815886,0.1817385146432782,0.0,0.0,0.0,0.0,1.0,0.928994167367384,-0.3700943622880263,6.4474199999999815,8,12,False
78,89,GRASP_FAILED,0.09,59.0,85,3,4,2.7159339191353893,-0.0473842179910675,-4.515991804714263e-05,0.9988767360620412,-0.942229778607808,-0.3349672287025721,-0.0918090948548929,0.2811983384974087,0.2958063817292961,0.0012586584060721,0.0,-3.088871548349484e-13,6.968543767165447e-16,1.0,-0.9396670592832344,-0.3420903648131566,4.786044401523737,8,12,False
55,56,SUCCESS,0.052,83.3,85,1,2,0.0107034687112532,-0.0001868107697113,0.0,0.999999982550868,-0.9232869794713252,-0.3841108610007226,0.0225000271350287,0.10860910022516,0.1109152283178278,0.0,0.0,0.0,0.0,1.0,-0.9232806456267372,-0.3841260853041294,6.447425242915826,9,12,False
113,59,SUCCESS,0.088,85.5,84,3,4,35.74056130839346,0.3263217512433685,-0.4844642110601965,0.8116702180487358,-0.5681610711161028,0.8229173696478906,0.1778113038986947,0.0311597218629796,0.1805208798469922,0.0,0.0,0.0,6.188253946526066e-17,1.0,0.5043464358284084,-0.8635014028171473,28.495375179235925,10,12,False
113,78,SUCCESS,0.088,92.3,84,3,4,0.0,0.0,0.0,1.0,-0.928994167367384,0.3700943622880261,0.1526456789999999,0.1161834355815886,0.1918314208384856,0.0,0.0,0.0,0.0,1.0,-0.928994167367384,0.3700943622880263,7.144020000000001,10,12,False
113,61,SUCCESS,0.088,81.5,84,3,4,0.0080726697519086,1.3202032260182066e-05,-0.0001402747776289,0.9999999900743464,-0.9543137290716684,-0.2988064699857184,-0.2561792480468919,0.1771280490981251,0.3114516863129477,0.0,0.0,0.0,0.0,1.0,-0.9543840554523976,-0.2985817722136343,6.308102177735897,10,12,False
61,60,SUCCESS,0.08,51.8,83,3,4,0.0,-7.124028092060463e-13,-2.106929691401162e-12,1.0,0.2702405069023481,0.9627928481398071,-0.1064051270000744,0.0335349430171766,0.1115645259707012,0.0,0.0,0.0,0.0,1.0,0.2702405069028027,0.9627928481396796,4.009319999999955,11,12,False
61,28,SUCCESS,0.08,60.400000000000006,83,3,4,1.7075472925031875e-06,-3.01478343497719e-08,0.0,0.9999999999999996,0.978774744781838,0.2049390128239326,-0.1152139020191388,0.1023161549919952,0.1540871142919541,0.0,0.0,0.0,0.0,1.0,0.9787747466334256,0.2049390039808767,4.67496000000008,11,12,False
61,83,SUCCESS,0.08,77.3,83,3,4,0.0679398809932082,0.001098812224331,0.0004457269100947,0.9999992969693616,-0.0493158551826087,-0.9987832329527804,-0.2277665181210247,0.0929461264932245,0.2460011569222177,0.0,0.0,0.0,0.0,1.0,-0.052452166306608,-0.998623437662938,5.983215654015689,11,12,False
77,75,SUCCESS,0.078,50.6,82,3,4,4.847850673507506,0.0826572663932989,-0.0175989386787794,0.9964226280398132,-0.9987951874983187,0.0490731436755151,-0.0853233345218315,0.0515690358760938,0.0996967244954127,4.854857115859817,9.026048160782404,0.1543558688838488,-0.0280480187495357,0.9876171193257728,-0.9995305384957612,0.0306382541012692,4.5187765097363695,12,12,False
77,76,SUCCESS,0.078,93.0,82,3,4,5.576378312306404,-0.0918318829061602,0.0317713101062555,0.9952675465100032,-0.9877177036669617,0.1562489611577118,-0.0958418028267251,0.1329131379493836,0.1638644360702734,5.576956791088491,1.9283041525312372,-0.0332400041507292,0.0052298014235636,0.9994337153113906,-0.9911964454250394,0.1323994206058588,8.065690084046649,12,12,False
77,47,SUCCESS,0.078,76.39999999999999,82,3,4,0.0290923046734499,-0.0004472445241297,0.0002403933867486,0.9999998710916692,0.9978044936316508,-0.0662283359936329,0.017125086786942,0.1502454167790038,0.1512182325665687,0.0,0.0,0.0,0.0,1.0,0.99780205397519,-0.0662650819277556,5.9133955926049,12,12,False
91,90,SUCCESS,0.084,61.6,81,3,4,0.0,-2.2538732694773357e-09,0.0,1.0,0.9984614326427764,-0.0554505863353507,-0.0445854057956062,0.220229737989528,0.224697565418264,0.0,0.0,0.0,0.0,1.0,0.9984614326452836,-0.0554505862902066,4.767840000000003,13,12,False
91,92,SUCCESS,0.084,74.7,81,3,4,30.98829583072443,-0.5094855056711628,-0.0742185452226251,0.8572724928842852,0.9590816558121856,-0.2831296125179359,-0.1932898954906298,0.1038916916331578,0.2194412615922032,30.901798299598624,35.54811188539389,-0.5587965471342599,-0.160488420268249,0.813627608842418,0.8854901600963128,-0.4646581284908361,7.559287910851564,13,12,False
91,30,SUCCESS,0.084,84.0,81,3,4,0.0790661333643087,-0.0013747284114699,-0.0001200924822108,0.999999047849342,-0.9012398273875764,0.4333206359388059,0.1637253938967,0.1831136928225274,0.2456351544582585,0.0,0.0,0.0,2.900487352823716e-16,1.0,-0.901432406081691,0.432919873955647,6.501888002441463,13,12,False
83,105,SUCCESS,0.072,81.4,80,3,4,0.0062462843784349,5.3706306687431565e-05,-9.487152751717374e-05,0.9999999940575128,-0.9040971612370624,-0.4273269509907901,-0.0118397755347245,0.1525612855847498,0.1530200187687358,0.0,0.0,0.0,0.0,1.0,-0.90411488469931,-0.4272894513853031,6.300360174632776,14,12,False
83,60,SUCCESS,0.072,51.8,80,3,4,0.0,0.0,0.0,1.0,0.110660104771142,0.9938583104306368,0.125262184,0.1260153189700986,0.1776808243890869,0.0,0.0,0.0,0.0,1.0,0.110660101984897,0.9938583107408684,4.009319900000042,14,12,False
83,28,SUCCESS,0.072,60.400000000000006,80,3,4,0.0,0.0,0.0,1.0,0.677817868962894,0.7352298528450821,0.115122132,0.1549484689164332,0.1930340210837776,0.0,0.0,0.0,0.0,1.0,0.6778178702493911,0.7352298516590438,4.674960000000037,14,12,False
111,24,SUCCESS,0.054,83.4,79,3,4,9.17156748350954,0.1376560456223848,0.0803517452845871,0.987215483130876,-0.0337729199861987,0.9994295322210596,-0.0551060715969488,0.0972455862966973,0.1117738036439508,9.171404229873932,5.015656060834662,0.0837005884732526,0.0252558477059469,0.9961708456112764,-0.0957573620070381,0.9954047054447016,7.559307757303494,15,12,False
111,21,SUCCESS,0.054,80.4,79,3,4,0.0288592776809951,-0.0003113095616795,0.0003959663650485,0.9999998731484891,0.9373538586305948,-0.3483787360191994,-0.122809696978612,0.1086481047387299,0.163971437559401,0.0,0.0,0.0,0.0,1.0,0.937211888575381,-0.348760485022268,6.222996540985897,15,12,False
111,23,SUCCESS,0.054,77.0,79,3,4,0.0073102951481168,-0.0001265249458259,-1.6441391041939793e-05,0.9999999918605592,-0.5824105722483924,0.8128947812191318,0.0050220716919952,0.0952090203391685,0.0953413800929257,0.0,0.0,0.0,0.0,1.0,-0.5823732870984246,0.8129214934261337,5.95980224597201,15,12,False
20,22,SUCCESS,0.09,57.5,78,3,4,8.778796990129837,-0.0013689255622905,0.1526139803063381,0.9882849280738129,-0.914179551440436,0.4053094468775221,-0.0554561916085848,0.0619248846899228,0.0831268941533864,8.058885815126521,9.979772433118857,-0.004131536538411,0.1732512371015239,0.9848689959830308,-0.9030381843808694,0.4295602839533735,4.524837462881482,16,12,False
20,21,SUCCESS,0.09,80.4,78,3,4,4.1701704908646455,0.0008170528946662,-0.0727143719717115,0.9973524715632518,-0.6938216044534337,-0.7201469163953027,-0.0529474679838605,0.0783693029848831,0.0945789723788451,4.771368255360325,4.712047251409584,0.0019402365172927,-0.0821251477831332,0.9966201360517736,-0.6867892679876023,-0.7268565892781418,6.242664317123247,16,12,True
20,6,SUCCESS,0.09,66.10000000000001,78,3,4,1.4564287375591709e-05,-1.804711336781009e-07,-1.7915776840545016e-07,0.9999999999999676,0.8928746201260367,0.4503053549923495,-0.0831308774308385,0.118147075396008,0.1444627087073031,0.0,0.0,0.0,0.0,1.0,0.892874583625889,0.4503054273655774,5.11613996056938,16,12,False
118,116,SUCCESS,0.054,94.8,77,2,3,1.1790953832010331,-0.0205426457135216,0.0011996436086498,0.9997882578637844,0.6835662448819774,0.7298884770003926,0.0386536553452709,0.0755525893559284,0.0848663586466188,0.2404700202169181,0.0127397149385813,-6.32693090223326e-05,-0.0002131584001321,0.9999999752802452,0.6859704422701012,0.7276294059009445,7.408044840893922,17,12,True
118,117,SUCCESS,0.054,60.6,77,2,3,1.7075472925031875e-06,2.999129883617415e-08,2.1176202360083823e-09,0.9999999999999996,0.9953197132363838,0.0966367861791915,0.0927202879320083,0.1441332915492625,0.1713810302426124,0.0,0.0,0.0,0.0,1.0,0.9953197132495916,0.0966367860431577,4.690439976970662,17,12,False
21,22,NEIGHBOR_KNOCKED,0.082,57.5,76,3,4,11.372432246289383,-0.0071168916048222,0.1970571874521096,0.9803661635977392,-0.0361455643603598,0.999346535580662,0.0150902526999923,0.0670425808243164,0.0687198906440822,0.5364414643217713,0.0,-1.500787955228361e-11,3.807099029511911e-11,1.0,-0.0366896613587856,0.9993267077134372,7.524376553367229,18,12,True
21,24,NEIGHBOR_KNOCKED,0.082,83.4,76,3,4,0.0287620012041236,-0.00048228236714,-0.0001392813136767,0.9999998740022092,-0.6836248691424573,0.7298335688977029,0.0738214855407456,0.1768190345426708,0.1916104973743473,0.0,0.0,0.0,0.0,1.0,-0.6836733804584216,0.7297881260013445,6.455197899551491,18,12,False
21,6,NEIGHBOR_KNOCKED,0.082,66.10000000000001,76,3,4,0.0,0.0,0.0,1.0,0.8345497338777842,0.550932610837768,-0.0240144178324067,0.1914266089496994,0.1929270299305168,0.0,0.0,0.0,0.0,1.0,0.8345497344114616,0.5509326100293562,5.116140010435537,18,12,False
22,24,SUCCESS,0.054,83.4,75,3,4,0.0,0.0,0.0,1.0,-0.8710626169353459,0.4911719835024664,0.067545003,0.1361649997308539,0.1519974821566906,0.0,0.0,0.0,0.0,1.0,-0.8710626169353459,0.4911719835024664,6.455160000000001,19,12,False
22,6,SUCCESS,0.054,66.10000000000001,75,3,4,0.0,0.0,1.8429722968017551e-16,1.0,0.9661029631393632,0.2581570541614976,-0.0275725339999999,0.1677226529488113,0.1699739184209406,0.0,0.0,0.0,0.0,1.0,0.9661029631393632,0.2581570541614975,5.116139999999991,19,12,False
22,40,SUCCESS,0.054,45.2,75,3,4,0.0,-1.3819901523980695e-09,-4.458384709280041e-09,1.0,-0.9566171296469536,0.2913480174396652,-0.1652192329979682,0.0879757634023653,0.1871820768627859,0.0,0.0,0.0,0.0,1.0,-0.956617126695082,0.2913480271318915,3.4984799999999447,19,12,False
39,38,SUCCESS,0.08,84.4,73,3,4,0.0562911500262842,-0.0006187579220461,-0.000763136673993,0.9999995173804088,0.9942766775687616,0.1068358013159688,-0.0882571507068034,0.0610913104877436,0.1073381240193497,1.1533795897125283,0.0102436984373632,-8.536084992483263e-05,-0.0001570925003836,0.9999999840177356,0.9943382149674732,0.1062615370456275,6.562071955954586,21,12,False
39,54,SUCCESS,0.08,70.1,73,3,4,0.0002370632866782,-1.915066428512741e-12,4.137511796350758e-06,0.9999999999914404,-0.9393831102036077,0.3428693224308592,-0.0068879113931153,0.1921852306259026,0.1923086222562337,0.0,0.0,0.0,0.0,1.0,-0.9393834351115906,0.3428684322563801,5.425739974041013,21,12,False
39,52,SUCCESS,0.08,87.9,73,3,4,0.2134345487851575,0.0037251269984386,0.0,0.9999930616903528,-0.974948989303762,0.2224285688835248,0.0717833606533482,0.2332900996506995,0.2440842507449467,0.0,0.0,0.0,0.0,1.0,-0.9749314904750104,0.2225052558484293,6.805661867389024,21,12,False
8,26,SUCCESS,0.082,46.5,72,3,4,0.0,-2.619795028356906e-15,1.309897514178453e-15,1.0,-0.911480802962626,0.4113426136818391,-0.0353444664709416,0.1523651874023451,0.156410938371545,0.0,0.0,0.0,0.0,1.0,-0.911480802962626,0.411342613681839,3.599100000000001,22,12,False
8,25,SUCCESS,0.082,77.3,72,3,4,0.0007006756517789,9.89124175626136e-06,7.191253084190695e-06,0.9999999999252246,-0.9684885641117452,0.2490580277460858,-0.0592544189293475,0.2040491318924417,0.2124785504203041,0.0,0.0,0.0,0.0,1.0,-0.968489752653988,0.2490534059277586,5.983020010022833,22,12,False
8,70,SUCCESS,0.082,88.3,72,3,4,0.5805631380971246,0.0100292367166217,0.0014433578963603,0.9999486642467528,-0.8395118546263222,0.5433413714616925,-0.1227814347670382,0.2086480720382777,0.2420935742409178,0.0,0.0,0.0,0.0,1.0,-0.8424650466093347,0.5387510048635931,6.850691578365223,22,12,False
26,25,SUCCESS,0.04,77.3,71,2,3,0.0,0.0,0.0,1.0,-0.9802374323966436,-0.1978246095116474,-0.0286762031999999,0.059926633138644,0.0664343735524112,0.0,0.0,0.0,0.0,1.0,-0.9802374323966436,-0.1978246095116474,5.983020000000005,23,12,True
26,70,SUCCESS,0.04,88.3,71,2,3,0.0,0.0,0.0,1.0,-0.6017972585287167,0.7986488963413904,-0.0923054879999999,0.0631634765052459,0.1118477888880549,0.0,0.0,0.0,1.3796202584212463e-16,1.0,-0.6017972585287166,0.7986488963413905,6.83442020000001,23,12,False
63,62,NEIGHBOR_KNOCKED,0.086,60.400000000000006,70,1,2,0.0,-4.693044212779979e-09,0.0,1.0,0.7541666340378989,0.656683095643512,-0.0603269928426315,0.0787844485352804,0.0992287024829165,0.5463490494460694,0.0,9.650325066372727e-11,4.148063368935103e-10,1.0,0.754384664721381,0.6564326146933969,4.6817275089107,24,12,False
64,65,SUCCESS,0.05,78.10000000000001,69,3,4,6.655687118268815,-0.1147055591071551,-0.0166145238294122,0.9932605863054452,-0.9978063418376238,-0.0662004848065277,-0.0533656371758906,0.0451968572404401,0.0699331619162292,6.654709324212025,0.0085985312816442,-0.0001486024166535,-2.095546018142281e-05,0.9999999887390952,-0.9993649878358244,-0.0356317427008935,8.170732573974112,25,12,True
64,25,SUCCESS,0.05,77.3,69,3,4,0.0,0.0,0.0,1.0,0.9999968768191788,0.0024992702710784,0.0020814168999999,0.1302172733220889,0.130233907135397,0.0,0.0,0.0,0.0,1.0,0.9999968768191112,0.0024992702982083,5.983020004979266,25,12,False
64,70,SUCCESS,0.05,88.3,69,3,4,0.0,0.0,0.0,1.0,0.9236601975541052,0.3832125251793202,-0.0632506679,0.1634232903287534,0.1752364654165112,0.0,0.0,0.0,0.0,1.0,0.9236601972299756,0.3832125259605731,6.834420004979234,25,12,False
65,25,SUCCESS,0.074,77.3,68,2,3,0.0,0.0,-9.849649807454401e-18,1.0,0.9999579326612106,0.0091723992454409,0.0600930035000008,0.1631067300004264,0.1738245507432225,0.0,0.0,0.0,0.0,1.0,0.9999579326612106,0.0091723992454409,5.983020000000005,26,12,False
65,70,SUCCESS,0.074,88.3,68,2,3,0.0,0.0,0.0,1.0,0.9447271294646916,0.3278576685902036,-0.0069418812999991,0.1945859124830258,0.1947096994318338,0.0,0.0,0.0,0.0,1.0,0.9447271294010208,0.327857668773672,6.834420200000031,26,12,False
16,17,SUCCESS,0.082,57.6,94,1,2,0.0,-1.8168649454612666e-09,-3.154544212465588e-10,1.0,0.7579704544775923,0.6522888854940212,0.062017406821857,0.070368102366778,0.0937967407728492,0.0,0.0,0.0,0.0,1.0,0.7579704542214561,0.6522888857916556,4.458240000000016,1,13,False
31,58,SUCCESS,0.094,84.6,93,3,4,0.340311793151877,-0.0012651733212003,0.005803215465632,0.9999823608577938,0.5579928657049458,0.8298457458000146,0.04536492815279,0.2798476293028223,0.2835007448539028,0.0,0.0,0.0,-2.689222193228751e-18,1.0,0.5580330314913039,0.8298187366917099,6.553407216320187,2,13,False
31,60,SUCCESS,0.094,50.8,93,3,4,0.177030266135329,-0.0010886716790659,0.0028916062586399,0.999995226692218,0.7123791337192086,0.7017948203296106,-0.0703485935730442,0.2878247233132047,0.2962971413429907,0.0,0.0,0.0,0.0,1.0,0.7130628549862705,0.7011001104256288,3.932767912446543,2,13,False
31,59,SUCCESS,0.094,60.400000000000006,93,3,4,1.2074182697257331e-06,2.2957972531420825e-08,-6.735873235177434e-10,0.9999999999999998,0.8923937503232242,0.4512575698911331,-0.0885465276525323,0.2623715845514405,0.2769103391701986,0.0,0.0,0.0,0.0,1.0,0.8923937475448946,0.4512575753854761,4.674959900900008,2,13,False
34,99,SUCCESS,0.054,84.0,92,2,3,0.1922302937153571,0.0033347449014719,-0.0003685174253663,0.9999943718198364,0.7149932250609842,0.6991313811558545,0.142482340926483,0.1398244285860347,0.19962987828805,0.0,0.0,0.0,0.0,1.0,0.7162158867004556,0.6978787886430425,6.503299324441293,3,13,False
34,98,SUCCESS,0.054,66.10000000000001,92,2,3,0.0001423985924616,-2.47978531848051e-06,1.6585833829360913e-07,0.9999999999969116,0.1604841825355885,0.9870384121987776,0.1586507557390046,0.1569269686131595,0.2231504778723829,0.0,0.0,0.0,0.0,1.0,0.1604822994575841,0.9870387183696524,5.116140000731904,3,13,False
66,67,NEIGHBOR_KNOCKED,0.06,75.2,91,3,4,38.3960978601038,0.6155474365968727,-0.0828227838690085,0.7837357588953092,0.9865811641176618,-0.1632715731786757,0.0040532696428896,0.0632809213255364,0.0634105984722325,65.24879189224963,0.0138273938593401,-5.398079754206663e-05,-0.0002352189503689,0.999999970879059,0.9461999746382368,-0.3235824593432099,28.955544036666627,4,13,True
66,113,NEIGHBOR_KNOCKED,0.06,80.60000000000001,91,3,4,0.0150305659057474,0.0002623328604074,0.0,0.9999999655907346,0.9393070894216016,0.3430775302498245,-0.1242121543406053,0.0211977974048889,0.1260079596722091,0.0,0.0,0.0,0.0,1.0,0.9390585452924468,0.3437572523063821,6.238449883209997,4,13,False
66,114,NEIGHBOR_KNOCKED,0.06,54.4,91,3,4,0.0,1.310846467506279e-10,-4.130195352523862e-12,1.0,0.9985765185987092,-0.0533379461854469,-0.0534460772526286,0.1345860902664811,0.1448098714415262,0.0,0.0,0.0,0.0,1.0,0.9985765186130168,-0.0533379459175883,4.210560026975174,4,13,False
80,81,SUCCESS,0.084,86.5,90,3,4,0.1264598512855791,-0.000432476448487,-0.0021643536259844,0.9999975642657852,0.7029441731640274,-0.7112450276906979,0.0295120494848376,0.1096262777020299,0.1135292113405095,0.0,0.0,0.0,0.0,1.0,0.7031791198730867,-0.7110127462813247,6.695837404024827,5,13,False
80,15,SUCCESS,0.084,74.89999999999999,90,3,4,0.0059081280698511,-8.510697725137034e-05,5.822174103891413e-05,0.9999999946835156,-0.9239560371448762,-0.3824986815971221,0.1404244898058182,0.139216233103469,0.1977376972070418,0.0,0.0,0.0,0.0,1.0,-0.923979226030708,-0.3824426621909403,5.79726141686342,5,13,False
80,39,SUCCESS,0.084,80.60000000000001,90,3,4,0.0136323392033662,-7.48997744314324e-05,0.000225832523757,0.9999999716948472,0.7770319098429979,-0.6294612069744595,-0.1926183271959076,0.1350931511365846,0.2352700139324215,0.0,0.0,0.0,0.0,1.0,0.7768893233726064,-0.6296371806283788,6.238447808990385,5,13,False
113,90,APPROACH_BLOCKED,0.086,89.2,89,3,4,6.44084853273348,0.1102782373657775,0.0205543159783694,0.9936881957929048,0.970881692201934,0.2395594701678665,-0.0344863788821795,0.0733938229413727,0.0810923151374704,3.189449339671783,0.0709601126180335,0.0010750847676575,0.0006148524215752,0.9999992330743268,0.9692818203336644,0.2459527449951679,9.173296208019025,6,13,True
113,67,APPROACH_BLOCKED,0.086,75.2,89,3,4,4.353408482428142e-06,1.7374085208085407e-08,7.570681232085884e-08,0.9999999999999972,0.626723910151389,-0.7792413877897876,0.1032483124876133,0.024119564136457,0.1060281444036088,0.4755085744303252,5.122463248478369,0.0215656833653572,-0.086641191218183,0.9960061371724972,0.7048634699240967,-0.7093429979682341,7.132100767582795,6,13,False
113,114,APPROACH_BLOCKED,0.086,54.4,89,3,4,0.0,0.0,0.0,1.0,0.9900261096334672,-0.1408840027967057,0.0764022050478878,0.1271541317763816,0.1483424085148442,0.0,0.0,0.0,0.0,1.0,0.9900261096440636,-0.140884002722243,4.210560044062381,6,13,False
90,113,APPROACH_BLOCKED,0.094,80.60000000000001,89,3,4,0.3678378085249665,-0.0060001323760634,-0.0022834184053096,0.9999793919935832,-0.9345724813993828,-0.3557727884633681,0.0582304409654687,0.0532619461119368,0.0789152656883559,1.2957402523422878,0.0028148405679566,4.909245411879048e-05,1.874786765988251e-06,0.9999999987932082,-0.934875474234366,-0.3549758409738181,6.238683056813335,7,13,True
90,112,APPROACH_BLOCKED,0.094,76.2,89,3,4,0.0001373859486787,-2.2445021706521856e-11,-2.397829633020165e-06,0.9999999999971252,0.975278210048306,-0.2209805715554472,0.0675474645747306,0.1063824728081626,0.1260154375116554,0.0,0.0,0.0,0.0,1.0,0.9752780927622218,-0.2209810891865702,5.897879981986804,7,13,False
90,114,APPROACH_BLOCKED,0.094,54.4,89,3,4,0.0,0.0,0.0,1.0,0.8883655980229942,-0.45913675985402,0.1242942193079982,0.072805293456041,0.144047435619677,0.0,0.0,0.0,0.0,1.0,0.888365596940582,-0.4591367619483367,4.210559981482874,7,13,False
39,83,SUCCESS,0.08,53.400000000000006,89,3,4,0.0,0.0,-6.284019914001959e-12,1.0,-0.5839423946298026,-0.8117950971482963,0.0316749526605412,0.1061078768553546,0.1107347468358447,0.0,0.0,0.0,0.0,1.0,-0.5839423946297673,-0.8117950971483218,4.133159999999997,8,13,False
39,81,SUCCESS,0.08,86.5,89,3,4,30.654171188621333,-0.3882808152560741,0.3304392825066555,0.8602603612166291,0.5642903841145066,-0.8255763819271373,0.2101567950623324,0.0665133265630269,0.2204311709385744,0.0,0.0,0.0,0.0,1.0,-0.9686425642928134,0.2484584122951828,25.071316797401987,8,13,False
39,108,SUCCESS,0.08,81.4,89,3,4,0.0116423381766546,-0.0002031971326707,0.0,0.9999999793554624,0.269918962418514,0.962883042600145,-0.113312423215906,0.1985054856546823,0.2285697554141009,0.0,0.0,0.0,0.0,1.0,0.270070488954992,0.9628405532566704,6.300365889500002,8,13,False
3,4,SUCCESS,0.058,80.0,88,3,4,0.0617450181299353,0.0010197597007381,0.0003484645633286,0.999999419331132,-0.876560137108972,-0.481292349857652,-0.0930782086613472,0.0973552051964963,0.1346907157396425,0.0,0.0,0.0,0.0,1.0,-0.8766869975667171,-0.4810612313390626,6.1921658151556525,9,13,False
3,5,SUCCESS,0.058,90.9,88,3,4,0.4532229549764952,0.0071938749087547,-0.0032891703877605,0.9999687142715804,-0.9987094692178182,0.0507877553615419,-0.0188535414747898,0.1601277628909936,0.1612338564775273,0.0,0.0,0.0,0.0,1.0,-0.9986446237037366,0.052047243420015,7.045709472539675,9,13,False
3,52,SUCCESS,0.058,87.2,88,3,4,0.0602129490652745,-0.0010466246956866,-9.48526429378444e-05,0.9999994477897088,-0.9830903469670244,-0.1831211885617168,0.114218303569026,0.0985065266101179,0.1508288986069183,0.0,24.039279794498327,-0.2654727813302166,0.3089800724705269,0.9132663999014234,-0.9145489841173547,-0.4044751607329113,23.037301156435397,9,13,False
117,101,SUCCESS,0.07,80.4,87,3,4,25.50230696400545,-0.2019389160818527,0.3802522462305618,0.9025679494687914,-0.1738260793621509,-0.984776367574681,-0.0101424538061988,0.14185754916747,0.1422196668010864,25.45102550955245,29.086631683263278,0.2923190446709374,0.3884242643479048,0.8738856715775007,0.065729323997235,-0.99783748975816,25.11507439847696,10,13,False
117,116,SUCCESS,0.07,46.5,87,3,4,0.0,2.6590919537822604e-14,8.186859463615332e-17,1.0,-0.9967194334721776,-0.0809343619169337,-0.1552000317999722,0.0389357035177991,0.1600094962155007,0.0,0.0,0.0,0.0,1.0,-0.9967194328573064,-0.0809343694891695,3.599099808343343,10,13,False
117,100,SUCCESS,0.07,53.8,87,3,4,0.0,-8.285937323794756e-11,0.0,1.0,-0.1384378786500295,-0.9903711192047552,0.1149264261019364,0.1662981177523105,0.2021463514004771,0.0,0.0,0.0,0.0,1.0,-0.1384378786783662,-0.9903711192007943,4.164120008343278,10,13,False
62,64,SUCCESS,0.056,75.0,86,2,3,0.0089180080643876,-0.0001556486034702,0.0,0.999999987886756,0.5540495076005222,-0.8324837194369746,0.0982236143019044,0.0448262700263235,0.1079688514850563,0.0,0.0,0.0,0.0,1.0,0.5539159187930477,-0.8325726123934499,5.805003204793185,11,13,False
62,63,SUCCESS,0.056,65.0,86,2,3,3.420426507979949e-05,4.098957886684443e-07,4.337932577474949e-07,0.9999999999998218,0.9286957793708068,0.3708424859409308,0.0846938087217381,0.0868300597745014,0.1212950968351065,0.0,0.0,0.0,0.0,1.0,0.9286957282985157,0.3708426138405478,5.031000000041691,11,13,False
32,31,SUCCESS,0.086,83.8,90,2,3,0.1302484604966713,0.0022649311828514,0.0001944459746889,0.9999974161354116,-0.7064724628236448,0.707740531036547,0.0654541175328866,0.0528269010914348,0.0841125613742274,0.0,0.0,0.0,0.0,1.0,-0.7060578812078019,0.7081541275628842,6.4869006204488935,1,14,True
32,115,SUCCESS,0.086,60.0,90,2,3,1.7075472925031875e-06,2.9901539412038873e-08,-4.8697643075223326e-09,0.9999999999999996,-0.2969977658095113,-0.9548781739594632,-0.0717153328977382,0.1639653254442348,0.1789628925801861,0.0,0.0,0.0,0.0,1.0,-0.296997783790037,-0.9548781683669424,4.64400040000006,1,14,False
71,72,SUCCESS,0.056,50.1,89,1,2,0.0,5.310497083828623e-13,4.889839576730475e-13,1.0,0.8437386241989278,0.5367542585158508,0.0765994852000472,0.0665665731005757,0.101481967793626,0.0,0.0,0.0,0.0,1.0,0.8437386241988782,0.5367542585159283,3.8777399999999767,2,14,False
44,43,SUCCESS,0.07,51.1,88,3,4,0.0,7.132814925738539e-13,3.227884829361625e-13,1.0,0.0650681776384914,0.997880820668884,0.0016305048000537,0.0923850373689349,0.0923994246495209,0.0,0.0,0.0,0.0,1.0,0.0650681776382864,0.9978808206688976,3.95514000000001,3,14,False
44,42,SUCCESS,0.07,92.5,88,3,4,11.15478113485998,0.1859592514650299,-0.0533476180317865,0.9811081430937671,0.6873005930912717,0.7263731098659876,-0.0513416640263072,0.0982327470300715,0.1108406020105639,11.151394530721648,5.579808447786574,0.0915331015206881,-0.0327991697679407,0.9952617272800844,0.6069521870620569,0.7947383485277314,9.019527313788672,3,14,True
44,116,SUCCESS,0.07,57.5,88,3,4,0.0,-7.631279076335153e-11,0.0,1.0,0.8916026977976945,-0.4528185390196307,-0.211645219272814,0.0416477729326205,0.2157040468588492,0.0,0.0,0.0,0.0,1.0,0.8916026940119105,-0.4528185464738644,4.450499930000063,3,14,False
117,119,SUCCESS,0.054,72.0,87,3,4,17.748236202641085,0.3032445435772857,-0.031098424120765,0.9524051841563068,0.6421190439994087,0.7666049395440167,-0.0593764676339101,0.0699515298621649,0.0917539178386304,17.341686637885253,19.45568252216821,0.3314013550598182,-0.0333744787154172,0.9428994039848528,0.6701863145545561,0.7421929020030992,5.768262960149883,4,14,False
117,116,SUCCESS,0.054,57.5,87,3,4,0.0,0.0,0.0,1.0,0.932911181385975,-0.360106550405605,0.0698488865,0.0802993079893442,0.1064276552821561,0.0,0.0,0.0,0.0,1.0,0.9329111812691832,-0.3601065507081717,4.450499807044372,4,14,False
117,118,SUCCESS,0.054,80.5,87,3,4,13.019091415591644,-0.2241042259371852,0.0229443096964549,0.9742950551910076,-0.7075539277552371,0.7066593516809475,-0.0630357288911146,0.0922984002883852,0.1117698430375076,13.384590948455497,15.182854816330163,-0.2605830902246475,0.0262349048368483,0.9650949087303148,-0.7267119082936392,0.6869423573664805,6.50877114673447,4,14,False
89,63,SUCCESS,0.084,62.6,86,3,4,8.45192788808014e-06,7.747688719558753e-08,-1.2606812934783718e-07,0.9999999999999892,0.9933700182774128,0.1149608924266545,0.0205339103279016,0.1369263843034643,0.1384574887529538,0.0,0.0,0.0,0.0,1.0,0.9933700165742424,0.114960907143644,4.845240000002485,5,14,False
89,29,SUCCESS,0.084,62.6,86,3,4,6.883343194785022e-06,1.0046109560002088e-07,-6.598412465687563e-08,0.9999999999999928,0.1681233779069984,0.9857659609669734,-0.1373685799065067,0.1609503908719304,0.2116014061091219,0.0,0.0,0.0,0.0,1.0,0.1681232592913135,0.9857659811969908,4.845240070001905,5,14,False
89,64,SUCCESS,0.084,55.0,86,3,4,0.0,-1.0087266398407328e-10,-2.3753399447590534e-11,1.0,0.9827353946363896,0.1850166050084683,0.0302631097619629,0.2135206311400192,0.2156546214086236,0.0,0.0,0.0,0.0,1.0,0.9827353946619316,0.1850166048727993,4.2570000100000325,5,14,False
39,38,SUCCESS,0.058,49.8,85,1,2,0.0,1.201081329115073e-12,0.0,1.0,-0.8607779655662281,-0.5089806420637876,0.0418772545651198,0.0412093615077845,0.0587530078020787,0.0,0.0,0.0,0.0,1.0,-0.860777965566126,-0.5089806420639602,3.85452,6,14,True
24,15,GRASP_FAILED,0.058,82.0,84,3,4,0.6039294526694465,0.0105403449106519,1.910110815559952e-05,0.9999444488391904,-0.9890201523735778,0.1477807098336763,0.1433258014463172,0.1656668444437998,0.2190611528961612,1.1945292409447523,0.0007158692196297,1.2494282932982543e-05,1.897269119994921e-09,0.9999999999219464,-0.9888640707555248,0.1488215359711506,6.325558855428048,7,14,False
24,23,GRASP_FAILED,0.058,60.3,84,3,4,5.00399531441481,-0.0872252085372516,2.6629613296430903e-06,0.9961886181785764,0.7834774034703125,-0.6214202750565974,-0.0224119334659497,0.1011390718960139,0.1035925027483612,0.000327044344666,0.0,-2.3434783387988643e-13,0.0,1.0,0.8002984037620012,-0.5996019220582876,5.415462920552082,7,14,False
24,49,GRASP_FAILED,0.058,48.1,84,3,4,0.2701725594115978,-0.0047109614673037,0.0002041595307602,0.9999888825186706,-0.0656166127159983,0.9978449078567664,-0.1008208789659552,0.1698790713686879,0.197544295094937,0.0,0.0,0.0,0.0,1.0,-0.0620838729593529,0.998070935714675,3.7248231046175184,7,14,False
36,34,SUCCESS,0.052,53.400000000000006,84,3,4,0.0,-1.8236341679568837e-11,1.1838713912623685e-12,1.0,0.9709273822368912,0.2393742225525078,-0.1083314195005584,0.0320535562085522,0.1129740099165325,0.0,0.0,0.0,0.0,1.0,0.9709273822426056,0.2393742225293302,4.133159999999997,8,14,False
36,99,SUCCESS,0.052,63.2,84,3,4,1.7724801500257912e-05,3.092330615013532e-07,0.0,0.999999999999952,-0.6085610395506529,0.7935070643296306,0.0916017663981548,0.0892826312228907,0.1279150962370933,0.0,0.0,0.0,0.0,1.0,-0.6085609182901784,0.7935071573274022,4.891679700010889,8,14,False
36,35,SUCCESS,0.052,59.7,84,3,4,1.7075472925031875e-06,-2.2326539702283974e-08,-1.695982985470997e-09,0.9999999999999996,0.9985578276707056,-0.0536867283186559,-0.1101907099471717,0.1102166332828375,0.1558515280992304,0.0,0.0,0.0,0.0,1.0,0.9985578278738464,-0.0536867245402945,4.620780000000067,8,14,False
35,34,SUCCESS,0.056,53.400000000000006,83,1,2,0.0,0.0,0.0,1.0,-0.9855012502870616,0.1696681634327378,0.002834528,0.0800973207055872,0.0801474599297849,0.0,0.0,0.0,0.0,1.0,-0.9855012502870616,0.1696681634327378,4.133159999999997,9,14,False
1,105,SUCCESS,0.08,93.0,82,1,2,0.0155929242711497,-0.0002721478652096,0.0,0.999999962967769,-0.9786323329739648,-0.2056179876808825,0.1396799381110599,0.1617250759590041,0.213694841549007,0.0,0.0,0.0,7.954826165227532e-17,1.0,-0.9786384989771104,-0.2055886385961749,7.1982124335682,10,14,False
20,61,SUCCESS,0.086,80.5,81,3,4,0.0864369042049807,-0.0012896524024464,-0.000782748224191,0.9999988620503016,-0.6213868443551342,-0.7835039180899914,-0.0694755170157654,0.0987093332337211,0.120707828793553,0.0,0.0,0.0,0.0,1.0,-0.620906306377859,-0.7838847866237768,6.231026639226169,11,14,False
20,60,SUCCESS,0.086,66.10000000000001,81,3,4,0.0002378981704543,-9.997080367787111e-07,4.029948815443605e-06,0.99999999999138,-0.8551286667313288,-0.5184158208757718,-0.0336707717500576,0.1742087927122787,0.1774328727392818,0.0,0.0,0.0,1.3822292226013163e-16,1.0,-0.8551278253281422,-0.51841720877066,5.116140002044085,11,14,False
20,62,SUCCESS,0.086,83.3,81,3,4,0.2274228502542939,0.0039692671084487,0.0,0.9999921224282828,-0.973946196701296,-0.2267792008343812,-0.105333512076123,0.1827101645408681,0.2108984423670356,0.0,0.0,0.0,0.0,1.0,-0.974115678042493,-0.2260500957571439,6.449782215032688,11,14,False
18,86,SUCCESS,0.058,51.3,80,3,4,3.711963565491765,-0.0199288375328448,-0.0615970491448594,0.9979021219394392,-0.511836282842866,-0.8590830108700774,-0.03852605189045,0.0919760896399365,0.0997188935945405,3.6089569297808777,10.400086195112898,0.1468391492790788,-0.1050045725763512,0.9835711992413432,-0.3915964161924773,-0.9201370804533464,6.713972461947566,12,14,False
18,17,SUCCESS,0.058,82.69999999999999,80,3,4,0.2466905414199885,0.0042627639118543,-0.0006054708732302,0.9999907310814704,-0.7125789475276597,-0.7015919352019181,0.0344658715907347,0.0887948566912924,0.0952492670803097,0.0,0.0,0.0,0.0,1.0,-0.7129164784039578,-0.7012489535251367,6.403742894419689,12,14,True
18,87,SUCCESS,0.058,85.2,80,3,4,0.2436869248188548,0.0042209521057874,0.0005221562513078,0.9999909554171827,-0.9998664837643508,-0.0163405827531688,-0.0653428108915545,0.1011488381091225,0.1204191445993324,0.0,0.0,0.0,0.0,1.0,-0.999858093337805,-0.0168461623786998,6.59723172368652,12,14,False
87,86,SUCCESS,0.086,51.3,79,3,4,11.768605535737557,0.1680872580218256,-0.1155258331381878,0.9789792927168744,0.5973060432096856,-0.8020133981082792,0.0437651506935527,0.0899628247335453,0.1000434817930082,11.760508387644894,13.308318089156964,0.1900786117332525,-0.1298384633880749,0.9731454643508252,0.5941517919214516,-0.804352937556971,4.073207099597864,13,14,False
87,17,SUCCESS,0.086,82.69999999999999,79,3,4,19.77048057984593,0.2013967575277219,-0.2717618835588949,0.9410551655996804,0.4810830298623545,-0.8766750357906041,0.1210303769358248,0.049647736767329,0.1308176207830804,0.0,0.0,0.0,0.0,1.0,0.5342774870393195,-0.8453091545954946,16.327356564077576,13,14,False
87,8,SUCCESS,0.086,76.2,79,3,4,0.0002684612456681,-4.685545998399833e-06,0.0,0.9999999999890228,-0.9408984182262712,0.3386888934985924,0.1201844965895424,0.1213961528979717,0.1708254640236913,0.0,0.0,0.0,0.0,1.0,-0.9408987588712976,0.3386879471644241,5.897879975428012,13,14,False
62,60,SUCCESS,0.08,66.10000000000001,78,2,3,0.0,0.0,1.8429722968017551e-16,1.0,0.5178023414933136,-0.8555002835441037,0.0736179669999999,0.0571338403273366,0.0931873423580836,0.0,0.0,0.0,0.0,1.0,0.5178023414933137,-0.8555002835441036,5.116140000000005,14,14,False
62,61,SUCCESS,0.08,80.5,78,2,3,0.0,0.0,0.0,1.0,0.9564613070510304,-0.2918591580098767,0.0354443829999999,0.1227096173517639,0.1277260916056974,0.0,0.0,0.0,0.0,1.0,0.9564613070510304,-0.2918591580098766,6.2306999999999775,14,14,False
61,60,SUCCESS,0.078,66.10000000000001,77,2,3,0.0,0.0,1.3822292226013163e-16,1.0,-0.9891065359567104,-0.147201428416022,0.040402704,0.088749756986584,0.0975135778017058,0.0,0.0,0.0,0.0,1.0,-0.9891065359567104,-0.147201428416022,5.116140000000005,15,14,False
61,90,SUCCESS,0.078,77.60000000000001,77,2,3,0.0379845285115315,0.0005153544156361,0.0004170362212981,0.999999780245284,0.3471764008793931,0.9377998436086622,0.3359339831021721,0.0865055522501445,0.3468931414326218,0.0,0.0,0.0,0.0,1.0,0.3482447355330018,0.9374036506081836,6.006301261147055,15,14,False
38,115,SUCCESS,0.08,78.7,95,3,4,0.0813705946135966,0.0011763508111118,-0.0007956897962082,0.9999989915377502,0.1553677388963539,-0.987856703024398,0.0654203360317054,0.1580868218529274,0.1710884672035507,0.0,0.0,0.0,0.0,1.0,0.1555013136794747,-0.9878356854477152,6.09166445082446,1,15,False
38,116,SUCCESS,0.08,87.9,95,3,4,0.0452547966389825,-0.0007898451215065,0.0,0.9999996880722932,-0.0250903677588401,-0.9996851871693038,-0.0736942659434645,0.1276822747151286,0.1474232278488558,0.0,0.0,0.0,0.0,1.0,-0.0243252253566814,-0.9997040979266548,6.803559060479231,1,15,False
38,24,SUCCESS,0.08,58.3,95,3,4,0.0,4.132968620355957e-10,-4.264336585583031e-09,1.0,0.0958700420992545,-0.9953938592476282,0.0467043346317473,0.2476660915163557,0.252031322974709,0.0,0.0,0.0,0.0,1.0,0.095870042099394,-0.9953938592476148,4.512419999999971,1,15,False
69,70,SUCCESS,0.052,49.5,94,2,3,0.0,3.248545835162561e-13,7.136956759069262e-14,1.0,-0.5889759813821155,-0.8081505387952013,0.0601432073999795,0.0820363185042712,0.1017210054516332,0.0,0.0,0.0,0.0,1.0,-0.588975981382046,-0.8081505387952519,3.831300000000003,2,15,False
69,118,SUCCESS,0.052,82.8,94,2,3,0.2244718965676239,-0.0001437904793655,-0.0039151240495373,0.9999923255345388,0.128778226383932,-0.9916734182226568,-0.0791116375013172,0.1621921386140676,0.1804575878602635,0.0,0.0,0.0,0.0,1.0,0.1292800371157162,-0.9916081242120592,6.411009832588242,2,15,False
12,11,SUCCESS,0.052,50.5,93,2,3,0.0,-9.058135849778781e-13,-2.079390972705541e-13,1.0,-0.8081445951280637,0.588984136768808,-0.1130610664999504,0.0813165455740586,0.1392665980851265,0.0,0.0,0.0,0.0,1.0,-0.808144595127343,0.5889841367697969,3.908700000000029,3,15,False
12,13,SUCCESS,0.052,81.69999999999999,93,2,3,0.068163595398495,-0.0007058154922267,0.0009576848908437,0.99999929233182,-0.7114785938544741,-0.7027077703333443,-0.1414543737591111,0.048165917531361,0.1494299015164641,0.0,0.0,0.0,0.0,1.0,-0.7082440325825319,-0.7059676977817283,6.323784952502148,3,15,False
99,100,SUCCESS,0.082,67.4,92,3,4,0.0002471464571329,3.161417237631218e-06,2.9345580371788133e-06,0.9999999999906968,-0.9893385030060255,-0.1456342214927388,0.0147716130379969,0.0928907653031545,0.094057933372736,0.0,0.0,0.0,0.0,1.0,-0.9893384125467296,-0.1456348360095118,5.216760002248035,4,15,False
99,11,SUCCESS,0.082,50.5,92,3,4,0.0,0.0,0.0,1.0,0.1422948779246584,-0.9898243115403896,0.1488329037727015,0.2425256836002279,0.2845521752704978,0.0,0.0,0.0,0.0,1.0,0.1422948784447872,-0.9898243114656172,3.908699500000035,4,15,False
99,92,SUCCESS,0.082,61.400000000000006,92,3,4,5.915117333884395e-06,2.5121083776101936e-08,-1.0093468335471148e-07,0.9999999999999948,0.7951236882721417,0.6064472939576087,-0.2807173382434979,0.0731426445090114,0.2900897627223098,0.0,0.0,0.0,0.0,1.0,0.7951234398364436,0.6064476196858731,4.752359500001094,4,15,False
89,90,SUCCESS,0.064,92.5,91,3,4,0.0421839022063909,0.0007330925544274,6.80904082312434e-05,0.9999997289694648,0.9870889937202793,0.1601727769512859,0.1002121175080758,0.1453549713164813,0.1765517946152558,0.0,0.0,0.0,0.0,1.0,0.9870916234493676,0.1601565700060166,7.159577193688018,5,15,False
89,27,SUCCESS,0.064,48.4,91,3,4,0.0,-5.0339036701899214e-14,-3.523732569132945e-15,1.0,-0.1573565796466818,0.9875418506786928,-0.2201320932999308,0.0779990472991789,0.2335422657254763,0.0,0.0,0.0,0.0,1.0,-0.1573565833974888,0.9875418500810328,3.746159600000033,5,15,False
89,52,SUCCESS,0.064,81.60000000000001,91,3,4,0.0071162094408032,0.000116744054102,4.2388501726043234e-05,0.9999999922870204,0.9571774197226356,0.2895019640229014,0.138028378266411,0.2189300203993334,0.2588091710873245,0.0,0.0,0.0,0.0,1.0,0.957176600336426,0.2895046731374149,6.315841042963324,5,15,False
113,75,SUCCESS,0.064,47.2,90,3,4,0.0,-5.1618842719744086e-15,-6.920151102115692e-15,1.0,-0.9993199147216664,-0.0368742191874166,-0.0343854449999995,0.0823472360070102,0.0892380306026653,0.0,0.0,0.0,0.0,1.0,-0.9993199147216664,-0.0368742191874117,3.6532799999999943,6,15,False
113,112,SUCCESS,0.064,78.89999999999999,90,3,4,1.4028932551663056e-05,1.5885083455665518e-07,1.860196099049807e-07,0.99999999999997,0.9993543227666872,-0.0359296196408489,-0.0773041803724681,0.0501598591337982,0.0921517648847897,0.3086871635482053,0.0006144258432424,5.5035188370612375e-06,9.203803308858495e-06,0.9999999999425006,0.9993343512813326,-0.0364808764850605,6.110383763630467,6,15,True
113,114,SUCCESS,0.064,81.4,90,3,4,0.0200099128841714,-0.0002608655721922,0.0002322001978116,0.999999939016109,0.2743068344762938,-0.9616422206619236,-0.0236118219349658,0.0967500158405161,0.0995895762629235,0.0,0.0,0.0,0.0,1.0,0.2744369849169729,-0.9616050859420832,6.300376825700158,6,15,False
39,112,APPROACH_BLOCKED,0.052,78.89999999999999,89,3,4,8.537736462515939e-07,1.0954730709679632e-08,1.8320131167436692e-08,1.0,-0.9992878225762264,-0.0377339058522173,0.1095141528633754,0.0117393021733672,0.1101415493485559,33.85843302647521,0.0671625583490821,2.530872168891507e-05,-0.0011719342610262,0.999999312964542,-0.8432991298884864,0.5374444878583479,14.27237845178437,7,15,False
39,40,APPROACH_BLOCKED,0.052,68.3,89,3,4,7.816110048190684e-05,-9.534596510095348e-07,9.75685748904125e-07,0.9999999999990696,0.999479560120982,0.0322584702112169,0.0061318450160702,0.1511508531851796,0.1512751795302481,0.0,0.0,0.0,0.0,1.0,0.9994795671456412,0.0322582525621252,5.286420337574183,7,15,False
39,114,APPROACH_BLOCKED,0.052,81.4,89,3,4,0.0,0.0,0.0,1.0,-0.3592209161462961,-0.9332525560656212,0.1628514892999999,0.0982237386913242,0.1901802050943513,0.0,0.0,0.0,0.0,1.0,-0.3592209157433702,-0.9332525562207128,6.300360037352432,7,15,False
6,4,SUCCESS,0.088,57.1,89,2,3,0.0,-7.883922057777812e-10,-7.868674231321656e-10,1.0,-0.9550015322918322,-0.2966008653396891,-0.0032868874970546,0.1464118147617614,0.1464487047783305,0.0,0.0,0.0,0.0,1.0,-0.9550015323293836,-0.2966008652187804,4.419540000000003,8,15,False
6,0,SUCCESS,0.088,76.39999999999999,89,2,3,0.0087934376474442,7.156552488435587e-05,0.0001357673712405,0.9999999882227982,0.9166072951082744,0.3997887774241451,-0.0988586859672161,0.2926596798060242,0.308905694307064,0.0,0.0,0.0,0.0,1.0,0.9166259383204072,0.3997460308723936,5.913362810485675,8,15,False
28,27,SUCCESS,0.078,48.4,88,3,4,0.0,0.0,0.0,1.0,0.1369073625328175,0.990583855150238,0.0576835716350189,0.0413102075308317,0.0709501774685078,0.0,0.0,0.0,0.0,1.0,0.1369073625328175,0.990583855150238,3.7461600000000193,9,15,False
28,77,SUCCESS,0.078,86.5,88,3,4,0.1403226507612931,-0.0001403843007768,-0.002445063027256,0.9999970009750232,0.3499285813055803,0.9367763809925312,-0.121077536917471,0.1628683871292221,0.2029430498245153,0.0,0.0,0.0,0.0,1.0,0.349221704829507,0.93704012767649,6.696016053469743,9,15,False
28,78,SUCCESS,0.078,90.1,88,3,4,0.5756672723224513,-0.0093372825405321,-0.0037094177719866,0.999949526413484,0.6070367245455732,0.7946737790143712,-0.161109813988207,0.2437128331423684,0.2921511889443454,0.0,0.0,0.0,0.0,1.0,0.6105801442468286,0.7919544730926912,6.990018115092119,9,15,False
88,40,SUCCESS,0.054,68.3,87,3,4,4.823865875295863,-0.0457847898646198,0.0705363104036729,0.9964579177926628,0.1896187727245236,0.981857790634899,0.1425321662858671,0.043051243939226,0.1488920012319561,0.0,0.0,0.0,0.0,1.0,0.0687266959854553,0.9976355252590612,6.098774122863239,10,15,False
88,18,SUCCESS,0.054,78.7,87,3,4,0.0176577012124957,-0.0001909818844502,0.0002418758486304,0.9999999525109956,0.8942259525051884,0.4476158463081801,0.1941583888359623,0.0730620994571429,0.2074501152866929,0.0,0.0,0.0,0.0,1.0,0.8939496424616831,0.4481674204386451,6.091393448512402,10,15,False
88,39,SUCCESS,0.054,52.3,87,3,4,0.0,3.9876987116144636e-13,0.0,1.0,-0.9572422085160904,0.2892876669255672,0.1439955561999411,0.1542578574048786,0.211021815878061,0.0,0.0,0.0,0.0,1.0,-0.9572422086354192,0.2892876665307125,4.048019999999991,10,15,False
77,78,NEIGHBOR_KNOCKED,0.088,90.1,86,3,4,0.0,0.0,0.0,1.0,0.9131683764172552,0.4075825269948086,-0.0388604259999999,0.1017375335143553,0.1089066500930317,18.9385688745079,0.4571275885319706,0.0064747260932944,0.0046616674159938,0.999968172882977,0.9152026948491412,0.4029938304005039,7.446725711326035,11,15,False
77,27,NEIGHBOR_KNOCKED,0.088,48.4,86,3,4,0.0,0.0,0.0,1.0,-0.4166341349826259,-0.9090742530548752,0.184277407,0.1232749344989262,0.2217089808879157,0.0,0.0,0.0,0.0,1.0,-0.4166341339879554,-0.9090742535107385,3.746160093390324,11,15,False
77,57,NEIGHBOR_KNOCKED,0.088,52.7,86,3,4,0.0,3.69391098998323e-13,-2.248708767869641e-12,1.0,0.5273515911953611,0.8496471616287085,0.2559126789997543,0.1431889865521293,0.2932479925637296,0.0,0.0,0.0,0.0,1.0,0.5273515911815535,0.8496471616372785,4.078980093390333,11,15,False
78,27,SUCCESS,0.088,48.4,85,3,4,0.0,0.0,0.0,1.0,-0.6836714290913046,-0.7297899540581888,0.2297770327943014,0.2081949478092958,0.3100687360780975,0.0,0.0,0.0,0.0,1.0,-0.6836714290913046,-0.7297899540581888,3.7461599999999984,12,15,False
78,57,SUCCESS,0.088,52.7,85,3,4,0.0,0.0,0.0,1.0,-0.1858002860025882,0.9825875298014708,0.3007466647943014,0.0832369649751528,0.3120527979736294,0.0,0.0,0.0,0.0,1.0,-0.1858002818015907,0.9825875305958496,4.078980000000034,12,15,False
78,10,SUCCESS,0.088,68.2,85,3,4,6.854159492288624e-05,2.3390435914477101e-07,-1.173178061509638e-06,0.9999999999992844,-0.9928188874240592,0.1196271573433618,-0.2601148866223136,0.2319475993929138,0.3485103199428601,0.0,0.0,0.0,0.0,1.0,-0.992818712195805,0.1196286116021725,5.278680000172309,12,15,False
33,35,SUCCESS,0.05,52.3,84,2,3,0.0,-1.3039215763795424e-12,0.0,1.0,0.9494252765519252,0.3139930640066752,0.0418473182599152,0.0684549212193416,0.0802326260613032,0.0,0.0,0.0,0.0,1.0,0.9494252765519028,0.3139930640067437,4.048020000000006,13,15,False
33,2,SUCCESS,0.05,55.0,84,2,3,0.0,8.644912047595146e-11,0.0,1.0,-0.9048884637561156,0.4256487614936724,-0.1674326773058801,0.0751674741110982,0.1835316065261175,0.0,0.0,0.0,0.0,1.0,-0.9048884645206238,0.425648759868401,4.257000439999975,13,15,False
10,64,SUCCESS,0.064,77.5,83,3,4,0.0085500502336356,-0.0001492265274157,0.0,0.9999999888657216,-0.2395990161310545,0.9708719336086664,-0.0780117704169278,0.0830649617197669,0.1139544829705694,0.0,0.0,0.0,0.0,1.0,-0.239392142294838,0.9709229640952408,5.998503120199785,14,15,False
10,97,SUCCESS,0.064,57.6,83,3,4,0.0,-1.6347410181449022e-09,4.6224819191990206e-10,1.0,-0.749979109321482,0.6614615148150016,0.0052979489942403,0.1268068715020797,0.1269174965230977,0.0,0.0,0.0,0.0,1.0,-0.749979109216057,0.6614615149345345,4.4582399999999325,14,15,False
10,66,SUCCESS,0.064,78.7,83,3,4,0.053666095113078,0.0009343420651754,6.571131500245605e-05,0.999999561343368,-0.7759008456343544,0.6308548785131917,-0.1378567485134278,0.1391061153287982,0.1958443117186797,0.0,0.0,0.0,0.0,1.0,-0.7764305164880286,0.6302028665962516,6.091504041185824,14,15,False
97,64,SUCCESS,0.056,77.5,82,2,3,0.0,0.0,0.0,1.0,0.999077901709446,-0.0429342091559906,-0.0863932079999999,0.0752878733192871,0.1145951580891282,0.0,0.0,0.0,0.0,1.0,0.999077901709446,-0.0429342091559906,5.99849999999999,15,15,False
97,66,SUCCESS,0.056,78.7,82,2,3,0.0,0.0,3.8697734694598436e-17,1.0,-0.9585194768966956,0.2850270380326839,-0.1463258169999999,0.0135633034209081,0.1469530806768102,0.0,0.0,0.0,0.0,1.0,-0.9585194768966956,0.2850270380326835,6.09137999999998,15,15,False
47,48,SUCCESS,0.058,86.5,81,3,4,0.0032261773327761,-4.579746819083936e-11,-5.630741779229786e-05,0.9999999984147374,-0.9836210940473358,-0.1802485598974993,0.0885385264195531,0.0997643875857727,0.133386669839644,0.0,0.0,0.0,0.0,1.0,-0.9836171644460968,-0.1802700025157265,6.695085907714004,16,15,False
47,67,SUCCESS,0.058,75.7,81,3,4,0.0028138243572945,-4.9110500749248384e-05,0.0,0.9999999987940794,0.923955673592724,0.3824995597851267,0.0532023532624984,0.0738108072473439,0.0909864037050164,0.0,1.3370704789175245,-0.0223583917160455,-0.0066772402143867,0.9997277213236568,0.9239677080309432,0.3824704884249834,5.9567090540433965,16,15,False
47,68,SUCCESS,0.058,60.1,81,3,4,1.7075472925031875e-06,2.098640174564423e-08,-1.548939705524331e-08,0.9999999999999996,0.932706422790686,0.3606365606604548,0.1413509082833194,0.0988925268790613,0.1725103218507382,0.0,0.0,0.0,2.026962875517404e-16,1.0,0.9327064308600682,0.3606365397907884,4.651740000000134,16,15,False
96,95,SUCCESS,0.04,52.2,80,2,3,0.0,-2.669781922001419e-13,1.4450263935307162e-12,1.0,0.4976451624353917,-0.867380707823648,0.0657004879438619,0.0150923390722156,0.0674116667553345,0.0,0.0,0.0,0.0,1.0,0.4976451624363994,-0.8673807078230699,4.040279999999993,17,15,False
96,94,SUCCESS,0.04,74.89999999999999,80,2,3,0.0058598812545363,-7.049959438246026e-05,7.409334382445995e-05,0.9999999947699918,-0.8968176314623166,-0.4424004248396699,0.0519559944815389,0.0957713311175159,0.1089567493392978,0.0,0.0,0.0,8.132207531281443e-17,1.0,-0.8968218209572744,-0.4423919319504804,5.79726132027741,17,15,False
60,61,SUCCESS,0.078,82.8,79,3,4,0.0865114594286745,-0.0006389536748485,0.0013680512038123,0.9999988600864028,0.839817119426947,-0.542869418845292,0.0208038706721098,0.1220637402774471,0.1238238980385528,0.0,0.0,0.0,0.0,1.0,0.8397236250566255,-0.5430140270027652,6.409057096093145,18,15,False
60,15,SUCCESS,0.078,52.900000000000006,79,3,4,0.0,9.29520114063102e-12,-9.502687421170825e-13,1.0,0.9871359813299686,0.1598829395642941,0.010342733835604,0.1139642644289139,0.1144326251993615,0.0,0.0,0.0,0.0,1.0,0.9871359813299012,0.1598829395647096,4.094460000000031,18,15,False
60,14,SUCCESS,0.078,71.5,79,3,4,0.0002771610162571,4.395979687895757e-06,-2.0187885623592125e-06,0.9999999999883,0.9585789964641512,0.2848268027025911,-0.0206936695113338,0.1904028584809152,0.1915240884994568,0.0,0.0,0.0,0.0,1.0,0.9585787036170504,0.2848277882718872,5.534100003027911,18,15,False
14,15,SUCCESS,0.074,52.900000000000006,78,3,4,0.0,0.0,0.0,1.0,-0.8892778601427977,-0.4573673441117615,0.0339163762,0.0787354415736345,0.0857297517454421,0.0,0.0,0.0,0.0,1.0,-0.8892778601427977,-0.4573673441117615,4.094459999999994,19,15,False
14,61,SUCCESS,0.074,82.8,78,3,4,0.0,0.0,0.0,1.0,-0.5529418196903784,-0.8332198653641746,0.0399051812,0.1446587473611409,0.1500619094730546,0.0,0.0,0.0,0.0,1.0,-0.5529418196903784,-0.8332198653641746,6.40872,19,15,False
14,66,SUCCESS,0.074,78.7,78,3,4,6.664648913275543,-0.1111673988095294,0.03333547492945,0.9932424455052004,-0.0871366364352755,0.996196369492856,0.1701517057923636,0.0372336398036581,0.1741779174208935,0.0,0.0,0.0,0.0,1.0,-0.3841284915669952,0.9232796445099744,7.781134169715044,19,15,False
61,15,SUCCESS,0.082,52.900000000000006,77,3,4,0.0,0.0,0.0,1.0,0.1171481012896636,0.9931144558228052,-0.0013602849999999,0.0851075338843729,0.0851184039979657,0.0,0.0,0.0,0.0,1.0,0.1171481012896636,0.9931144558228052,4.094459999999996,20,15,False
61,66,SUCCESS,0.082,78.7,77,3,4,0.0,0.0,0.0,1.0,0.362051028580813,0.9321582766373828,0.1284317768,0.1735428457316907,0.2158977549597457,0.0,0.0,0.0,0.0,1.0,0.362051028580813,0.9321582766373828,6.091380000000007,20,15,False
61,64,SUCCESS,0.082,77.5,77,3,4,0.0,0.0,0.0,1.0,0.6986837574893551,0.7154306444516868,0.2007329059999999,0.2161929562278415,0.2950137181111045,0.0,0.0,0.0,0.0,1.0,0.6986837574893551,0.7154306444516869,5.99849999999999,20,15,False
22,31,NEIGHBOR_KNOCKED,0.042,78.60000000000001,76,3,4,0.7865458681954924,-0.0092932535238196,0.0101032919875782,0.9999057750258048,-0.2226562805956282,0.9748970103099714,-0.0368704214046152,0.051380486414562,0.0632406701320511,8.249510911132303,0.0004044571865836,4.3279881626198815e-06,-5.5766925931853325e-06,0.9999999999750844,-0.2032046637134508,0.9791362850211932,6.2095235333260375,21,15,True
22,30,NEIGHBOR_KNOCKED,0.042,88.3,76,3,4,0.3798313062628726,0.0044467039507203,-0.0049166950388722,0.9999780262255114,0.8614567990217327,0.5078308610346856,-0.0969316408678843,0.0257295817889138,0.1002883561555024,0.16303126568557,1.0602769456326526,0.0124294208131515,-0.0137082972943608,0.9998287813838622,0.894660686439783,0.4467462995247928,6.86630110575518,21,15,True
22,20,NEIGHBOR_KNOCKED,0.042,77.3,76,3,4,0.0202527973911486,0.000353477990009,0.0,0.9999999375266534,0.9816680575525296,-0.1905985959576913,-0.0040490980961608,0.1580773643615301,0.1581292139956444,0.0,0.0,0.0,0.0,1.0,0.9816641490402956,-0.1906187254416313,5.983037438578895,21,15,False
20,30,SUCCESS,0.076,88.3,75,3,4,0.0096174227514903,0.000112585138237,-0.0001244994768978,0.9999999859122332,-0.949886914680656,0.3125937448485884,-0.0945809607373112,0.1407894990699018,0.1696090834311261,0.0,0.0,0.0,0.0,1.0,-0.9498601992734492,0.3126749139860807,6.83442449348459,22,15,False
20,31,SUCCESS,0.076,78.60000000000001,75,3,4,0.000271671793827,3.1875011717151064e-06,-3.5103383100058373e-06,0.9999999999887588,-0.9027441212322284,0.4301779301412978,-0.0335220410697058,0.1830555708493737,0.1860996218600917,0.0,0.0,0.0,0.0,1.0,-0.902743790475992,0.4301786242446712,6.083640003141857,22,15,False
20,109,SUCCESS,0.076,53.1,75,3,4,2.561320938754782e-06,-7.811569859107902e-09,-4.427717226268751e-08,0.999999999999999,-0.4701780765070231,0.8825715701132436,-0.0299123697616423,0.2389960593329598,0.2408606780722849,0.0,0.0,0.0,0.0,1.0,-0.470178071045121,0.882571573022998,4.1099400000001,22,15,False
109,31,SUCCESS,0.056,78.60000000000001,74,3,4,0.0,0.0,0.0,1.0,-0.3714398907373687,-0.9284570036189136,-0.0075562765999999,0.1423699616511862,0.1425703450813525,0.0,0.0,0.0,0.0,1.0,-0.3714398907373687,-0.9284570036189136,6.083639999999998,23,15,False
109,111,SUCCESS,0.056,76.6,74,3,4,0.0148723518251166,0.0001187303473093,0.0002308256272778,0.9999999663113166,-0.9793273137299396,0.2022820125035852,-0.0879133600891372,0.145744686842374,0.1702065587013143,0.0,0.0,0.0,0.0,1.0,-0.9793729374552844,0.2020610041057084,5.928848787067028,23,15,False
109,30,SUCCESS,0.056,88.3,74,3,4,0.0,0.0,0.0,1.0,-0.1270582692405772,-0.9918952546602836,-0.070097022,0.168266938687153,0.1822837215672716,0.0,0.0,0.0,0.0,1.0,-0.1270582692405772,-0.9918952546602836,6.834419600000002,23,15,False
30,31,APPROACH_BLOCKED,0.094,78.60000000000001,73,2,3,0.0,0.0,0.0,1.0,-0.6719675595538275,0.7405805823185436,0.064042305,0.0468805027149179,0.079367489342403,0.9328328238946666,0.0016247177894306,-1.3161684776831705e-06,2.8326112691759976e-05,0.9999999995979496,-0.6729688147808615,0.7396708554028898,6.083730979940632,24,15,True
30,111,APPROACH_BLOCKED,0.094,76.6,73,2,3,0.0,0.0,0.0,1.0,-0.5257750111666021,0.8506236756831774,-0.015995032,0.2308357404257508,0.2313892393923832,0.0,0.0,0.0,0.0,1.0,-0.5257750108497132,0.8506236758790482,5.928840001827888,24,15,False
111,31,SUCCESS,0.076,78.60000000000001,73,2,3,8.876901990734229,-0.1038497797160121,0.1141378322742945,0.9880221548612464,0.483917585290691,-0.8751135758554013,0.0514989773913202,0.1881788475170256,0.1950984964708537,8.741447221985956,9.09844701021658,-0.1064201370577167,0.1169626589703099,0.987418093228604,0.4836376133138415,-0.8752683354195393,6.099447329408677,25,15,False
111,30,SUCCESS,0.076,88.3,73,2,3,5.863281032385959,0.068756391203086,-0.0755527074789841,0.9947684891779208,0.524298534040496,-0.8515345249624273,0.0511478105294589,0.2319226076961746,0.2374956725554197,6.033407051349778,6.642612745443554,0.0778537738503968,-0.0855552975187684,0.99328700835344,0.5236936323627555,-0.8519066729535009,6.871068890864135,25,15,False
59,75,SUCCESS,0.058,77.8,93,2,3,20.259900893219942,0.2540945249252233,0.2352556885578555,0.9381315117850983,0.6867397728633653,0.7269033528383076,-0.1523922515989448,0.0231012463190575,0.1541332732698876,20.202991663349295,37.12308188240993,0.3764330076252013,0.4717475443265779,0.7973408588502715,0.4523871673682661,0.8918216474164082,15.451616801573,1,16,False
59,77,SUCCESS,0.058,51.4,93,2,3,25.81654002379057,-0.3024915960746682,-0.3132909683928203,0.9001930923016954,-0.6688221169351419,-0.7434224747062705,-0.069939900567655,0.126674908947534,0.1447001114314689,25.83730089580449,0.0,-1.237757584445755e-12,4.2186854960525483e-13,1.0,-0.717374976935907,-0.6966872630285463,14.498100285522373,1,16,False
15,14,NEIGHBOR_KNOCKED,0.05,75.7,92,1,2,5.387877212845256,-0.0932915235049777,0.0106519311278739,0.9955818539956256,-0.9920472705401094,0.125865853248286,-0.0001011285585338,0.0645881171161592,0.0645881962869072,1.1685219595396976,0.0002727803459501,-4.732216251922942e-06,5.218542957162975e-07,0.9999999999886668,-0.9920054639758288,0.1261949263722616,6.89509081436068,2,16,True
14,77,SUCCESS,0.078,51.4,91,1,2,0.0,0.0,0.0,1.0,0.4244606678194617,0.9054463769181788,-0.077661812,0.236285120818277,0.2487207578052767,0.0,0.0,0.0,0.0,1.0,0.4244606678194617,0.9054463769181788,3.97836,3,16,False
113,64,SUCCESS,0.062,82.8,90,2,3,0.0565147545748239,0.0006361642965959,-0.0007538020796497,0.9999995135385878,-0.9989514880472452,0.0457812683113331,0.0116656421548738,0.1491140422824478,0.1495696654161438,0.0,0.0,0.0,0.0,1.0,-0.9989436074015512,0.0459529023193882,6.408865588154733,4,16,False
113,112,SUCCESS,0.062,57.1,90,2,3,0.0,5.408929088085675e-10,1.033966163305921e-09,1.0,0.9897312649105796,-0.1429406284388888,-0.1843376467945528,0.0140558272235462,0.1848727516555413,0.0,0.0,0.0,0.0,1.0,0.989731262628566,-0.1429406442397137,4.4195400000000005,4,16,False
49,69,SUCCESS,0.088,79.0,89,3,4,0.0422190734386732,0.0007208404497781,0.0001528211916861,0.9999997285173275,-0.8115295144815359,0.5843114299116206,-0.1378817386903735,0.0252015751854682,0.1401659489894363,0.0,0.0,0.0,0.0,1.0,-0.8138265955372455,0.5811077975696564,6.114676934811534,5,16,False
49,39,SUCCESS,0.088,83.3,89,3,4,0.0725100327219083,0.0012496885217171,0.0001996652890537,0.9999991992058648,0.984933482269071,-0.1729336158915363,0.1492847653572751,0.1456244250819287,0.2085483501450418,0.0,0.0,0.0,0.0,1.0,0.984983253781807,-0.1726499052111071,6.447660554151778,5,16,False
49,70,SUCCESS,0.088,53.1,89,3,4,0.0,2.318213697397643e-11,6.758397723026399e-12,1.0,-0.3450572538947276,-0.9385816381831842,-0.1527745421712532,0.0556563200478071,0.1625966995264663,0.0,0.0,0.0,0.0,1.0,-0.3450572539546857,-0.9385816381611414,4.109940000000034,5,16,False
99,79,NEIGHBOR_KNOCKED,0.076,82.69999999999999,88,3,4,13.1296794285245,-0.2127724044124907,0.0795465994767742,0.9738584303851402,-0.934576289353078,0.3557627852643276,0.0073464876292863,0.0775703861460813,0.0779174928199016,1.0358320496304234,0.0031310499961076,-2.9166960499850745e-05,-4.621252581309103e-05,0.9999999985068456,-0.9384315816976068,0.3454651450906849,11.849955366282549,6,16,True
99,112,NEIGHBOR_KNOCKED,0.076,57.1,88,3,4,0.0,0.0,0.0,1.0,0.1191553271032051,0.9928756256565714,0.0331733676453156,0.1669212367897928,0.1701856974377264,0.0,0.0,0.0,0.0,1.0,0.1191553277027237,0.9928756255846232,4.419539999287796,6,16,False
99,78,NEIGHBOR_KNOCKED,0.076,58.4,88,3,4,0.0,-3.751209352463301e-09,4.0602783116907374e-10,1.0,-0.9695161168090324,0.2450275479360117,-0.0722036160280952,0.1677010601542167,0.1825842483468408,0.0,0.0,0.0,0.0,1.0,-0.9695161167610176,0.2450275481259954,4.52015986928778,6,16,False
8,7,SUCCESS,0.072,78.10000000000001,87,3,4,0.0346149055222874,0.0003296334740693,0.00050629219595,0.999999817504976,-0.8378190811297321,-0.5459479712343761,-0.0578093236142767,0.1051096164260005,0.1199581150317106,0.0,0.0,0.0,0.0,1.0,-0.8376894491966254,-0.5461468545223479,6.044991407836466,7,16,False
8,85,SUCCESS,0.072,56.1,87,3,4,3.567989885757788,0.0406178222645606,0.0471500808964625,0.9980616525976448,0.8481333082909432,-0.5297828719083507,0.1187424960644149,0.0533138047885931,0.1301619842835988,0.0,0.0,0.0,0.0,1.0,0.8954886237944973,-0.4450844017202099,4.719077062904546,7,16,False
8,86,SUCCESS,0.072,84.4,87,3,4,0.3187612631456911,0.0052935081374608,0.0017117959418882,0.9999845241433748,0.0435383539080891,-0.9990517562864168,0.137059726810226,0.0890646293968807,0.1634560397259688,0.0,0.0,0.0,0.0,1.0,0.0488981930912306,-0.9988037678705526,6.537231456427924,7,16,False
7,40,SUCCESS,0.078,52.3,86,3,4,0.0,-3.6224702314852848e-12,3.949032941396703e-12,1.0,-0.4755587834254852,0.8796839452365108,-0.0259334694996577,0.0658520552908867,0.0707745577614136,0.0,0.0,0.0,0.0,1.0,-0.4755587834245111,0.8796839452370373,4.048020000000021,8,16,False
7,86,SUCCESS,0.078,84.4,86,3,4,0.0,0.0,0.0,1.0,0.9468968883948472,-0.3215373737968211,0.1939661819999999,0.0976297179059386,0.2171507346937842,0.0,0.0,0.0,-2.8867409672653097e-16,1.0,0.946896887971262,-0.3215373750442384,6.532560500000018,8,16,False
7,85,SUCCESS,0.078,56.1,86,3,4,0.0,0.0,0.0,1.0,0.971745488404956,0.2360311542246346,0.1792299319999999,0.140779265386196,0.2279082492745745,0.0,0.0,0.0,0.0,1.0,0.9717454882862367,0.2360311547134047,4.34214049999999,8,16,False
54,63,SUCCESS,0.078,78.60000000000001,85,3,4,0.0474032601667952,-0.0001746735224339,-0.0008086936304554,0.9999996577518278,0.8980255169288356,0.4399433724295639,0.01840596824721,0.1432691749775489,0.1444466550871458,0.0,0.0,0.0,0.0,1.0,0.897973046555422,0.4400504603565072,6.083736760005363,9,16,False
54,62,SUCCESS,0.078,85.2,85,3,4,2.880870456377981,0.0392282034531992,0.031419174417801,0.998736193162508,0.6440003860280441,0.7650251648120671,0.0857233788462143,0.106114831551086,0.1364142776835582,0.0,0.0,0.0,0.0,1.0,0.6468590183874572,0.762609605454072,6.973382593530626,9,16,False
54,5,SUCCESS,0.078,52.2,85,3,4,0.0,-3.976668177526578e-13,3.6445790450958086e-12,1.0,0.9959347466100686,-0.0900776359300048,-0.1261587438500176,0.2876378940763234,0.3140885014744676,0.0,0.0,0.0,0.0,1.0,0.9959347466098932,-0.0900776359319447,4.040279600000002,9,16,False
3,4,SUCCESS,0.094,74.89999999999999,84,3,4,0.0030612825286357,5.342945931633233e-05,0.0,0.9999999985726464,0.841022596409372,0.5409999929102016,-0.1051263905121851,0.126239237740031,0.1642799535162599,0.0,0.0,0.0,0.0,1.0,0.8410042873127601,0.5410284546320612,5.797260379958169,10,16,False
3,2,SUCCESS,0.094,55.2,84,3,4,0.0,-3.3263432113725824e-10,3.820572384397708e-12,1.0,0.911576573474661,0.4111303329750746,-0.037969617956738,0.180138709996621,0.1840968406220687,0.0,0.0,0.0,0.0,1.0,0.9115765734968774,0.4111303329258156,4.272479999999995,10,16,False
3,74,SUCCESS,0.094,75.7,84,3,4,0.0022344719468425,-7.249363910922819e-11,-3.899889150824744e-05,0.9999999992395432,0.9999993041017669,0.0011797440324354,-0.252017830194624,0.1531673135994215,0.2949122118381501,0.0,0.0,0.0,0.0,1.0,0.999999212624623,0.0012548904868775,5.859180198864489,10,16,False
19,108,SUCCESS,0.054,55.4,83,3,4,6.202970555727688,0.0207832950531652,0.1060332554814345,0.9941453633039496,0.9675646976229076,0.2526233479191722,0.1380882435269175,0.0779439380330362,0.1585674004215465,6.3977356211488345,7.8019134998011905,0.0296723926280553,0.1324660253495961,0.9907433074433591,0.9749595373473536,0.2223823296384731,4.390735076598686,11,16,False
19,107,SUCCESS,0.054,81.4,83,3,4,2.9642796489089758,-0.0101261959567289,-0.0507122474853546,0.9986619688915914,0.9462791842030348,-0.3233507469359532,0.1511124080286392,0.0692626648503218,0.1662295900325269,2.8411802896802003,3.578302145716079,-0.0136650461040695,-0.0608982312911636,0.9980504355695564,0.9511103801365846,-0.3088511693298916,6.325930667678148,11,16,False
19,91,SUCCESS,0.054,53.6,83,3,4,0.0,-8.005150284941402e-12,1.6570311083257844e-11,1.0,-0.5558084018539058,0.8313104236256197,0.0304667033342166,0.2313729862690075,0.2333702611454457,0.0,0.0,0.0,0.0,1.0,-0.5558084034901942,0.8313104225316086,4.148640228150264,11,16,False
9,30,GRASP_FAILED,0.074,53.400000000000006,82,3,4,0.0,-1.2446675615622856e-12,1.2536515359773836e-11,1.0,-0.9996605548708828,0.0260533114064023,-0.0473067835170812,0.1147043435096731,0.1240766625385977,0.0,0.0,0.0,0.0,1.0,-0.9996605548711032,0.0260533113979353,4.133160000000007,12,16,False
9,91,GRASP_FAILED,0.074,53.6,82,3,4,0.0,0.0,0.0,1.0,-0.9997144779639652,-0.0238948226450168,0.0551883557827386,0.1776583100412848,0.1860328727422318,0.0,0.0,0.0,0.0,1.0,-0.9997144779639652,-0.0238948226450167,4.148640000000037,12,16,False
9,31,GRASP_FAILED,0.074,68.3,82,3,4,5.479471105298586e-05,9.56442362583835e-07,0.0,0.9999999999995428,-0.9885326425347868,0.1510073330775404,-0.081057617977918,0.210751955958379,0.2258024011664549,0.0,0.0,0.0,0.0,1.0,-0.988532654970378,0.1510072516709566,5.286420000110738,12,16,False
74,4,SUCCESS,0.076,74.89999999999999,82,2,3,0.0,0.0,0.0,1.0,-0.5680385087735824,0.8230019760306074,0.1470096,0.0827497630424489,0.1686989797708968,0.0,0.0,0.0,0.0,1.0,-0.5680385087735824,0.8230019760306074,5.797259999999999,13,16,False
74,2,SUCCESS,0.076,55.2,82,2,3,0.0,0.0,0.0,1.0,0.147853056346437,0.9890093395560112,0.2172216049999999,0.0746891628274826,0.2297034974105667,0.0,0.0,0.0,0.0,1.0,0.147853056346437,0.9890093395560112,4.272479999999995,13,16,False
111,110,SUCCESS,0.046,58.0,81,3,4,0.0,-2.9751893583379187e-09,7.455218409053843e-11,1.0,0.6829364686142056,-0.7304777750464131,-0.0975957277280517,0.0134455124793317,0.0985175511094336,0.0,0.0,0.0,0.0,1.0,0.6829364836770587,-0.7304777609638876,4.489199999999999,14,16,False
111,1,SUCCESS,0.046,51.8,81,3,4,0.0,1.1758732511447504e-14,0.0,1.0,0.1577419383038721,-0.9874803698809091,-0.0071880234999997,0.1593340665789389,0.1594961204995854,0.0,0.0,0.0,0.0,1.0,0.1577419382549888,-0.987480369888718,4.009320000000021,14,16,False
111,109,SUCCESS,0.046,53.3,81,3,4,0.0,1.6753285693503776e-11,1.2776521627445304e-11,1.0,0.5535074609549882,-0.8328442175264005,-0.1707418607000468,0.0341971428726739,0.1741327871940499,0.0,8.716597220217421,0.0683990271505825,-0.1352335530723825,0.9884500286854532,0.5020233438389298,-0.8648540699105137,6.420973095829121,14,16,False
77,76,SUCCESS,0.084,63.70000000000001,95,3,4,26.656551283176363,0.2724479295535706,0.3564424725054951,0.8937118604316169,-0.742656665623751,-0.6696723654180545,0.156931660242405,0.0522170821514031,0.1653909600154858,24.5906455431045,1.845020455249102e-05,3.090412151088297e-07,-8.977801092056412e-08,0.9999999999999482,-0.4199788277350646,0.9075339025371342,18.18864491096546,1,17,False
77,75,SUCCESS,0.084,83.4,95,3,4,0.0957955624236505,-0.0013390161062331,-0.0010012208982958,0.9999986022953132,0.9987851713481632,-0.0492765816085111,0.1123685154250982,0.0968444051604137,0.1483425834671721,0.0,0.0,0.0,0.0,1.0,0.9987496360382344,-0.0499916444367864,6.455581527931265,1,17,False
77,58,SUCCESS,0.084,53.0,95,3,4,0.0,-1.3211774618288493e-12,1.3538161534745865e-12,1.0,0.97129488278165,0.2378786469655926,-0.2312332013613368,0.2148438736905575,0.3156369488418248,0.0,0.0,0.0,0.0,1.0,0.9712948827958854,0.2378786469074668,4.102199556034973,1,17,False
95,94,SUCCESS,0.064,85.3,94,3,4,0.3492833449728122,-0.000850005116548,-0.0060365559213538,0.9999814185693202,0.7499830130878252,-0.6614570886155103,0.0179768639706504,0.1032272428304082,0.1047808727802328,0.0,0.0,0.0,0.0,1.0,0.7509853771184257,-0.6603188346202885,6.607847508135299,2,17,False
95,56,SUCCESS,0.064,80.60000000000001,94,3,4,60.508724205429054,0.485201686454935,-0.7226540434420204,0.4922910287199891,-0.9735776956950116,0.2283560168797641,-0.0103235669990119,0.1288163391089414,0.1292293513758112,59.98842860319571,52.60656650672218,-0.7517209802165785,-0.2571395566229274,0.6072847901289731,-0.9632139837897398,0.2687355976269219,64.8197218398319,2,17,False
95,55,SUCCESS,0.064,94.8,94,3,4,20.28370218185656,-0.1077256967041394,0.329506401968137,0.937987582717181,-0.999769925847749,0.0214498338078879,0.1221482358801037,0.1184628485313989,0.1701576857235506,20.74793851587781,22.083496659545386,0.3533330003173139,0.1284513011561001,0.9266369591798452,-0.99602109599554,0.0891177666452836,29.77732531166943,2,17,False
94,55,NO_DETACH,0.088,94.8,93,2,3,23.92049704612519,0.3630359806638763,0.1805815166597474,0.9141089610020696,-0.9375567451126056,0.3478323586066378,0.0251599228057663,0.2221394088267767,0.2235596982228728,23.809517140246484,24.72353086248738,0.3453585928074799,0.2359073321935077,0.908336486656448,-0.9425269023791653,0.3341302714384549,8.091044209381353,3,17,False
94,56,NO_DETACH,0.088,80.60000000000001,93,2,3,61.61604241326403,-0.7884917251239403,-0.3902520420335431,0.4753778950474269,-0.9047695078219016,0.4259015587148207,0.1904429165030412,0.1761044300865263,0.259386342628683,61.70760619195583,73.84957812294823,-0.7931263642040886,-0.5418279731210155,0.2781600581463407,-0.9594144364483884,0.2819998920822855,13.854360824575584,3,17,False
106,107,SUCCESS,0.088,72.0,93,3,4,0.0031647879326912,-1.0801951107571912e-05,5.416945591243646e-05,0.9999999984744938,0.8674487995609186,0.4975264617488413,-0.1368748434726094,0.1165264372646632,0.1797585418199837,0.0,0.0,0.0,0.0,1.0,0.8674885685400384,0.4974571171994176,5.572800396547701,4,17,False
106,105,SUCCESS,0.088,51.4,93,3,4,0.0,1.0921181329106817e-12,-3.4970058704637817e-13,1.0,0.998680994281294,0.051344636149513,-0.0929918108042121,0.1934127663778465,0.2146065587874188,0.0,0.0,0.0,0.0,1.0,0.998680994281281,0.0513446361497689,3.978360000000042,4,17,False
106,16,SUCCESS,0.088,54.2,93,3,4,0.0,-6.1457752235944e-11,-3.0286995967238857e-11,1.0,0.9795975404127756,-0.2009692981956208,0.0563304289832211,0.2283789603433317,0.2352234400669601,0.0,0.0,0.0,0.0,1.0,0.9795975407212756,-0.2009692966918798,4.195079800000101,4,17,False
33,112,SUCCESS,0.09,84.8,92,3,4,37.58677885587383,0.6097679874741346,0.0153960768839597,0.7924304147799519,-0.955603945005932,-0.2946542046010879,-0.2132577633427526,0.1332077449259564,0.2514421940212346,37.6704894912166,43.439299093499024,0.6873650934976534,0.0174163971067338,0.7261032277526266,-0.9317515498889344,-0.363096473791152,8.57000756903669,5,17,False
33,113,SUCCESS,0.09,94.8,92,3,4,22.09038835046404,-0.3759545249200247,-0.0092713893519931,0.9265917313097728,-0.9904066061548992,-0.1381837706995095,0.0594561801846674,0.3164462149769091,0.3219832982242462,22.001501927466567,24.57402780288324,-0.4157356378193351,-0.0105150196434912,0.9094247158554948,-0.9903190604631422,-0.1388097924622005,7.839381137497178,5,17,False
33,74,SUCCESS,0.09,84.0,92,3,4,0.1434686126700547,0.0002694239854522,0.0024894601685543,0.9999968649944784,-0.5202102142813397,0.8540382502893901,0.3023152941873031,0.0898581480361072,0.3153871016196359,0.0,0.0,0.0,0.0,1.0,-0.516538450585187,0.856263994961282,6.502547357937531,5,17,False
114,113,NEIGHBOR_KNOCKED,0.052,94.8,91,3,4,25.49365737517087,-0.4303541333665185,-0.0070073010357494,0.9026329362628792,0.9999999263989896,-0.0003836691483198,-0.0501327946358717,0.047832754849203,0.0692911937728486,35.67662839975786,29.20580817435018,-0.4430944799995773,-0.2043542885683795,0.8728726175895402,0.8835284382077311,-0.4683775174773097,18.93025118573031,6,17,True
114,8,NEIGHBOR_KNOCKED,0.052,47.0,91,3,4,0.0,2.073539894784613e-15,1.190665486458352e-15,1.0,-0.989140321509213,-0.1469742302740544,-0.1311227885543837,0.0432830496949946,0.138081888997714,0.0,0.0,0.0,0.0,1.0,-0.989140321526319,-0.1469742301589294,3.637800126411331,6,17,False
114,112,NEIGHBOR_KNOCKED,0.052,84.8,91,3,4,52.01425115446834,0.7880259454011272,0.0147439287242155,0.6154654547092265,0.9997373785775596,0.0229166724213824,0.0784936116069947,0.1323546106184601,0.1538797907948731,62.48021945572925,51.59857759671335,0.7123928439835442,0.3265695960360233,0.6211672357633703,0.9380368128508394,0.3465356226084701,21.27066481084798,6,17,False
107,105,SUCCESS,0.074,51.4,90,3,4,0.0,0.0,0.0,1.0,0.8866025997515944,-0.4625319773958489,0.047073961,0.1038515048633934,0.1140223349463646,0.0,0.0,0.0,0.0,1.0,0.8866025997515944,-0.4625319773958489,3.97836,7,17,False
107,63,SUCCESS,0.074,53.400000000000006,90,3,4,0.0,1.2578989982504477e-12,3.781909610626754e-12,1.0,0.745856092728101,0.666107115215241,-0.1494047459996782,0.0930693913705571,0.1760218444890131,0.0,0.0,0.0,0.0,1.0,0.7458560911292026,0.6661071170055659,4.133159999999981,7,17,False
107,96,SUCCESS,0.074,66.8,90,3,4,0.0001610557483855,3.866454752675574e-07,-2.7842812238134662e-06,0.9999999999960492,0.1144130355805894,0.9934332676577904,0.0057986808006515,0.2183877863458169,0.2184647567093008,0.0,0.0,0.0,0.0,1.0,0.1144129324438321,0.9934332795359752,5.170320000946356,7,17,False
112,113,GRASP_FAILED,0.08,94.8,89,3,4,32.58623741398036,-0.3477246681355651,-0.4112705773472481,0.8425817867592869,-0.5723596798538246,-0.8200026810185608,0.0647305818687241,0.052338072266825,0.0832425494424035,96.94670160957834,6.142419901918227,-0.1011431674174365,0.0349157005487827,0.9942589972134808,-0.7176857950944157,-0.696367072397666,35.98667218168453,8,17,True
112,8,GRASP_FAILED,0.08,47.0,89,3,4,0.0,0.0,0.0,1.0,-0.9705601801221128,-0.2408587485671467,-0.0696737369601276,0.1710632390819834,0.1847080436451236,0.0,0.0,0.0,0.0,1.0,-0.9705601801771612,-0.2408587483453238,3.637799982652392,8,17,False
112,28,GRASP_FAILED,0.08,51.8,89,3,4,0.0,1.0453927110061222e-09,-5.6950909253931485e-09,1.0,-0.73648769807399,0.676450937308594,0.0904200719778163,0.3379341037877839,0.3498217373453602,0.0,0.0,0.0,0.0,1.0,-0.7364876987655077,0.6764509365557024,4.009319982652425,8,17,False
8,113,SUCCESS,0.042,94.8,89,1,2,0.3251899244702678,0.0053796101077043,-0.0018089445682558,0.9999838936276114,0.9974663641531626,0.0711396681400099,0.106246847114246,0.137056348854307,0.1734152106448321,0.0,0.0,0.0,0.0,1.0,0.997524471184424,0.0703201918956091,7.343004459859254,9,17,False
60,63,SUCCESS,0.074,53.400000000000006,88,3,4,0.0,0.0,0.0,1.0,0.12610195308701,-0.9920172868592771,-0.0035839662986754,0.1492637393048085,0.1493067603482303,0.0,0.0,0.0,0.0,1.0,0.12610195308701,-0.9920172868592771,4.133159999999997,10,17,False
60,96,SUCCESS,0.074,66.8,88,3,4,17.972019896083804,0.173623476454686,0.2550677209372505,0.9512073097698872,-0.8935178776067009,-0.4490276187465721,0.141382763700563,0.0494966632934005,0.1497965471858063,0.0,0.0,0.0,0.0,1.0,-0.96568148098685,0.2597292383984591,12.180375676580478,10,17,False
60,62,SUCCESS,0.074,70.1,88,3,4,0.0001424318616664,2.485897069523908e-06,0.0,0.99999999999691,-0.3827856298104918,-0.9238371943208312,-0.0534109361685637,0.2062594652640194,0.2130626553702023,0.0,0.0,0.0,0.0,1.0,-0.3827865899331475,-0.9238367964999836,5.425740000612056,10,17,False
11,10,SUCCESS,0.058,73.3,87,1,2,0.9864460868664362,-0.0054569870781019,-0.0163281312541572,0.9998517957286353,0.9449518778004076,0.3272093345879419,-0.0280723072017711,0.119407876065565,0.1226633412969006,0.0,0.0,0.0,0.0,1.0,0.9423661438379544,0.3345833990920412,5.71250843910968,11,17,False
93,110,SUCCESS,0.088,87.3,86,3,4,0.0369530177795723,0.000644951784144,0.0,0.9999997920185764,-0.2094814022137668,-0.977812631400594,-0.0280092804174174,0.2426062898468683,0.2442177955488998,0.0,0.0,0.0,3.842098577209478e-17,1.0,-0.2096789332384056,-0.9777702925309216,6.757084926201528,12,17,False
93,111,SUCCESS,0.088,53.400000000000006,86,3,4,0.0,-5.0297709672516995e-12,0.0,1.0,-0.0348826498474357,-0.9993914151820704,0.0546939257116599,0.2475376873478869,0.2535080514841545,0.0,0.0,0.0,0.0,1.0,-0.0348826498479285,-0.9993914151820532,4.133159999999955,12,17,False
93,29,SUCCESS,0.088,90.2,86,3,4,0.4322755413248418,0.0047785777472259,-0.0058382856004024,0.999971539402978,-0.9928700293145142,-0.1192019500217846,-0.2419404098248518,0.1167635616051239,0.2686426831777311,0.0,0.0,0.0,0.0,1.0,-0.9946298037094432,-0.1034966355632594,6.99067505464991,12,17,False
110,111,APPROACH_BLOCKED,0.088,53.400000000000006,85,3,4,0.0,0.0,0.0,1.0,0.9722476642568758,-0.2339540111796531,0.0879181316999999,0.0434424908927738,0.0980655285846524,0.0064296169650329,0.0,4.61241172771647e-15,6.935507211286473e-15,1.0,0.9722453305611072,-0.2339637091561928,4.133160189847764,13,17,False
110,29,APPROACH_BLOCKED,0.088,90.2,85,3,4,0.0,0.0,0.0,1.0,-0.2832605477866536,0.9590429928150276,-0.213931683,0.2346240269578811,0.3175140926276266,0.0,0.0,0.0,0.0,1.0,-0.2832605479577953,0.9590429927644796,6.981479663823626,13,17,False
110,20,APPROACH_BLOCKED,0.088,77.3,85,3,4,0.0352354142105592,-0.0004421483014364,-0.0004274316806076,0.999999810903501,-0.8827000419852509,0.4699368424365511,0.0792541732717248,0.29567850552212,0.3061159953494409,0.0,0.0,0.0,0.0,1.0,-0.8827327238944397,0.4698754496309665,5.983072576615282,13,17,False
3,117,APPROACH_BLOCKED,0.096,73.3,85,3,4,0.006536182185801,0.0001056801200754,4.295904340998559e-05,0.9999999934931164,-0.9794475715773586,-0.2016989205008673,0.0614142415911526,0.0599011326242161,0.085789595871996,0.0544684780541865,1.3418106104862006e-05,-2.345010724464669e-07,-6.073161638190079e-10,0.9999999999999726,-0.9794525609674344,-0.2016746905646173,5.673427862694549,14,17,True
3,116,APPROACH_BLOCKED,0.096,84.8,85,3,4,0.1942321686127624,-0.0023186819147501,0.0024729957858713,0.9999942539865024,-0.9011542635047192,0.4334985505941939,-2.9032338808157e-05,0.1692489270926392,0.1692489295826895,0.0,0.0,0.0,0.0,1.0,-0.9013078739748108,0.4331790811096566,6.56526710082772,14,17,False
3,50,APPROACH_BLOCKED,0.096,48.1,85,3,4,0.0,2.2287320698620505e-14,0.0,1.0,-0.7480500074920577,0.663642363243285,-0.0959347956395276,0.1776335919834034,0.2018840707320024,0.0,0.0,0.0,0.0,1.0,-0.7480500070186576,0.6636423637768962,3.722940367218616,14,17,False
85,86,NEIGHBOR_KNOCKED,0.082,47.7,85,3,4,0.0,-2.5538882351906946e-15,7.661664705572085e-16,1.0,-0.9542296996454768,-0.2990747069120077,-0.0346579078416052,0.056022617469051,0.0658764316280171,0.0956351227321433,0.0,5.36466171278826e-16,1.2724548609319249e-15,1.0,-0.954215768164526,-0.2991191531583753,3.6919824873999705,15,17,False
85,7,NEIGHBOR_KNOCKED,0.082,52.0,85,3,4,0.0,-8.527432817301724e-14,-2.140291929089795e-12,1.0,0.4659182821490053,0.8848277540625181,0.086047469457825,0.2946069523738092,0.3069159875064823,0.0,0.0,0.0,0.0,1.0,0.4659182828759078,0.8848277536797575,4.024800044369345,15,17,False
85,5,NEIGHBOR_KNOCKED,0.082,77.5,85,3,4,0.0230418135334469,-0.0003902005340324,-9.732723249534582e-05,0.9999999191354731,0.7428566538718585,0.66945051482414,0.1413975648247127,0.2553394144126886,0.2918758090198185,0.0,0.0,0.0,6.287508068056573e-16,1.0,0.742808465088548,0.669503983701961,5.998522148799294,15,17,False
64,65,NEIGHBOR_KNOCKED,0.08,82.60000000000001,84,1,2,1.8483558778114717,-0.0210490207292635,0.0244392846678478,0.999479694686822,-0.6299361799290012,0.7766469012469293,0.021528020498457,0.0790030119258034,0.0818836464743152,0.8121396663952328,0.0021504207517617,2.3853688032890617e-05,-2.8976659888175077e-05,0.9999999992956774,-0.6298782935672621,0.7766938491405697,6.568368964807919,16,17,True
11,10,SUCCESS,0.082,82.60000000000001,99,2,3,0.0829832327817473,-1.0181302898203446e-09,-0.0014483301296339,0.9999989511693678,0.6326674543082889,-0.7744235871014449,-0.1483072577154626,0.1041905764657797,0.1812476728549973,0.0,0.0,0.0,0.0,1.0,0.6340002358743819,-0.7733328526005009,6.393553110989957,1,18,False
11,12,SUCCESS,0.082,57.1,99,2,3,0.0,2.1334582980489668e-15,9.06719776670811e-16,1.0,0.8745775618773823,-0.4848856445190077,-0.2174590334092425,0.0475097390621623,0.2225884240409568,0.0,0.0,0.0,0.0,1.0,0.8745775619763527,-0.4848856443404969,4.419540000000027,1,18,False
47,48,NEIGHBOR_KNOCKED,0.06,81.9,98,1,2,0.0079513489956292,-1.6816520021736595e-10,-0.000138777220279,0.9999999903704416,0.9892600214703114,0.1461663775310827,0.0099247546074115,0.09325871903789,0.0937853369701546,14.758087358144271,0.0073572260103727,-0.0001150364532937,5.705420380396252e-05,0.9999999917557162,0.9901564347383184,0.1399651197488239,6.419689481601613,2,18,True
118,93,SUCCESS,0.05,85.5,97,3,4,0.1997769191237771,-0.0006462237319256,0.0034263502217856,0.9999939212410474,0.8155992634591187,0.5786171803921337,-0.0810508771483373,0.0863163709306302,0.1184050698963056,0.0,0.0,0.0,6.188253946526066e-17,1.0,0.8183525371047727,0.5747165605880707,6.619553062976897,3,18,False
118,88,SUCCESS,0.05,54.7,97,3,4,0.0,-4.3981420667475816e-11,3.915225239350427e-11,1.0,-0.2704288065340561,-0.9627399755887184,-0.0297022606029342,0.1137323329081051,0.1175468750484022,0.0,0.0,0.0,0.0,1.0,-0.2704288098948159,-0.9627399746446978,4.233780000000012,3,18,False
118,87,SUCCESS,0.05,83.3,97,3,4,0.0,-1.7477437880774767e-09,0.0,1.0,-0.663992726539322,-0.7477390314159594,-0.0794130845456602,0.1329954456458743,0.1549006990287677,0.0,0.0,0.0,0.0,1.0,-0.6639927264480106,-0.7477390314970441,6.447419999999955,3,18,False
101,102,NEIGHBOR_KNOCKED,0.078,52.900000000000006,96,3,4,6.326705370090861,0.1091400497669997,-0.0152301148327592,0.9939097006967172,0.9903315056762374,-0.1387209748561359,0.0317798892531106,0.0568389849602022,0.0651201318506502,38.331118872528805,0.0,1.3233871062065529e-11,1.2394484277861784e-12,1.0,0.9850427083411912,-0.1723103674880034,6.178006656115254,4,18,False
101,103,NEIGHBOR_KNOCKED,0.078,54.9,96,3,4,0.0,2.91268524936324e-11,2.045234753291908e-10,1.0,0.9556777855420964,-0.2944146229747345,-0.0753550856879883,0.0532831057849594,0.0922901852914774,0.0,0.0,0.0,0.0,1.0,0.9556777855762898,-0.2944146228637413,4.249260104289387,4,18,False
101,79,NEIGHBOR_KNOCKED,0.078,80.0,96,3,4,0.0100788452784837,-4.26238925554018e-05,0.00017066690393,0.9999999845280058,0.8941701697153743,-0.447727269206577,-0.0133033558318989,0.1310110979855557,0.1316848019771871,0.0,0.0,0.0,0.0,1.0,0.8941433112756151,-0.447780905020612,6.192004430257223,4,18,False
77,78,SUCCESS,0.048,83.3,95,2,3,13.448924565773067,-0.0805324418139491,-0.2181909007892526,0.9725776352704484,0.9790653605758644,-0.203546112024899,-0.0553898533620923,0.1179621753848927,0.1303192644124815,13.370094941880966,15.249583110221655,-0.0807503332397466,-0.2503220138282311,0.9647892376444964,0.973188695924258,-0.2300081783877303,6.662799406856337,5,18,False
77,76,SUCCESS,0.048,76.5,95,2,3,14.813905654678742,0.0836565550832085,0.241607215690817,0.9667613635834548,0.9351429519887968,0.3542706018648446,0.0104021315213765,0.1505638566918838,0.150922759324504,14.90899313429028,16.38483876835664,0.0864065201203614,0.2685280751411799,0.9593886522893952,0.9320689298041422,0.3622809822413552,6.100676888445471,5,18,False
103,79,APPROACH_BLOCKED,0.058,80.0,94,3,4,0.0,0.0,0.0,1.0,0.8388354975068014,-0.5443849815365197,0.0581812549999999,0.0789514089435193,0.0980733572767948,0.0,0.0,0.0,0.0,1.0,0.8388354975068014,-0.5443849815365197,6.1919999999999895,6,18,False
103,102,APPROACH_BLOCKED,0.058,52.900000000000006,94,3,4,0.0,0.0,2.878555501384596e-17,1.0,0.4654911952864853,0.8850525109341021,0.1020302696999999,0.0070149389141298,0.1022711362165479,85.66169437282598,0.0,2.827892924560226e-12,1.3798643651437192e-11,1.0,0.4278730293357393,0.9038388522115308,4.562148533097552,6,18,False
103,50,APPROACH_BLOCKED,0.058,57.9,94,3,4,0.0,-1.1059939397349302e-09,2.866366199946279e-09,1.0,-0.5891816632412079,0.8080005988242359,-0.0612987196100467,0.0977044217357192,0.1153416102390738,0.0,0.0,0.0,0.0,1.0,-0.5891816653229075,0.8080005973062925,4.481460100000046,6,18,False
107,60,SUCCESS,0.056,82.0,94,3,4,0.0867334386289705,-0.0005381903010429,0.001414882213155,0.999998854229105,0.9134701091365932,-0.4069058364216228,-0.0987965582108173,0.1390782520599273,0.1705975384064732,0.0,0.0,0.0,0.0,1.0,0.9130134553128954,-0.4079294429403294,6.347136072307722,7,18,False
107,57,SUCCESS,0.056,56.1,94,3,4,12.54698411062817,-0.1694301396651485,-0.1359658122726067,0.9761181924675404,-0.4715191600791714,0.8818558168307519,0.1913746417415467,0.0137163694921052,0.1918655578621377,0.0,0.0,0.0,0.0,1.0,-0.9614673853320924,-0.2749190188813234,7.798583228098142,7,18,False
107,59,SUCCESS,0.056,83.5,94,3,4,0.394404142596765,0.0068813678966929,0.0001751478382438,0.9999763077688916,0.9929593389414229,-0.1184556930206919,-0.0859874630192493,0.2290564652628306,0.2446644806161881,0.0,0.0,0.0,0.0,1.0,0.9928901156763932,-0.1190345252106241,6.469994091544404,7,18,False
5,7,SUCCESS,0.048,60.400000000000006,93,3,4,0.0,7.867163052651683e-09,0.0,1.0,-0.9878384466762844,0.1554837717197072,0.0810349726355028,0.0469018643511321,0.0936293312464031,0.0,0.0,0.0,0.0,1.0,-0.9878384464871918,0.1554837729210722,4.674960000000014,8,18,False
5,6,SUCCESS,0.048,80.8,93,3,4,0.0393836109304973,-0.0004411896250336,0.0005270998189565,0.99999976375872,-0.9375794662147288,-0.3477711093988466,0.0416447773731271,0.0925956611288903,0.1015295225161313,0.0,0.0,0.0,0.0,1.0,-0.9375687481474286,-0.3478000035900855,6.253987648338077,8,18,False
5,3,SUCCESS,0.048,90.1,93,3,4,0.7072802787833211,0.0121709741266309,-0.002059880949961,0.9999238092371244,0.9121172568951216,0.4099293959624247,-0.0950995487665551,0.0421398367044742,0.1040177389346747,0.0,0.0,0.0,0.0,1.0,0.9016751228910908,0.4324141218315335,6.998269795852082,8,18,True
59,40,NEIGHBOR_KNOCKED,0.08,74.7,92,3,4,0.0029922645801544,-1.1176382166103796e-06,-5.2212910173005866e-05,0.9999999986362816,-0.206322492856518,0.978484046339782,-0.0521982221870246,0.0546084847659882,0.0755429745768802,2.473938215561556,0.0008639830741522,-1.398323967256588e-05,5.644084285860073e-06,0.9999999998863066,-0.2100276144318128,0.9776954542065142,5.7836202071105385,9,18,True
59,60,NEIGHBOR_KNOCKED,0.08,82.0,92,3,4,0.0,0.0,0.0,1.0,-0.9583277832673364,-0.2856708942435563,-0.0108711387259634,0.1037215988624319,0.1042897489103238,0.0,0.0,0.0,0.0,1.0,-0.9583277833919468,-0.2856708938255308,6.346800041543442,9,18,False
59,41,NEIGHBOR_KNOCKED,0.08,51.8,92,3,4,15.943399963322497,-0.1828990440220948,-0.204942028589627,0.961533517155472,0.8362852324563113,0.5482946379233463,-0.066211944581368,0.0657781744995247,0.0933316122529557,19.12679561568815,0.0,3.297148596209879e-13,6.534180672454981e-14,1.0,0.8092083859188096,0.5875217342011058,9.700606222328789,9,18,False
46,45,SUCCESS,0.046,51.1,91,3,4,19.843015149023845,-0.0633575539047188,0.3334789093099669,0.9406261943028408,-0.9106235657442684,-0.4132368830479605,-0.0048279214472498,0.0788830008655169,0.0790306057869352,19.83177070393429,21.170972682665298,-0.0619351166687914,0.3558018324929153,0.9325068886168651,-0.9154287772716848,-0.4024800041528376,4.060481186883823,10,18,False
46,26,SUCCESS,0.046,84.6,91,3,4,6.324606142918716,0.0218553030135403,-0.1079714228296836,0.9939137374955233,-0.5192191388753151,-0.8546411444726822,-0.0036431597615853,0.1153830460617166,0.1154405471726839,6.332019180667371,6.952406004291165,0.0209083917777649,-0.1192253660058748,0.992647042636018,-0.5172765433126755,-0.8558183088357539,6.5753409751038205,10,18,False
46,28,SUCCESS,0.046,65.0,91,3,4,9.870598199768544e-05,1.7227640202052888e-06,-2.3644803868499973e-09,0.999999999998516,-0.9311264710433578,-0.364696442157506,-0.0623386085577076,0.1738704234672923,0.1847079485934664,0.0005394383510379,0.0,2.2618125321389933e-11,8.433724764364348e-16,1.0,-0.9311266387934394,-0.3646960138652901,5.030999879143033,10,18,False
60,58,SUCCESS,0.078,87.9,90,3,4,0.3071336565576652,0.0053588400109774,0.0001320969822157,0.9999856325888508,-0.0708554623410442,0.9974865931211492,-0.0933492125378525,0.0597396912319039,0.1108282734229871,0.0,0.0,0.0,0.0,1.0,-0.0836627055941579,0.9964941302851036,6.808015541230358,11,18,False
60,40,SUCCESS,0.078,74.7,90,3,4,0.0,4.886624746384062e-09,-1.972398635313703e-09,1.0,0.7264169387260255,0.6872542696352708,-0.0401906532344896,0.1210062535965599,0.1275060861954831,0.0,0.0,0.0,0.0,1.0,0.7264169364355416,0.6872542720562764,5.781779999999963,11,18,False
60,8,SUCCESS,0.078,83.4,90,3,4,0.1046250280878591,-0.0016610841059887,-0.000758458268421,0.999998332768934,-0.7401853362416433,-0.6724029060116006,-0.0612424339075578,0.1413997147731787,0.1540925535152749,0.0,0.0,0.0,0.0,1.0,-0.73989770924162,-0.6727193916180827,6.455661233171857,11,18,False
3,6,SUCCESS,0.096,80.8,89,3,4,0.0,0.0,0.0,1.0,-0.9274496067135132,-0.373948160855151,0.1385834144,0.1331235660743971,0.1921646340800682,0.0,0.0,0.0,0.0,1.0,-0.9274496067135132,-0.373948160855151,6.253919999999996,12,18,False
3,7,SUCCESS,0.096,60.400000000000006,89,3,4,0.0,0.0,0.0,1.0,-0.992407537432422,-0.1229930064975886,0.181152856,0.0836178787141172,0.1995201916538914,0.0,0.0,0.0,0.0,1.0,-0.992407537432422,-0.1229930064975886,4.674960000000033,12,18,False
3,73,SUCCESS,0.096,72.0,89,3,4,0.0003119289795943,-3.395339500089838e-11,5.4441771489883934e-06,0.9999999999851804,-0.5903883281206798,0.8071193356740183,0.0657140511219694,0.3095549052958313,0.3164531180247272,0.0,0.0,0.0,0.0,1.0,-0.5903881206440809,0.8071194874381056,5.572800503842369,12,18,False
27,28,NEIGHBOR_KNOCKED,0.084,65.0,88,3,4,2.200952204560698,0.0060242755596953,0.0379289766203207,0.999262278301606,0.1447440571787021,0.9894691293372666,-0.0075870461206301,0.0718808462163343,0.0722801447260094,9.095559143296033,2.1155677147440178e-05,-1.4365251792976254e-07,3.4023622236552414e-07,0.9999999999999318,0.1503000833668811,0.9886404224691144,5.399060481557712,13,18,True
27,26,NEIGHBOR_KNOCKED,0.084,84.6,88,3,4,7.625700658618819,0.0226060181869798,-0.1307613196922998,0.991156115460152,0.94140461151649,0.3372793462628366,0.0335544744533561,0.1179949294753119,0.1226731679615585,7.711729126422897,8.370711668348173,0.0269171236330928,-0.1430671982721259,0.9893468781139836,0.9422593720491484,0.3348839736170488,6.604670914690914,13,18,False
27,45,NEIGHBOR_KNOCKED,0.084,51.1,88,3,4,22.469201897057985,-0.0650564475613063,0.3766090579286469,0.92408510220477,0.8395425986411456,0.5432938662150277,0.0820350712516699,0.1270487222835501,0.1512320427328455,22.929655861796785,23.65390953490992,-0.0696453982816085,0.3951200236287391,0.9159856360368436,0.8444889192857868,0.5355730250895052,4.0520491721628265,13,18,False
41,40,SUCCESS,0.048,74.7,87,3,4,0.0,0.0,0.0,1.0,-0.9999799971484004,0.0063249745521432,-0.0220472364,0.0844946283335004,0.0873236671818921,0.0,0.0,0.0,0.0,1.0,-0.9999799971484004,0.0063249745521432,5.781780000000004,14,18,True
41,28,SUCCESS,0.048,65.0,87,3,4,0.0,-3.452204670213133e-13,8.171342216139662e-13,1.0,0.511915111476284,-0.8590360403628148,-0.0429147125001261,0.143627226568774,0.1499014768466489,0.0,0.0,0.0,0.0,1.0,0.5119151131351182,-0.8590360393742855,5.031000000000043,14,18,False
41,45,SUCCESS,0.048,51.1,87,3,4,0.0,2.7940037075419704e-13,-9.836228069384104e-13,1.0,0.8376434846233455,-0.5462173492924398,0.0284936512801533,0.1989135701030766,0.2009440134326638,0.0,0.0,0.0,0.0,1.0,0.837643485183628,-0.546217348433227,3.9551399799999856,14,18,False
110,111,SUCCESS,0.052,53.3,86,3,4,0.0,1.4531719170207771e-11,-5.486035108916998e-12,1.0,-0.2906756343400586,0.9568216529745784,0.1034132156692864,0.0753264100748531,0.1279388964694759,0.0,0.0,0.0,0.0,1.0,-0.2906756343286359,0.9568216529780484,4.125419999999991,15,18,False
110,8,SUCCESS,0.052,83.4,86,3,4,0.0,0.0,0.0,1.0,0.8115134552967952,0.5843337332999492,-0.0287795869299999,0.1738729281061515,0.176238644320899,0.0,0.0,0.0,0.0,1.0,0.8115134558859252,0.5843337324817748,6.455160400000052,15,18,False
110,9,SUCCESS,0.052,94.2,86,3,4,0.2196271821488953,-0.0025747811995837,-0.0028397158075538,0.9999926532309658,0.7677947159994456,0.6406959295042626,0.1519930791158693,0.0851213181357474,0.1742054387793045,0.0,0.0,0.0,0.0,1.0,0.7681920840845541,0.6402194326555775,7.293572055686146,15,18,False
28,45,SUCCESS,0.062,51.1,85,3,4,29.486832528100656,-0.0807240534876364,0.4855590864208167,0.8704688396391378,0.9958767323701044,-0.0907167786236006,0.0673696346133775,0.0969026166718256,0.1180202727745821,29.449287662691997,31.47372347495356,-0.0852933525557813,0.5150934512371425,0.8528796987280238,0.994441630432802,-0.1052893330881655,4.173973859718831,16,18,False
28,26,SUCCESS,0.062,84.6,85,3,4,10.890166967346552,0.0310668032003139,-0.1863551285741164,0.9819911505675788,0.9726297545746724,-0.2323604108190821,0.0614912023434156,0.1021368800036449,0.1192187494587904,10.910074025053408,12.484414275557643,0.0353353772696314,-0.2132665541315733,0.9763548473798128,0.9728500346459024,-0.2314364061453312,6.706894377357247,16,18,False
28,40,SUCCESS,0.062,74.7,85,3,4,0.0,0.0,0.0,1.0,-0.7869022791051987,0.6170776313714863,0.0193659161,0.2008100499844594,0.2017417033762561,0.0,0.0,0.0,0.0,1.0,-0.7869022801058239,0.6170776300954812,5.781779951085109,16,18,False
58,40,NEIGHBOR_KNOCKED,0.086,74.7,84,3,4,0.0,0.0,0.0,1.0,0.9692377007127964,0.246126551832531,0.0320579095,0.0958509588841599,0.1010698564386193,36.45681036347936,0.0102188739936962,-0.0001777546007483,1.4597708166791978e-05,0.9999999840951044,0.9685864234512804,0.2486771809110298,5.861706357726131,17,18,False
58,86,NEIGHBOR_KNOCKED,0.086,63.8,84,3,4,1.1799386545725382e-05,1.567084717292033e-07,1.3404109803777766e-07,0.9999999999999788,-0.708476371039906,-0.7057345334317467,-0.115162817985719,0.1361029423135405,0.1782876483461902,0.0,0.0,0.0,0.0,1.0,-0.7084763860831358,-0.7057345183300727,4.938119994348794,17,18,False
58,8,NEIGHBOR_KNOCKED,0.086,83.4,84,3,4,0.0,0.0,0.0,1.0,-0.5412051362944963,-0.8408905995719393,0.0196303876,0.1838117087748187,0.1848569620004748,0.0,0.0,0.0,0.0,1.0,-0.5412051346930936,-0.8408906006026171,6.455159994343903,17,18,False
86,8,SUCCESS,0.058,83.4,83,1,2,10.871846188579667,-0.1178181367209604,-0.1472878675538017,0.9820515112411644,0.169576401398809,-0.9855170440376108,0.1392194357410611,0.0460358149361045,0.1466333780040912,0.0,0.0,0.0,0.0,1.0,-0.0521242755780183,-0.9986406059716711,10.563643759323083,18,18,False
56,55,SUCCESS,0.078,92.5,82,3,4,0.109844628546806,-0.0010185991646667,-0.0016241665630519,0.99999816226767,0.9855935426260224,0.1691312175025286,0.0647124771495596,0.1462304280258555,0.1599094830817021,0.0,0.0,0.0,0.0,1.0,0.985613699023109,0.1690137163013239,7.160105385077152,19,18,False
56,26,SUCCESS,0.078,84.6,82,3,4,15.6654532269965,0.04402991982282,-0.2664059544803301,0.9628547312953396,-0.6120310361796739,0.7908337440656124,0.1446923532863711,0.2286059961165847,0.2705486620924302,15.648046830437142,22.32037360828364,0.0620359675557092,-0.3746842429579149,0.9250747303912702,-0.5924915147564014,0.8055766909125816,8.894921245921013,19,18,False
56,45,SUCCESS,0.078,51.1,82,3,4,30.185205078325755,-0.082023025977231,0.4960612883488122,0.8644046629971722,-0.8913311149978121,0.4533528906235815,0.2957861716315749,0.134139203606624,0.3247811344162139,30.23931701658123,20.89499542122901,-0.0582918576195003,0.3518605490603881,0.9342356305291456,-0.7834392811163549,0.6214683361233211,6.416512204364615,19,18,False
29,30,SUCCESS,0.076,84.4,81,3,4,0.0395934702985164,0.0003096799178183,-0.0006177617704292,0.9999997612343432,0.8965235693312243,0.4429960379434575,-0.0345045174285933,0.1370347705449117,0.1413120308440746,0.0,0.0,0.0,0.0,1.0,0.8963389758647498,0.4433694174677944,6.532632395956803,20,18,False
29,25,SUCCESS,0.076,82.3,81,3,4,0.0536808671202777,0.0006051896121591,-0.0007152213962514,0.9999995611018476,-0.8855932640227457,-0.4644615922953579,-0.1540684133981525,0.1688927242320707,0.2286084607042231,0.0,0.0,0.0,0.0,1.0,-0.8860978276908973,-0.4634982629541052,6.370150052118051,20,18,False
29,35,SUCCESS,0.076,74.89999999999999,81,3,4,0.0027509193688123,-5.921849332749756e-06,4.764600285857148e-05,0.9999999988473952,-0.9619885843384208,0.2730896622037548,-0.1411751805816321,0.215527851685144,0.2576483775696441,0.0,0.0,0.0,0.0,1.0,-0.9619988838926712,0.2730533782784137,5.797259806852702,20,18,False
34,35,NEIGHBOR_KNOCKED,0.088,74.89999999999999,80,3,4,0.0,0.0,0.0,1.0,0.9961090675832578,0.0881290274450639,-0.082514865580302,0.0531470949559688,0.0981494612516751,13.019778702113332,0.0044421545817049,-5.238727647366353e-05,-5.715337813156203e-05,0.9999999969945322,0.9982721028476416,0.058760604797325,10.069636112946412,21,18,False
34,24,NEIGHBOR_KNOCKED,0.088,88.3,80,3,4,0.6006681999757655,0.0104002959533656,-0.0013177553661466,0.999945047172532,-0.7983487394117732,-0.6021953921109267,-0.0293657930984702,0.1335207757805332,0.1367119137798077,0.0,0.0,0.0,0.0,1.0,-0.800937239698239,-0.5987483094461022,6.851865688795511,21,18,False
34,33,NEIGHBOR_KNOCKED,0.088,87.8,80,3,4,0.2852820430360283,0.0049776799619426,0.0001185038138109,0.999987604252694,-0.9996306326127962,0.0271771658224553,-0.121273669875893,0.0599146174059977,0.1352666418008304,0.0,0.0,0.0,0.0,1.0,-0.9996497907907378,0.0264631020863828,6.799644596256952,21,18,False
24,33,SUCCESS,0.092,87.8,79,3,4,0.0,0.0,0.0,1.0,0.4950893606033471,0.8688420598804878,-0.0925375599999999,0.0942749707711744,0.1321021200611837,0.0,0.0,0.0,0.0,1.0,0.4950893606033471,0.8688420598804878,6.795720000000005,22,18,False
24,35,SUCCESS,0.092,74.89999999999999,79,3,4,1.4787793334710982e-06,1.8052920405115368e-08,1.9695343650900432e-08,0.9999999999999996,0.8854855401597836,0.4646669325096593,-0.0560946864918116,0.1793420508642179,0.1879100451301057,0.0,0.0,0.0,0.0,1.0,0.8854855424758123,0.4646669280961538,5.797260000000083,22,18,False
24,67,SUCCESS,0.092,77.3,79,3,4,0.0202528165566368,-0.0003534783240297,0.0,0.9999999375265352,-0.5607718933329847,-0.8279703398357573,-0.0673728018754111,0.20287039875525,0.2137650418652628,0.0,0.0,0.0,0.0,1.0,-0.5606387802078348,-0.8280604797519752,5.983037462258884,22,18,False
116,115,NEIGHBOR_KNOCKED,0.086,54.4,78,3,4,3.1028250888047606,-0.0152766719707801,0.0519275346947415,0.9985340026428864,-0.4254657206472518,0.9049745413845158,-0.0503552794587921,0.0412706231977806,0.0651069774179868,0.0598475434151792,0.0,1.903044629515025e-13,-1.950462361760861e-13,1.0,-0.4425581571976847,0.8967398047916628,4.487965990379987,23,18,True
116,17,NEIGHBOR_KNOCKED,0.086,69.9,78,3,4,5.364525538484669e-05,-4.99087278711534e-07,7.922026068362802e-07,0.9999999999995616,0.977177046266806,0.2124265055243365,-0.0947582540680138,0.0949627892505584,0.1341531142249938,0.0,0.0,0.0,8.713910502045494e-17,1.0,0.9771773112565236,0.2124252865491094,5.410260048848031,23,18,False
116,81,NEIGHBOR_KNOCKED,0.086,85.3,78,3,4,0.0927046369361057,-0.0016180004403923,0.0,0.9999986910364308,0.4265125261136727,-0.9044816554624716,-0.061476217440229,0.1523765158769019,0.1643104619357576,0.0,0.0,0.0,0.0,1.0,0.4274674508977784,-0.9040307397555436,6.6026194801562905,23,18,False
25,35,SUCCESS,0.084,74.89999999999999,77,3,4,0.0,0.0,0.0,1.0,-0.400342649951338,0.916365518027572,-0.0132016039999999,0.1478653193887671,0.1484534776491104,0.0,0.0,0.0,0.0,1.0,-0.400342649951338,0.916365518027572,5.797260000000002,24,18,False
25,33,SUCCESS,0.084,87.8,77,3,4,0.0,0.0,0.0,1.0,-0.7875219963069339,0.6162865448253284,-0.0516413929999999,0.2175520821049243,0.2235972761443399,0.0,0.0,0.0,3.035105643971283e-17,1.0,-0.7875219959577677,0.6162865452715106,6.795720000000008,24,18,False
25,30,SUCCESS,0.084,84.4,77,3,4,0.0,0.0,0.0,1.0,0.890740721336796,0.4545117901137488,0.1192037899999999,0.305948923712625,0.3283508603175538,0.0,0.0,0.0,1.804213104540819e-17,1.0,0.8907407214718388,0.4545117898490954,6.532560000000037,24,18,False
92,53,SUCCESS,0.074,74.89999999999999,76,3,4,26.49172133374852,-0.4398071523435077,-0.0744766735663189,0.8949988233746403,0.5689686135669179,-0.8223592382746965,0.1372498255831306,0.0373161787351739,0.1422322460555103,0.0,0.0,0.0,-5.056366201890581e-19,1.0,-0.5071583110283564,-0.8618529152673704,18.99363349627715,25,18,False
92,91,SUCCESS,0.074,53.400000000000006,76,3,4,0.0,-1.3106878680718394e-11,-7.476446113467886e-12,1.0,-0.9934925666301544,-0.1138969712091935,0.1296362702862633,0.1197156534360269,0.1764579277089811,0.0,0.0,0.0,0.0,1.0,-0.9934925666241762,-0.1138969712613408,4.133159999999969,25,18,False
92,81,SUCCESS,0.074,85.3,76,3,4,0.0,0.0,0.0,1.0,-0.9999189530165216,-0.0127313549295909,-0.0607261677153974,0.1806949822825085,0.1906261893536002,0.0,0.0,0.0,0.0,1.0,-0.9999189530179756,-0.0127313548154026,6.602219800000087,25,18,False
33,35,NEIGHBOR_KNOCKED,0.088,74.89999999999999,75,3,4,0.0,0.0,0.0,1.0,0.9999193415679752,0.0127008014812903,0.040436709,0.1121393009801854,0.1192071736896538,6.441079555043662,0.0022099340012692,-3.588867958054382e-05,1.4131366033629765e-05,0.9999999992561536,0.9998891975331768,0.0148859885953176,5.819617867226751,26,18,False
33,67,NEIGHBOR_KNOCKED,0.088,77.3,75,3,4,0.0,0.0,0.0,1.0,-0.5401892536826859,-0.8415435640569909,0.040341392,0.2969314289510478,0.2996593088949663,0.0,0.0,0.0,0.0,1.0,-0.5401892530060421,-0.8415435644913304,5.983019952630837,26,18,False
33,69,NEIGHBOR_KNOCKED,0.088,65.19999999999999,75,3,4,10.08754774321432,0.0987008206926939,-0.1446949767387865,0.9845412696790068,-0.4513458672726637,-0.8923490954194364,-0.01250453034267,0.314634468102887,0.31488285408621,10.08191963844602,11.634853113866193,0.1067579513005314,-0.1710995200061228,0.9794527523509174,-0.4509575298149235,-0.8925454085385363,5.1747830115057525,26,18,False
81,17,SUCCESS,0.086,69.9,74,3,4,0.0,0.0,0.0,1.0,0.1722474732132555,0.9850537081660314,-0.0177989501,0.1603915296092362,0.1613760992063347,0.0,0.0,0.0,0.0,1.0,0.1722474732132555,0.9850537081660314,5.410260000000004,27,18,False
81,18,SUCCESS,0.086,48.4,74,3,4,0.0,3.6244106425367436e-14,1.0067807340379842e-15,1.0,0.7066027348719822,0.7076104684580601,-0.0204200161999951,0.1863012234503332,0.187416976073938,0.0,0.0,0.0,0.0,1.0,0.7066027340656824,0.7076104692632115,3.7461600000000095,27,18,False
81,115,SUCCESS,0.086,54.4,74,3,4,0.0,0.0,0.0,1.0,-0.4304158752665028,0.9026306965301868,0.026915867,0.1893195297444496,0.1912232941851521,0.0,0.0,0.0,0.0,1.0,-0.4304158761272087,0.9026306961197628,4.210560000000004,27,18,False
17,18,SUCCESS,0.074,48.4,73,2,3,0.0,0.0,0.0,1.0,0.969785853558,-0.2439577796234044,0.0007071338999999,0.1072545218291114,0.1072568528866285,0.0,0.0,0.0,0.0,1.0,0.969785853558,-0.2439577796234044,3.746160000000004,28,18,False
17,115,SUCCESS,0.074,54.4,73,2,3,0.0,0.0,0.0,1.0,-0.9930929187289994,0.117330536393204,0.0471142171,0.1098720622634662,0.1195475617441565,0.0,0.0,0.0,0.0,1.0,-0.9930929187289994,0.117330536393204,4.210560000000016,28,18,False
103,104,SUCCESS,0.058,57.5,88,3,4,0.0,-1.3926117695374276e-09,0.0,1.0,0.9984040033303876,-0.0564751815743472,0.0673416712913385,0.0781518302109889,0.1031630227244139,0.0,0.0,0.0,0.0,1.0,0.9984040033284216,-0.056475181609101,4.450500000000038,1,19,False
103,0,SUCCESS,0.058,76.39999999999999,88,3,4,9.259803988938304e-05,-1.614454954369277e-06,-7.292511203852922e-08,0.999999999998694,-0.691820750615881,-0.7220692826988827,-0.0193072839198828,0.1786821106706077,0.1797221964201035,0.0,0.0,0.0,0.0,1.0,-0.6918204689104406,-0.7220695526031674,5.913359699244354,1,19,False
103,1,SUCCESS,0.058,56.8,88,3,4,0.0,1.027582249094247e-09,-1.1704888115965909e-10,1.0,-0.7150363768958307,-0.69908724757049,0.0372806605440355,0.2388681491205696,0.241759881524802,0.0,0.0,0.0,0.0,1.0,-0.7150363770935315,-0.6990872473682787,4.396320000000018,1,19,False
92,41,SUCCESS,0.08,57.6,87,3,4,6.000932150965553,-0.0708763684338747,-0.0768513033489591,0.9945201946522716,-0.4533406999847433,0.8913373153511206,0.153938779372353,0.2277539473004842,0.2748981780689019,6.000141098591919,0.0,-3.359007496986235e-10,-3.077408300573701e-10,1.0,-0.4974969197778945,0.867465742730805,5.7685661722695984,2,19,False
92,15,SUCCESS,0.08,85.5,87,3,4,0.3223640471699155,-0.0020663167018598,-0.0052331071690026,0.9999841723370652,-0.9296923621854468,0.3683369540163521,-0.2833935514572621,0.090057395463103,0.2973587723359739,0.0,4.9150562286160495,-0.0320691765070001,0.0794507048577026,0.996322815866312,-0.8351891104722142,0.549962862154011,8.091323247781203,2,19,False
92,25,SUCCESS,0.08,48.8,87,3,4,47.43384835508417,0.736479808158501,-0.0050077785382553,0.6764409910176417,0.999188991888884,0.0402660960123447,-0.2739285036114401,0.2149936924729024,0.3482227920368449,47.19860007548528,24.477832716243448,0.2741498375889147,-0.3106774197157076,0.9101216443029808,0.17454103465018,-0.984649900839504,18.307610878692195,2,19,False
15,25,NEIGHBOR_KNOCKED,0.082,48.8,86,3,4,31.18725431274069,0.1594899863143805,-0.492663992923355,0.8554794762834788,0.1800746673784734,-0.9836529439637396,-0.0194395592683915,0.0600901506396908,0.0631563351410612,28.32491196949323,0.0,1.1033739183979396e-13,-3.813130453286997e-14,1.0,0.1640142498175155,-0.9864579696351982,15.46001721554282,3,19,False
15,26,NEIGHBOR_KNOCKED,0.082,81.4,86,3,4,0.0372084382290983,-0.0001231612494442,0.0006376239326216,0.9999997891334914,0.9595792855213552,-0.2814384387362981,-0.0924057321964535,0.0638920760718908,0.1123432985430772,20.24187736894001,0.0347769987401722,0.0005460630245716,0.0002650122846287,0.9999998157918142,0.9510176920417652,-0.3091364576098297,7.8976334784383315,3,19,False
15,16,NEIGHBOR_KNOCKED,0.082,76.39999999999999,86,3,4,0.0015824484370942,1.1008523601545697e-05,2.5330178308289794e-05,0.9999999996185972,-0.97491010972431,0.2225989172420528,-0.1893497059810904,0.0970664822993422,0.2127797291592738,0.0,0.0,0.0,0.0,1.0,-0.9749246036002334,0.2225354293026798,5.913359956947382,3,19,False
26,25,SUCCESS,0.076,48.8,85,3,4,0.0,0.0,0.0,1.0,-0.992959414669805,-0.1184550582229324,0.0554133565000113,0.0549412643089142,0.0780332147387209,0.0,0.0,0.0,0.0,1.0,-0.992959414669805,-0.1184550582229324,3.7771199999999943,4,19,False
26,16,SUCCESS,0.076,76.39999999999999,85,3,4,0.0,0.0,0.0,1.0,-0.966441855284472,0.256885461547179,-0.0950721776999886,0.1587894449213681,0.1850751382305425,0.0,0.0,0.0,0.0,1.0,-0.9664418553001072,0.2568854614883584,5.91335979999999,4,19,False
26,43,SUCCESS,0.076,86.3,85,3,4,0.0606128233552908,0.0005676450590474,0.0008927020672244,0.9999994404308964,0.0426280218094648,0.9990910127493952,-0.3012576136764928,0.021453912366147,0.3020205624686327,0.0,0.0,0.0,0.0,1.0,0.0338618715961365,0.9994265223877176,6.679790141819771,4,19,False
16,25,SUCCESS,0.074,48.8,84,3,4,0.0,0.0,0.0,1.0,0.9021493173928252,-0.4314239320293435,0.154758014,0.1096340907133147,0.1896567339794702,0.0,0.0,0.0,0.0,1.0,0.9021493173928252,-0.4314239320293435,3.7771199999999943,5,19,False
16,43,SUCCESS,0.074,86.3,84,3,4,0.0,0.0,-2.1173893769165002e-16,1.0,0.9919602660172954,-0.1265497160917258,-0.207737409,0.1554259765051031,0.259445688479493,0.0,0.0,0.0,0.0,1.0,0.9919602660172956,-0.1265497160917255,6.67961999999997,5,19,False
16,12,SUCCESS,0.074,82.8,84,3,4,0.0102444241604111,-0.0001787989308136,0.0,0.9999999840154712,-0.8459128712336228,0.5333211174154727,-0.088035424509732,0.2513261778373963,0.2662988614976851,0.0,0.0,0.0,0.0,1.0,-0.8458855055626544,0.5333645202664055,6.408724784109388,5,19,False
67,98,SUCCESS,0.082,93.0,83,3,4,0.0964075953951192,-5.230696793310095e-09,-0.0016826291695555,0.9999985843785368,-0.8569237943705713,0.5154431206656488,-0.0893208720398324,0.0739060745757568,0.1159324201470557,0.0,0.0,0.0,0.0,1.0,-0.8554922894519195,0.5178155489055086,7.198675287586785,6,19,False
67,68,SUCCESS,0.082,72.0,83,3,4,0.0008310713541339,1.0920445513075132e-05,9.546574964980105e-06,0.9999999998948036,-0.4125742440087855,-0.9109239777174488,-0.1140944481896183,0.0345042522479003,0.1191976783787345,0.0,0.0,0.0,0.0,1.0,-0.4125988484149908,-0.9109128335283369,5.5728000273663945,6,19,False
67,48,SUCCESS,0.082,77.10000000000001,83,3,4,0.0018519586330737,2.3385828003899982e-05,-2.2312880514365287e-05,0.9999999994776192,0.9450373842913932,0.326962294908269,0.0706148704743849,0.2106259182794475,0.2221480078307583,0.0,0.0,0.0,0.0,1.0,0.9450385748172484,0.3269588538446144,5.967539945812111,6,19,False
28,29,SUCCESS,0.074,80.3,82,3,4,0.0341789503900694,-0.0005965351840215,0.0,0.9999998220728714,-0.6715292785310366,-0.7409780213174919,-0.0312626441187358,0.101917471549698,0.1066045211254111,0.0,0.0,0.0,0.0,1.0,-0.671281644836035,-0.7412023700085066,6.215270929270359,7,19,False
28,30,SUCCESS,0.074,85.5,82,3,4,0.9824091422544412,-0.0137536884201134,0.0102372829250101,0.9998530062429956,0.6111380806475735,0.7915240024044754,-0.1179512763864976,0.02873609936155,0.1214012644403708,0.926817487069136,1.925147685575461,-0.0267815824164379,0.0202803644865928,0.999435567537779,0.5299816419633693,0.8480091150346268,6.674263912980922,7,19,False
28,31,SUCCESS,0.074,51.0,82,3,4,2.380886728925647,0.0328340971682258,-0.0254497402992191,0.9991367437852788,0.97018446098271,-0.2423677199374707,-0.1459587613359231,0.0729767178992058,0.1631856653203865,2.5085078745036045,4.669139961571337,0.0649053765188304,-0.049127676908315,0.9966813750946392,0.9610647863123594,-0.2763231378483876,4.134508641188558,7,19,False
79,80,SUCCESS,0.08,88.6,81,3,4,0.0334148100896477,-0.0005831984219758,0.0,0.999999829939786,-0.4576455283956285,0.8891347312637642,-0.2305876774403999,0.0609916238116626,0.2385176202349446,0.0,0.0,0.0,0.0,1.0,-0.4555169749292099,0.8902270977404257,6.857694300307456,8,19,False
79,31,SUCCESS,0.08,51.0,81,3,4,7.011009931678079,0.0972740744543367,-0.0737320468517171,0.992522714957249,-0.6824553793013715,-0.7309272571621757,-0.2117199730213289,0.1419668285996519,0.2549116070303492,7.544970854060593,9.98559519057095,0.1382613273753672,-0.1046497329761451,0.9848513790112816,-0.6173826034428602,-0.786663028854233,4.252892981063045,8,19,False
79,30,SUCCESS,0.08,85.5,81,3,4,2.8891728162656105,-0.0401759852630994,0.0304380471134742,0.998728899900297,-0.9671342078015988,-0.2542664431260517,-0.1776067490300031,0.1794865048464792,0.252506559762339,2.622613066300913,3.6070061455206126,-0.0501564254726609,0.0379779271062305,0.9980190429227888,-0.9703800175882908,-0.2415835703547505,6.654287166598961,8,19,False
88,89,SUCCESS,0.076,53.7,80,3,4,0.0,-2.684632759949775e-11,2.399375500143549e-12,1.0,-0.9449234030565437,0.3272915555831542,-0.0126413205167681,0.079252104522428,0.0802539659807633,0.0,0.0,0.0,0.0,1.0,-0.9449234030553796,0.3272915555865143,4.156380000000003,9,19,False
88,8,SUCCESS,0.076,84.0,80,3,4,0.3187067324349528,-0.0055624531443298,0.0,0.9999845294378394,0.5543932186645195,0.832254864268629,-0.1249762217496796,0.0619219621234276,0.1394753935145561,0.0,0.0,0.0,0.0,1.0,0.565002445339754,0.8250892295746555,6.506262998418582,9,19,False
88,45,SUCCESS,0.076,40.3,80,3,4,0.0,0.0,1.5869912191008149e-15,1.0,-0.9997111660060408,0.0240329890534333,0.0950570909811592,0.1505329767444607,0.1780337822811972,0.0,0.0,0.0,0.0,1.0,-0.9997111660076368,0.024032988987042,3.1192200000000057,9,19,False
30,31,NEIGHBOR_KNOCKED,0.09,51.0,79,3,4,12.922916077699089,0.1783008888943307,-0.1349949139476724,0.974671824886588,0.7896327508813901,-0.6135797574362182,-0.0056195760842186,0.0671231372801158,0.067357963105275,76.74628448261433,0.0,-1.8722134011767748e-12,-1.2970296974215224e-13,1.0,0.8186513964223134,-0.5742907722885647,10.654411003216978,10,19,False
30,29,NEIGHBOR_KNOCKED,0.09,80.3,79,3,4,0.0,0.0,0.0,1.0,-0.6592151194621438,-0.7519544043840101,0.1007853185290982,0.1305873890745217,0.1649568022735416,0.0,0.0,0.0,0.0,1.0,-0.6592151174594619,-0.7519544061396994,6.215219956791449,10,19,False
30,76,NEIGHBOR_KNOCKED,0.09,51.4,79,3,4,0.0,2.0007945481840225e-12,-1.141415131965678e-12,1.0,-0.1685169593120314,-0.985698754399247,-0.0053145501707476,0.195599416364426,0.1956716027573278,0.0,0.0,0.0,0.0,1.0,-0.1685169595783296,-0.9856987543537202,3.978359996791394,10,19,False
53,52,SUCCESS,0.082,54.4,78,3,4,0.0,1.3306019854459408e-10,0.0,1.0,-0.9613117168663784,-0.2754628523329711,-0.1194204335225133,0.1030629077950567,0.1577441057722202,0.0,0.0,0.0,0.0,1.0,-0.9613117168811128,-0.2754628522815501,4.210560000000002,11,19,False
53,85,SUCCESS,0.082,51.2,78,3,4,0.0,1.9120103270043703e-12,0.0,1.0,-0.7294570485807226,0.6840266181048085,-0.1704067875094494,0.0854246981074213,0.1906196534359318,0.0,0.0,0.0,0.0,1.0,-0.7294570485828122,0.6840266181025798,3.962880000000002,11,19,False
53,86,SUCCESS,0.082,87.3,78,3,4,0.2159769938177183,0.0035272796421538,0.0013294487700508,0.9999928954069092,-0.8263922952408865,0.5630948182735294,-0.1159500444595477,0.1882924594999738,0.2211299688299177,0.0,0.0,0.0,0.0,1.0,-0.8279115835660703,0.5608586361973236,6.759249998209143,11,19,False
80,31,SUCCESS,0.092,51.0,77,3,4,0.0,0.0,0.0,1.0,-0.5729073464028694,-0.8196201391117856,0.0233147858,0.1658937262661081,0.1675240509638968,0.0,0.0,0.0,0.0,1.0,-0.5729073464028694,-0.8196201391117856,3.947399999999999,12,19,False
80,38,SUCCESS,0.092,84.5,77,3,4,0.0453917705847065,0.000792235767162,0.0,0.9999996861811954,-0.6187805449817724,-0.7855638975615292,-0.2372028082986911,0.0538899440661785,0.243247401499464,0.0,0.0,0.0,0.0,1.0,-0.6213589586030358,-0.7835260331116961,6.5403954284417285,12,19,False
80,70,SUCCESS,0.092,59.8,77,3,4,1.2074182697257331e-06,-1.895866430965036e-08,-9.95969114397565e-10,0.9999999999999998,0.4700161727708845,-0.8826578030776198,-0.2836973748438434,0.1050630885413739,0.3025267807436902,0.0,0.0,0.0,0.0,1.0,0.4700162164684986,-0.8826577798085945,4.628520199999999,12,19,False
52,85,SUCCESS,0.052,51.2,76,2,3,0.0,0.0,0.0,1.0,0.3899028574833542,0.9208559940220378,-0.050490994,0.0942848506863519,0.1069531371398506,0.0,0.0,0.0,0.0,1.0,0.3899028574833542,0.9208559940220378,3.962879999999995,13,19,False
52,86,SUCCESS,0.052,87.3,76,2,3,0.0,0.0,0.0,1.0,-0.3915912487681552,0.9201392796137968,-0.001213439,0.145844104227705,0.1458491521133681,0.0,0.0,0.0,0.0,1.0,-0.3915912487681552,0.9201392796137968,6.7570200000000025,13,19,False
86,85,SUCCESS,0.082,51.2,75,3,4,0.0,0.0,0.0,1.0,0.8927566468930775,-0.4505391985479497,-0.043689275,0.1051498277013028,0.1138650034718275,0.0,0.0,0.0,0.0,1.0,0.8927566468930775,-0.4505391985479497,3.962879999999995,14,19,False
86,57,SUCCESS,0.082,78.10000000000001,75,3,4,0.0097069431655854,-0.0001583214634084,6.030599375044004e-05,0.9999999856487506,-0.8481857379424036,-0.5296989276476782,-0.1386618040252814,0.1009226079075991,0.1715006375568806,0.0,0.0,0.0,0.0,1.0,-0.8480558989323006,-0.5299067769769767,6.044944042809771,14,19,False
86,51,SUCCESS,0.082,82.0,75,3,4,0.0180284568528233,-0.0003004653270711,-9.342879003092068e-05,0.9999999504958228,0.4710588257804095,-0.8821017983511779,-0.2278444315255363,0.1329371950037788,0.2637904145200647,0.0,0.0,0.0,0.0,1.0,0.4716216647199441,-0.8818010010012398,6.346814433464396,14,19,False
85,2,SUCCESS,0.056,56.1,74,3,4,0.0,-4.728141202734799e-10,-2.4981599765821636e-10,1.0,0.9154733740606495,-0.4023785548286707,-0.1664407390315517,0.0949412424969529,0.1916151328476807,0.0,0.0,0.0,0.0,1.0,0.915473374412918,-0.4023785540272058,4.342139999999967,15,19,False
85,51,SUCCESS,0.056,82.0,74,3,4,0.0,0.0,0.0,1.0,-0.4074331404373538,-0.9132350387897714,-0.188915123,0.076502068944469,0.2038172962505622,0.0,0.0,0.0,0.0,1.0,-0.4074331415275184,-0.9132350383034024,6.346800000000014,15,19,False
85,57,SUCCESS,0.056,78.10000000000001,74,3,4,0.0,0.0,0.0,1.0,-0.9994235626610306,-0.0339491148328356,-0.099146975,0.1795488256472711,0.2051046158499725,0.0,0.0,0.0,0.0,1.0,-0.9994235626629564,-0.033949114776144,6.044940000000033,15,19,False
57,51,SUCCESS,0.08,82.0,73,3,4,37.79036683618429,0.4117910863870873,-0.4537844381677757,0.7902580495312267,0.8105357613747601,-0.5856891492358709,0.0281958679450481,0.2109663649921189,0.2128422282517323,38.80858279371919,35.556216635773524,-0.5531243146234192,0.1794364463222094,0.8135453609379317,0.7954735303839325,-0.6059883352495514,57.70593204775304,16,19,False
57,93,SUCCESS,0.08,63.2,73,3,4,1.918617644847569e-05,3.345744831066399e-07,-1.6677899904000638e-08,0.999999999999944,0.6976859672428583,-0.7164037207555508,-0.1358026154900107,0.1610181682803499,0.2106399793255943,0.0534077169453462,2.642563911420757e-05,4.015452181830722e-07,-2.270552096635447e-07,0.9999999999998936,0.697701635312525,-0.7163884617176831,4.891687636976209,16,19,False
57,50,SUCCESS,0.08,63.0,73,3,4,70.0003676742852,-0.5950789388368105,0.7272602030431949,0.3420141131918775,0.5170345353670991,0.8559645373715712,-0.1407052924448303,0.1054580977155058,0.175839101725863,68.20636696707396,64.76238081584958,0.8560608969437626,-0.2921738496636286,0.4263732898489021,0.7391295962895089,-0.6735632411948469,67.57166601640542,16,19,False
70,39,SUCCESS,0.06,81.3,72,3,4,0.009145221120477,0.0001547982500935,3.89127313987426e-05,0.9999999872616504,0.6545346146180984,0.7560320352119597,-0.0507224822679926,0.0925689564702733,0.1055546394500128,0.0,0.0,0.0,0.0,1.0,0.6544620383209553,0.7560948620356975,6.292622246041833,17,19,False
70,38,SUCCESS,0.06,84.5,72,3,4,0.0,0.0,0.0,1.0,-0.8546221751427102,0.519250361342525,0.0426975139999999,0.097064468033664,0.1060405047915105,0.0,0.0,0.0,0.0,1.0,-0.854622174864935,0.5192503617997086,6.540299999999985,17,19,False
70,40,SUCCESS,0.06,82.8,72,3,4,0.0357929068197135,-0.0005524661143635,-0.0002916098768586,0.999999804872417,-0.6645542898705099,0.7472399854228241,-0.0226665774760327,0.1407726908270775,0.1425858485866426,0.0,0.0,0.0,0.0,1.0,-0.6643292978459853,0.7474400203517737,6.4087783985649365,17,19,False
39,106,SUCCESS,0.082,80.4,71,3,4,7.246541240326916,0.0844438958264764,0.0937032399173538,0.9920125660931106,0.7131557526700556,0.701005615122737,-0.0904660355366254,0.0472376879595817,0.1020563704502604,7.226611228637664,0.0166225828282477,0.0002036780868832,0.0002066014344665,0.9999999579155412,0.7429806386954457,0.6693129092761526,8.75056215359817,18,19,False
39,40,SUCCESS,0.082,82.8,71,3,4,0.0,0.0,0.0,1.0,-0.9748445758978944,0.2228857394326842,0.0278148092,0.1580632152136415,0.1604918802136306,0.0,0.0,0.0,0.0,1.0,-0.9748445760569808,0.2228857387368806,6.408719968583295,18,19,False
39,38,SUCCESS,0.082,84.5,71,3,4,0.0,0.0,0.0,1.0,-0.9908222566091748,-0.1351712092418448,0.092936736,0.1448574767498525,0.1721073080048252,0.0,0.0,0.0,0.0,1.0,-0.9908222566083208,-0.1351712092481043,6.540300168583334,18,19,False
113,112,SUCCESS,0.088,78.5,70,3,4,0.0558211919765527,-0.0004904442314643,-0.000841815717878,0.9999995254052638,-0.9053576060264736,0.4246499796420727,-0.028167892530631,0.1204322481362993,0.1236824828372245,0.0,0.0,0.0,0.0,1.0,-0.9051079513357344,0.4251818392509606,6.076034070391943,19,19,False
113,65,SUCCESS,0.088,75.1,70,3,4,0.0078625209714429,-0.000128418788453,-4.837179700836816e-05,0.999999990584392,0.4433062813205017,-0.8963702030644416,0.1106088127825024,0.1559412206113271,0.1911857048811581,0.0,0.0,0.0,0.0,1.0,0.4432530363202802,-0.8963965337911859,5.812742499559987,19,19,False
113,66,SUCCESS,0.088,83.4,70,3,4,0.0904421272794647,0.0005077036957562,0.0014946363686424,0.9999987541487654,0.8064265786325545,-0.5913342314419079,0.144352163608579,0.2105583956382273,0.2552888268456382,0.0,0.0,0.0,0.0,1.0,0.8068359495456462,-0.5907755500363698,6.455534638253263,19,19,False
112,65,SUCCESS,0.074,75.1,69,1,2,0.0,0.0,0.0,1.0,0.6820413485325577,-0.731313611860117,0.1393155288,0.2611564627030781,0.2959924231739857,0.0,0.0,0.0,0.0,1.0,0.6820413485325577,-0.731313611860117,5.8127400000000105,20,19,False
86,118,NEIGHBOR_KNOCKED,0.076,85.2,102,3,4,0.3035665902208977,-0.0003329961571438,-0.0052877368398103,0.9999859643778368,-0.1773438677970503,-0.9841489483583176,-0.0268565605052239,0.0771328493791087,0.0816746674037368,0.0443692020607445,0.000422003481075,2.78549651523127e-07,7.36009740426901e-06,0.9999999999728758,-0.1779464060016091,-0.9840401803743132,6.599022745251432,1,20,True
86,85,NEIGHBOR_KNOCKED,0.076,53.8,102,3,4,0.0,4.3109275011205255e-11,0.0,1.0,0.6072882517067467,0.7944815789802574,-0.0937306447013619,0.0474643950066864,0.1050633263773982,0.0,0.0,0.0,0.0,1.0,0.6072882518991769,0.7944815788331671,4.164119986727735,1,20,False
86,0,NEIGHBOR_KNOCKED,0.076,86.8,102,3,4,4.452086854992585,-0.0769426721846952,0.0102727095062625,0.9969825959546528,-0.6733121930687398,-0.7393582965416458,-0.0922016288542959,0.0927567883045524,0.1307859401463356,4.452222080511304,8.025012863800454,-0.1381884788124032,0.0198396297349339,0.9902072174123429,-0.7295266676488054,-0.6839523676318618,7.482416453490332,1,20,False
104,85,SUCCESS,0.054,53.8,101,3,4,0.0,0.0,0.0,1.0,-0.8230570730860391,-0.5679586731823384,-0.0315432526999999,0.1599388719623382,0.1630196906986431,0.0,0.0,0.0,0.0,1.0,-0.8230570730860391,-0.5679586731823384,4.1641200000000005,2,20,False
104,103,SUCCESS,0.054,82.0,101,3,4,0.2038921893377239,-0.0035525559535207,-0.0002070161684002,0.999993668225206,-0.9970369881577008,0.0769236260548101,0.1426762786387785,0.1749906456198302,0.2257836277072706,0.0,0.0,0.0,0.0,1.0,-0.9970570582509464,0.0766630458041486,6.3486736612313575,2,20,False
104,11,SUCCESS,0.054,82.60000000000001,101,3,4,0.1224059802630776,-0.0005933964127087,-0.0020523218046639,0.99999771792535,-0.9921735243217747,-0.1248667194848528,-0.0141958401044776,0.1881024382899503,0.1886373482820845,0.0,0.0,0.0,0.0,1.0,-0.9922532955420024,-0.1242312258896111,6.393920913045974,2,20,False
11,85,SUCCESS,0.082,53.8,100,3,4,0.0,0.0,0.0,1.0,0.6314925588353162,-0.7753819369418047,-0.0127303643,0.0870240879819004,0.0879502931450047,0.0,0.0,0.0,0.0,1.0,0.6314925588353162,-0.7753819369418047,4.1641200000000005,3,20,False
11,10,SUCCESS,0.082,53.6,100,3,4,0.0,0.0,-1.6680994979367282e-11,1.0,0.4145405145395783,0.9100308576115766,-0.0785655530007043,0.0463942044877348,0.0912412643947695,3.814768889257954,0.0,-3.529611717822384e-13,6.382847101308682e-12,1.0,0.4170653472720597,0.9088765021194224,4.149241525073673,3,20,False
11,103,SUCCESS,0.082,82.0,100,3,4,34.92761987125995,-0.5529252379165548,-0.1485835446029226,0.8198759732716604,0.7633336295180178,0.6460044659650965,0.1246508873321092,0.0863657482607318,0.1516472425905539,0.0,0.0,0.0,0.0,1.0,0.3048922154981688,0.9523868630596592,26.77338663434578,3,20,False
0,118,APPROACH_BLOCKED,0.088,85.2,99,3,4,4.00455336570039e-06,-2.649336542780878e-09,-7.000323144272219e-08,0.9999999999999976,0.9897952246149307,-0.1424970642837219,0.0694022062020619,0.0444534870998688,0.0824183155679108,37.654885855592845,0.2717247968354406,-0.0047421364036571,5.663509880416372e-05,0.9999887544041656,0.9859816329195612,-0.1668538868150099,6.826514833523353,4,20,True
0,119,APPROACH_BLOCKED,0.088,81.4,99,3,4,30.121388107442808,-0.5017984703365248,-0.0059426050687296,0.8649641499003996,-0.9901501937244604,-0.1400092635057186,-0.0752535005785771,0.0708722725378503,0.1033729576050199,29.175992665417,0.0151768486027767,-0.0001289128768673,-0.0002314001946032,0.9999999649177096,0.3712490783347835,-0.9285333175689356,26.26096968380372,4,20,False
0,85,APPROACH_BLOCKED,0.088,53.8,99,3,4,0.0,0.0,0.0,1.0,0.6290040659378209,0.7774020099238808,-0.0088627506248025,0.137484264055906,0.1377696309483027,0.0,0.0,0.0,0.0,1.0,0.629004067637517,0.777402008548639,4.16412033685,4,20,False
119,84,GRASP_FAILED,0.078,61.2,99,3,4,3.818191820832846e-06,6.571427376326365e-08,5.550459442367147e-09,0.9999999999999978,-0.1034276095854623,0.9946369838164258,-0.0232297901677079,0.1068749292406575,0.1093703508791632,0.0,0.0,0.0,0.0,1.0,-0.1034276452311342,0.9946369801098,4.7368800000004665,5,20,False
119,82,GRASP_FAILED,0.078,86.5,99,3,4,0.3358815739721698,-0.0058622057453271,6.893566295096812e-07,0.9999828171240366,-0.8829813517767656,0.4694080659878735,0.0002916464322707,0.1300574041958124,0.1300577311957823,0.0130154278942695,5.882370310592046e-05,1.0266888180537526e-06,-7.644354126342949e-11,0.999999999999473,-0.882487536875596,0.4703357813937227,6.700448912252792,5,20,False
119,0,GRASP_FAILED,0.078,86.8,99,3,4,1.264611733466131,-0.0111552843732522,-0.0190430500378715,0.9997564312750415,0.6834919337728075,0.7299580648691458,0.1087380300964287,0.024952995027966,0.111564381189148,31.208000012280767,0.0573753127635065,0.0008333708991697,-0.0005552213706114,0.9999994986109614,0.6170486106331229,0.786925035893339,6.412904795134287,5,20,False
82,84,SUCCESS,0.092,61.2,99,3,4,0.0,0.0,0.0,1.0,0.9162442895193664,0.4006200218700403,-0.0189326910999999,0.1129544062338059,0.1145301038151965,0.0,0.0,0.0,0.0,1.0,0.9162442895193664,0.4006200218700403,4.736880000000002,6,20,False
82,119,SUCCESS,0.092,81.4,99,3,4,36.637283382823135,-0.0766664234911227,-0.5918018486547775,0.8024293311176179,0.9069852396194452,-0.4211624094247463,0.042800312182931,0.139600771968217,0.1460145275548926,36.63055610752036,41.527185485971216,-0.1023724921189922,-0.6550237919993996,0.7486412390271285,0.9078308798349548,-0.4193364921135434,7.712780939056905,6,20,False
82,0,SUCCESS,0.092,86.8,99,3,4,0.0001269713841899,-1.8442489243082773e-06,1.22871893916987e-06,0.9999999999975444,0.9439167020687348,-0.3301836754833339,0.1105563242454068,0.1350812599458189,0.1745555717220319,0.0,0.0,0.0,0.0,1.0,0.9439167843609968,-0.3301834402292086,6.718320000695085,6,20,False
99,84,SUCCESS,0.082,61.2,98,3,4,39.75076488975823,0.1106585917267901,0.6298015875367085,0.76883329559358,0.4707689513254284,-0.8822565355201151,0.1575798560825934,0.036512598344706,0.1617546935358992,0.0,0.0,0.0,0.0,1.0,0.5135391971599531,0.8580661355515149,22.454594862077204,7,20,False
99,119,SUCCESS,0.082,81.4,98,3,4,46.66233951381433,0.343926304160863,-0.6408679397026295,0.6862965693980674,0.1264992034421567,0.99196670888115,0.1827380950634388,0.0668862255310691,0.1945943949686307,46.45347494108929,44.471622169082224,0.476950044974162,0.5131249795061378,0.7135975126119559,0.0351385394199077,-0.9993824508402354,57.103289397638704,7,20,False
99,0,SUCCESS,0.082,86.8,98,3,4,0.0,0.0,0.0,1.0,0.8170942993130381,-0.5765040381733119,0.2738020971918382,0.0669355517825519,0.2818651388857506,0.0,0.0,0.0,0.0,1.0,0.8170942993130382,-0.5765040381733116,6.71832,7,20,False
63,16,SUCCESS,0.076,75.2,97,3,4,0.0048570776796665,-4.767241739942866e-05,7.00973059773187e-05,0.9999999964068542,-0.9625122555904988,0.2712381939146674,-0.0040653680240489,0.1375439042216088,0.1376039708936267,0.0,0.0,0.0,0.0,1.0,-0.962517300553962,0.2712202907865009,5.820480957662682,8,20,False
63,65,SUCCESS,0.076,83.4,97,3,4,0.0862522492998112,-0.0004516801962042,0.0014360255942381,0.9999988669071046,-0.3805734132439172,0.9247507108036602,-0.1128771562586187,0.0727653590702805,0.1342983614407097,0.0,0.0,0.0,0.0,1.0,-0.3808372236605373,0.9246420978273344,6.455499886268751,8,20,False
63,64,SUCCESS,0.076,80.4,97,3,4,0.0895758598971727,0.0002703222504677,-0.0015398453511196,0.999998777900341,-0.771946707357197,0.63568725093428,-0.0681957605301075,0.134954271831532,0.1512062076763345,0.0,0.0,0.0,0.0,1.0,-0.7714015002389694,0.6363487451304255,6.223309696345392,8,20,False
15,64,NEIGHBOR_KNOCKED,0.078,80.4,96,3,4,0.0205207254180146,-0.0003525048434684,6.336227172412609e-05,0.9999999358627768,0.9909520818765274,-0.1342161369753131,-0.0123697863129898,0.0995998427575859,0.1003650352003369,41.532541009283456,0.0600484583159361,0.001046658706757,-5.385095734285864e-05,0.9999994508026622,0.9891586870445912,-0.1468505765879738,8.133372766625934,9,20,False
15,16,NEIGHBOR_KNOCKED,0.078,75.2,96,3,4,0.0,0.0,0.0,1.0,0.7509519597302688,-0.660356838517834,0.0524318742352973,0.0939368052164026,0.1075789236332583,0.0,0.0,0.0,0.0,1.0,0.7509519597659258,-0.6603568384772852,5.820479951803757,9,20,False
15,65,NEIGHBOR_KNOCKED,0.078,83.4,96,3,4,0.0,0.0,0.0,1.0,0.9834703722614032,-0.1810691218402993,-0.0577493017647026,0.1782538385624717,0.1873750592169791,25.833462406928,0.1347512302190801,-0.002297535705322,0.0005025239472799,0.9999972343958584,0.9846748924742232,-0.17439998890733,6.677031396848316,9,20,False
64,16,APPROACH_BLOCKED,0.078,75.2,95,3,4,0.0,0.0,0.0,1.0,-0.4273872538605463,-0.904068656263196,0.0654678023001491,0.0532826960740633,0.0844101820809102,0.0,0.0,0.0,0.0,1.0,-0.4273872538605463,-0.904068656263196,5.820479999999996,10,20,True
64,65,APPROACH_BLOCKED,0.078,83.4,95,3,4,0.0007723580133259,1.316888966857545e-05,-2.880245645964312e-06,0.9999999999091422,0.9785067161472204,-0.2062149520640631,-0.0454948352542533,0.0813776495749396,0.0932314425778842,42.04940062534853,0.2843205488435094,-0.0049566470367983,0.000236989793478,0.9999876876671984,0.9716914546363142,-0.236253501533339,11.453012348544933,10,20,True
64,110,APPROACH_BLOCKED,0.078,80.3,95,3,4,0.0526970043911956,-0.000914342297976,9.946185715309832e-05,0.9999995770426612,-0.8272393698817138,-0.561849646184551,-0.1015817059306762,0.2110716475051496,0.2342436410243072,0.0,0.0,0.0,0.0,1.0,-0.8270053179129777,-0.5621940982824836,6.215340979661994,10,20,False
113,25,NEIGHBOR_KNOCKED,0.092,84.8,95,3,4,3.1705510317392527,-0.0081645107638749,-0.0547023834954636,0.9984693235167028,0.9955577296106092,0.0941531041047986,-0.0356991206031049,0.0875768570786279,0.0945734270691585,38.64518545913143,3.459050886611186,-0.0158190402776857,-0.0582244752784942,0.9981781746979028,0.99670336185723,0.0811320433768051,7.890083960552192,11,20,True
113,111,NEIGHBOR_KNOCKED,0.092,52.2,95,3,4,6.541850685337398,0.0164150591047116,0.1127401647411356,0.9934889033546024,0.8032791160136113,0.5956027718004604,-0.0622228778235723,0.1198056616865386,0.1350003077655623,25.441186552282524,8.962445068544987,0.0393744584379625,0.1507290785307866,0.9877906645175268,0.8016880608605309,0.5977426311328994,4.110635912233952,11,20,False
113,112,NEIGHBOR_KNOCKED,0.092,51.1,95,3,4,0.0,1.4122592119009068e-12,0.0,1.0,0.9491603821839882,0.3147928984147284,-0.1560348694846948,0.1531332839113325,0.2186245254690665,0.0,0.0,0.0,0.0,1.0,0.9491603822530568,0.3147928982064738,3.9551404935235928,11,20,False
35,34,SUCCESS,0.074,52.7,94,3,4,0.0,-3.4125912356146744e-12,-1.1267035310209111e-11,1.0,-0.9832480986536464,-0.1822722592551847,0.0813178225904263,0.0655787298042328,0.1044660618267225,0.0,0.0,0.0,0.0,1.0,-0.9832480986521556,-0.1822722592632273,4.078979999999996,12,20,False
35,110,SUCCESS,0.074,80.3,94,3,4,0.0,0.0,0.0,1.0,-0.8128074103837493,0.5825325000592358,0.0576708839200716,0.1523934633344783,0.1629407822468009,0.0,0.0,0.0,0.0,1.0,-0.8128074117197598,0.5825324981951007,6.215220030000038,12,20,False
35,45,SUCCESS,0.074,51.4,94,3,4,0.0,2.777696292906509e-13,-8.117414507853918e-14,1.0,-0.996341721367386,-0.0854586114015117,-0.0222792034099972,0.2551187417339586,0.2560897016447602,0.0,0.0,0.0,0.0,1.0,-0.9963417213702505,-0.0854586113681156,3.978360000000015,12,20,False
111,25,NEIGHBOR_KNOCKED,0.052,84.8,93,3,4,4.615250494406008,-0.0203195978112181,-0.0778563236485441,0.9967574964918616,-0.2516013076277289,-0.9678309676797994,0.0370772898967843,0.0550148178794968,0.066342713333149,0.9087618837412532,0.0086206610004876,3.61423814282031e-05,0.0001460534635223,0.999999988681057,-0.2523891853292999,-0.9676258053239448,7.546555527905054,13,20,True
111,112,NEIGHBOR_KNOCKED,0.052,51.1,93,3,4,0.0,0.0,0.0,1.0,0.9483177124649064,-0.3173224168339313,-0.0843370068750592,0.051068712075192,0.0985938338927067,0.0,0.0,0.0,0.0,1.0,0.9483177124048866,-0.3173224170133,3.9551401413491503,13,20,False
111,47,NEIGHBOR_KNOCKED,0.052,60.0,93,3,4,0.0,-5.121739389499633e-09,-5.933378110158094e-09,1.0,0.9918046491871564,-0.1277636014314781,-0.045294320562571,0.1822229019139681,0.1877678392514878,0.0,0.0,0.0,0.0,1.0,0.991804649506758,-0.1277635989504704,4.644000241349153,13,20,False
112,25,SUCCESS,0.048,84.8,92,2,3,8.178866340767395e-05,-3.428808417862933e-07,-1.3856014032385137e-06,0.9999999999989811,-0.8655545557493445,-0.5008146473712154,0.1118133610828992,0.0716483393349051,0.1327995189980164,0.0,0.0,0.0,0.0,1.0,-0.86555409956238,-0.5008154357952216,6.563520000309889,14,20,False
112,47,SUCCESS,0.048,60.0,92,2,3,0.0,0.0,0.0,1.0,0.9985726854055466,-0.0534096616910776,0.037664967,0.1324892608556276,0.1377390793536156,0.0,0.0,0.0,0.0,1.0,0.9985726853990874,-0.0534096618118422,4.6439999000000105,14,20,False
68,69,SUCCESS,0.066,77.0,91,3,4,0.001887362573937,3.294069057052354e-05,0.0,0.9999999994574554,-0.9328671837154604,-0.3602205123903764,-0.0355015378471957,0.0766566353565727,0.0844783932950102,0.0,0.0,0.0,0.0,1.0,-0.9328716085634268,-0.3602090531015071,5.959800151101301,15,20,True
68,89,SUCCESS,0.066,51.3,91,3,4,21.739990203643703,-0.2080283971346209,-0.306458421959264,0.9288742765282276,-0.7868850819866534,-0.6170995606438704,-0.0590711708178585,0.1281265210367972,0.1410879463837555,21.640523953690707,22.94871761385436,-0.2048626220898589,-0.3317511644595946,0.9208542072175,-0.774097687980665,-0.633066165154156,4.0783860298131,15,20,False
68,87,SUCCESS,0.066,55.2,91,3,4,0.0,0.0,1.0558369825267112e-10,1.0,-0.9350041132101796,-0.3546368681906128,-0.041868304105686,0.1518565540951617,0.1575225949200399,0.0,0.0,0.0,0.0,1.0,-0.935004113193278,-0.3546368682351737,4.272479999999981,15,20,False
38,37,SUCCESS,0.086,76.39999999999999,90,3,4,2.045496267426006e-05,-3.570569335437156e-07,0.0,0.9999999999999364,-0.9957564983043816,0.0920271486279773,-0.0788357636665556,0.062835829534191,0.1008137843062094,0.0,0.0,0.0,0.0,1.0,-0.995756492416245,0.0920272123390501,5.913359999962197,16,20,False
38,36,SUCCESS,0.086,65.19999999999999,90,3,4,4.463366618237087e-05,-6.859264175735707e-07,3.695102955505611e-07,0.9999999999996966,0.5613882922576754,0.8275525272247141,-0.1377190340626154,0.0486278581857541,0.1460520487185087,0.0,0.0,0.0,0.0,1.0,0.5613905986792332,0.8275509626086915,5.046479800071284,16,20,False
38,39,SUCCESS,0.086,56.1,90,3,4,0.0,-1.425807613336283e-10,8.91220309378844e-10,1.0,-0.2695510393018205,0.9629861043708308,0.0963965192596268,0.2976369695942157,0.312857882423633,0.0,0.0,0.0,0.0,1.0,-0.2695510390187258,0.9629861044500722,4.342140000000045,16,20,False
87,69,NEIGHBOR_KNOCKED,0.056,77.0,89,2,3,0.0,0.0,0.0,1.0,0.9371437291592586,0.3489435927158976,0.0029944818999999,0.0752002353611478,0.075259832050181,11.952902264887598,0.004468205108277,7.731472275264744e-05,1.0201803569768377e-05,0.9999999969591784,0.9371869897979428,0.3488273873328627,5.973630338728586,17,20,True
87,89,NEIGHBOR_KNOCKED,0.056,51.3,89,2,3,26.02411389439393,-0.2361349147470682,-0.3697855067367672,0.8986094708185682,0.9189879758866284,-0.3942855566411202,-0.0665078458692593,0.0455055281460113,0.0805856479406636,26.01376120737085,36.228126197891406,-0.1646752454008721,-0.5675959013854489,0.8066702896987111,0.8058924127374633,-0.5920620061211412,8.226518041160409,17,20,False
52,50,SUCCESS,0.084,84.0,88,3,4,0.1269635544839867,-0.0022159302422579,0.0,0.9999975448235668,-0.9532178454460196,0.3022842025697811,-0.0730089758052994,0.1027011763634369,0.1260073100045096,0.0,0.0,0.0,0.0,1.0,-0.9529784642416388,0.3030380284578939,6.502341670189404,18,20,False
52,51,SUCCESS,0.084,87.1,88,3,4,0.0059736126011253,-9.803575710218224e-05,3.548200754840597e-05,0.9999999945650088,-0.9010978881433644,0.4336157238656928,-0.1487553700215463,0.1501460724472524,0.2113575245445089,0.0,0.0,0.0,0.0,1.0,-0.9010918512896324,0.4336282688425915,6.7415416136712665,18,20,False
52,36,SUCCESS,0.084,65.19999999999999,88,3,4,0.0,0.0,1.868412098444723e-16,1.0,-0.9818217173806638,0.1898054669383466,-0.0444902138993265,0.2845772894283659,0.2880340479721169,0.0,0.0,0.0,0.0,1.0,-0.9818217173300258,0.1898054672002862,5.046480000000035,18,20,False
89,69,NEIGHBOR_KNOCKED,0.05,77.0,87,1,2,1.7075472925031875e-06,2.8858922665831264e-08,3.807981446756861e-09,0.9999999999999996,0.4931104042144147,0.8699667403156839,0.0583442859513204,0.025560089545338,0.0636975186387597,32.621927093956764,0.0096961899616291,-0.0001615201455473,-5.049934776431382e-05,0.9999999856805292,0.6115253957843675,0.7912248039026408,6.985312995636133,19,20,True
36,37,SUCCESS,0.062,76.39999999999999,86,3,4,0.0,0.0,0.0,1.0,-0.9337117446280444,-0.3580256665989935,0.067242444,0.0962485187929173,0.1174109179119374,0.0,0.0,0.0,0.0,1.0,-0.9337117446280444,-0.3580256665989935,5.913359999999999,20,20,False
36,51,SUCCESS,0.062,87.1,86,3,4,0.0,0.0,0.0,1.0,0.9970557454471118,0.0766801178331394,-0.107670849,0.1445529025414408,0.1802458137032206,0.0,0.0,0.0,1.3986276557818151e-16,1.0,0.9970557454308414,0.0766801180447004,6.74154000000003,20,20,False
36,50,SUCCESS,0.062,84.0,86,3,4,0.0,0.0,0.0,1.0,0.9921107771421884,-0.1253642926766749,-0.0316456319,0.1832210879954467,0.1859338944479611,0.0,0.0,0.0,0.0,1.0,0.9921107771078774,-0.1253642929482054,6.50160010000001,20,20,False
51,50,APPROACH_BLOCKED,0.086,84.0,85,3,4,0.0,0.0,0.0,1.0,0.7416244118241622,-0.6708153485024517,0.076505097,0.0507646638915202,0.0918154723725714,2.087310231979703,0.0163443032822165,-0.0001053026570945,0.0002651145097613,0.9999999593128228,0.7429744422158573,-0.6693197877054256,6.503187858328427,21,20,True
51,28,APPROACH_BLOCKED,0.086,52.3,85,3,4,0.0,1.623030643839345e-12,6.035237585705992e-12,1.0,0.993311040327651,-0.1154693775994291,-0.0477489758997612,0.260833079953147,0.265167607933776,0.0,0.0,0.0,0.0,1.0,0.993311040308218,-0.1154693777665993,4.048019583716312,21,20,False
51,37,APPROACH_BLOCKED,0.086,76.39999999999999,85,3,4,0.0,0.0,0.0,1.0,-0.9815803079404594,-0.1910499910063149,0.176569653,0.2383866832974339,0.2966564564173372,0.0,0.0,0.0,0.0,1.0,-0.9815803079905256,-0.1910499907490837,5.913359983716431,21,20,False
28,29,SUCCESS,0.048,86.5,85,2,3,5.314814657377945,-0.0533172369136867,-0.0757444828599515,0.995700781140684,0.9978281326423672,-0.0658712206312166,-0.0790550323279674,0.0837606712146699,0.1151761615036202,5.227990826342362,6.187700693952854,-0.05869821545,-0.0904009376625199,0.9941741245741224,0.9959911363242492,-0.0894519779743944,6.750397236146911,22,20,False
28,5,SUCCESS,0.048,60.400000000000006,85,2,3,12.549767799054244,0.1253246975446179,0.1775038071533746,0.976107636806212,0.8754472839827572,0.4833136176099464,-0.0591885924884871,0.1549219067406272,0.1658435608304398,12.668974148359265,14.613174160575577,0.1374339724020412,0.2115728846564671,0.967651185969374,0.8658367667081519,0.5003265867574633,4.881279917980211,22,20,False
100,41,NEIGHBOR_KNOCKED,0.068,54.0,84,3,4,13.334672782681132,0.190579166205568,-0.1298990133646936,0.9730394790219304,0.9224010550997052,-0.3862334702624184,-0.0481829075393416,0.0567294479940813,0.0744299862196543,50.38510251973314,0.0,9.292465361482509e-11,-3.174635777576095e-11,1.0,0.9410664726036598,-0.3382216642104776,9.174616004965944,23,20,False
100,18,NEIGHBOR_KNOCKED,0.068,58.7,84,3,4,0.0,1.6133567728397652e-09,7.2986760276548604e-09,1.0,-0.3851778331931599,-0.9228423683471746,0.0972543402995326,0.0967774821888045,0.1372016317902294,0.0,0.0,0.0,0.0,1.0,-0.3851778340261374,-0.9228423679995048,4.543379669229482,23,20,False
100,8,NEIGHBOR_KNOCKED,0.068,83.5,84,3,4,0.2283097680626583,-0.0020146865564,-0.0034379126982514,0.9999920608656644,-0.5098355297736012,-0.8602718945661723,-0.0557295377777495,0.1275115938265867,0.1391581400462008,0.0,0.0,0.0,0.0,1.0,-0.5098522494950751,-0.8602619854932635,6.4652854572751215,23,20,False
8,17,SUCCESS,0.078,74.89999999999999,83,3,4,0.0052953370044327,-2.8373867450682395e-05,-8.795781405680174e-05,0.9999999957291732,-0.788232060233227,0.615378110774573,0.0660396569251602,0.0732367058517336,0.0986146610337743,0.0,0.0,0.0,0.0,1.0,-0.7882491081953279,0.6153562735759425,5.797261137158393,24,20,False
8,41,SUCCESS,0.078,54.0,83,3,4,0.0,0.0,0.0,1.0,0.710627765243591,0.7035681766999555,0.0033270838999999,0.1383029611379041,0.1383429743311537,0.0,0.0,0.0,0.0,1.0,0.7106277652435911,0.7035681766999555,4.179599999999981,24,20,False
8,18,SUCCESS,0.078,58.7,83,3,4,19.36806925700413,0.1112424364931518,-0.3124214714191505,0.9434076237339616,0.2500862963891479,0.9682235508178674,0.1471006917364551,0.0598640075043658,0.1588153421550524,0.0,0.0,0.0,0.0,1.0,0.8085995280983681,0.588359416648613,11.388622862396854,24,20,False
40,41,SUCCESS,0.048,54.0,82,2,3,0.0,0.0,0.0,1.0,-0.9907424804438716,0.1357546958448385,-0.0082402439,0.0849801948154018,0.0853787744723191,0.0,0.0,0.0,0.0,1.0,-0.9907424804438716,0.1357546958448385,4.179600000000002,25,20,False
40,107,SUCCESS,0.048,62.5,82,2,3,3.91248236030638e-06,-5.3204474611882456e-08,4.311138057031762e-08,0.9999999999999976,0.211319526373674,-0.9774170337032224,-0.1084017815141512,0.183851211504922,0.2134296469735855,0.0,0.0,0.0,0.0,1.0,0.2113195607275406,-0.9774170262758468,4.8375002000009,25,20,False
48,6,APPROACH_BLOCKED,0.066,45.3,81,3,4,0.0,5.378387144308881e-16,2.2858145363312745e-15,1.0,0.9064130699597688,0.4223924083196892,0.0413160336000033,0.0501517500853542,0.0649785554553225,0.2995207625275842,0.0,2.090427815854427e-16,1.3876659018812552e-15,1.0,0.906393662952938,0.4224340513722301,3.506271333050599,26,20,False
48,5,APPROACH_BLOCKED,0.066,60.400000000000006,81,3,4,16.929284586105013,0.1583402257221533,0.2443781596792091,0.9566648775773366,-0.789287753929258,0.6140234861121414,0.054239274513013,0.0886623410918033,0.1039370464636034,17.163539835633497,19.531510534397302,0.1818207574633896,0.2805611681507644,0.9424577672666916,-0.7982437593008738,0.6023345422082391,4.988826756884951,26,20,False
48,29,APPROACH_BLOCKED,0.066,86.5,81,3,4,7.10873994182626,-0.067294226261594,-0.1038568923895546,0.9923130720770728,-0.989312431486401,0.1458112235270831,0.0640758761473029,0.0967900027306962,0.1160776573361673,6.946654075037302,8.082384926257623,-0.0764598614443769,-0.1179888308588981,0.990066929747912,-0.9892921204136912,0.1459489653522161,6.762815991976651,26,20,False
55,54,SUCCESS,0.086,56.6,81,3,4,0.0,3.5044778698068234e-10,-2.555283339504783e-10,1.0,-0.89469920917156,0.4466691450142769,-0.1995271764171442,0.0871690901340291,0.2177373289167309,0.0,0.0,0.0,0.0,1.0,-0.894699209085949,0.4466691451857599,4.380839999999997,27,20,False
55,53,SUCCESS,0.086,84.6,81,3,4,0.0847510340537011,-0.0014485299110317,-0.0002995772832163,0.9999989060066756,-0.9955768297815158,0.0939509233705903,-0.1704307253278811,0.1460279911633062,0.2244344143374146,0.0,0.0,0.0,0.0,1.0,-0.9955153469420118,0.0946001797193099,6.548372206748572,27,20,False
55,21,SUCCESS,0.086,62.4,81,3,4,4.353408482428142e-06,-4.399425257093614e-08,6.051750083583566e-08,0.9999999999999972,0.040760445016305,0.9991689477371046,-0.0316152323370095,0.1830940006688917,0.1858034875793864,0.0,0.0,0.0,0.0,1.0,0.0407604620627565,0.9991689470417054,4.829760300000677,27,20,False
80,81,APPROACH_BLOCKED,0.056,90.9,80,3,4,0.3247970090224372,-0.0056687468470534,0.0,0.99998393252551,-0.9116350864815777,-0.4110005706756704,0.0670722967166605,0.0467946189670303,0.0817828181901144,0.0,0.0,0.0,0.0,1.0,-0.9119448346397668,-0.4103128301355547,7.040873070183928,28,20,True
80,79,APPROACH_BLOCKED,0.056,76.39999999999999,80,3,4,5.672194842103942,0.0205832646056786,-0.0966698057617596,0.9951036518233446,0.3772549421269263,-0.9261094474417207,0.1472179120944658,0.0613893925905045,0.1595047684681713,0.0,0.0,0.0,0.0,1.0,0.355145410033386,-0.9348110706085044,7.139020594959268,28,20,False
80,114,APPROACH_BLOCKED,0.056,88.3,80,3,4,0.5852635180624679,0.0010699443924804,-0.010158406670979,0.9999478296355784,0.989348223664756,0.1455681707358848,-0.1253460296265375,0.1176461602575659,0.1719076675616469,0.0,0.0,0.0,0.0,1.0,0.9870166173381242,0.1606181717565199,6.85098958382402,28,20,False
54,53,SUCCESS,0.054,84.6,80,1,2,0.0,0.0,0.0,1.0,-0.936340443095114,-0.3510933987195507,0.024555813,0.0716354189276287,0.0757272817221629,0.0,0.0,0.0,0.0,1.0,-0.9363404430942016,-0.3510933987219842,6.548040000000061,29,20,True
44,45,SUCCESS,0.056,54.2,94,3,4,0.0,-7.876839590286392e-11,-1.5631454141931538e-11,1.0,0.8817953881996616,0.4716321589436069,-0.0237346530075175,0.0978472048055254,0.1006847021232208,0.0,17.73402997801591,0.2421812407447938,-0.18473952388689,0.9524807373093472,0.9462859316017734,0.3233310001415948,10.982788547389776,1,21,False
44,46,SUCCESS,0.056,49.8,94,3,4,0.0,-8.199642800801883e-13,-3.368409348658769e-13,1.0,0.7804000271982864,0.6252805750612391,0.0340250923099221,0.0914949015396483,0.0976167194411319,0.0,0.0,0.0,0.0,1.0,0.7804000271982766,0.6252805750612512,3.854520010000015,1,21,False
44,10,SUCCESS,0.056,57.0,94,3,4,0.0,-1.912309508458386e-09,3.9220377772304e-10,1.0,-0.4542501690849704,-0.8908741683797302,0.1479074409429309,0.0826768027513402,0.1694463478493137,0.0,0.0,0.0,0.0,1.0,-0.4542501748140656,-0.8908741654585066,4.4117998999999966,1,21,False
111,112,SUCCESS,0.08,54.5,93,3,4,56.72632807698954,-0.1546683726622794,0.8216284286836271,0.5486386968459993,0.4539399269283883,-0.8910322905149116,0.0677429597491273,0.1306364639614247,0.1471563600797346,40.08231567705815,0.0,1.2086529575735002e-10,-7.1723198040673385e-12,1.0,0.8712663339878148,-0.4908105288799675,29.561804027865797,2,21,False
111,48,SUCCESS,0.08,72.4,93,3,4,0.0058124789470494,0.0001009779227631,-9.743290821637664e-06,0.9999999948542636,-0.9377203689379856,0.3473910040268866,-0.1832077358789949,0.0990083456189884,0.2082491944477016,0.0,0.0,0.0,1.682603160477843e-16,1.0,-0.937740792965924,0.3473358680119868,5.603761774412591,2,21,False
111,47,SUCCESS,0.08,57.6,93,3,4,0.0,1.608822867428266e-09,4.758290592544802e-10,1.0,-0.9610705434166212,0.2763031135852079,-0.2596894367443114,0.1071736974071553,0.2809355886542291,0.0,31.380689606346547,-0.4384304958578184,-0.2809448856298566,0.8537263446446377,-0.9594807970168334,-0.2817740232099869,19.42736277504143,2,21,False
48,47,SUCCESS,0.072,57.6,92,3,4,35.873050293183475,-0.5239136308697852,-0.2624886423919478,0.8103173575853294,-0.8543980057013109,-0.5196191373050293,-0.0483553188955143,0.0695423078291053,0.0847016495924662,35.85728862464109,0.0,-2.8084089043087142e-09,2.6388248715013628e-11,1.0,-0.9172458763860336,-0.3983214810336208,21.987189044208783,3,21,False
48,93,SUCCESS,0.072,60.400000000000006,92,3,4,1.7075472925031875e-06,-1.3934991795642609e-08,2.574288294015305e-08,0.9999999999999996,0.9833453294092628,-0.1817469755704014,-0.0785266347303126,0.0941328582726096,0.1225864077646422,0.0,0.0,0.0,0.0,1.0,0.9833453245767956,-0.1817470017165519,4.674959957786558,3,21,False
48,92,SUCCESS,0.072,53.6,92,3,4,0.0,3.213945635405223e-11,6.961494328197004e-12,1.0,-0.0218813420787777,-0.999760574772196,-0.1463528950002264,0.0295518416551889,0.149306668371378,0.0,0.0,0.0,0.0,1.0,-0.0218813413394688,-0.9997605747883768,4.148639957786415,3,21,False
93,47,SUCCESS,0.064,57.6,91,2,3,0.0,0.0,0.0,1.0,-0.9890761375184948,0.147405543286186,0.0060960555999999,0.0993301084449253,0.0995169952197057,0.0,0.0,0.0,0.0,1.0,-0.9890761375184948,0.147405543286186,4.458240000000002,4,21,False
93,92,SUCCESS,0.064,53.6,91,2,3,0.0,0.0,0.0,1.0,-0.9912165171838256,-0.1322490682839273,-0.066773622,0.0940377211074192,0.1153334712304959,0.0,0.0,0.0,0.0,1.0,-0.9912165171838256,-0.1322490682839273,4.148640400000014,4,21,False
92,47,SUCCESS,0.046,57.6,90,1,2,0.0,0.0,0.0,1.0,-0.1827496831975762,0.9831594750045312,0.072250478,0.0275420318762377,0.0773220220318906,0.0,0.0,0.0,0.0,1.0,-0.1827496831975762,0.9831594750045312,4.458240000000002,5,21,False
28,4,SUCCESS,0.08,76.2,89,3,4,0.0037939275275506,5.708170234230884e-06,-6.597003325098365e-05,0.9999999978076858,-0.7902647924975729,0.6127654997947978,-0.0664280348940461,0.1214527803547362,0.1384321554978481,0.0,0.0,0.0,0.0,1.0,-0.7902378427893805,0.6128002544251971,5.897880569657462,6,21,False
28,5,SUCCESS,0.08,93.0,89,3,4,0.6478367463013063,0.008841210822271,-0.0070479198562665,0.9999360778654284,-0.9916322403799468,0.1290949256905441,-0.0605048906674247,0.1754722112913443,0.1856107182523445,0.0,0.0,0.0,0.0,1.0,-0.9911479113664624,0.1327622604278012,7.219613135433764,6,21,False
28,115,SUCCESS,0.08,51.5,89,3,4,0.0,-6.609056114158397e-12,0.0,1.0,-0.391806627601495,-0.9200475892950012,-0.048160503321272,0.1982603486750034,0.2040259785833466,0.0,0.0,0.0,0.0,1.0,-0.3918066274174865,-0.9200475893733624,3.986100000000029,6,21,False
115,116,SUCCESS,0.054,86.5,88,2,3,5.82501163978207,-0.0627689303202742,0.079752121542521,0.9948364993786244,0.970051584396608,-0.2428989987826839,0.1232298821899401,0.1200144896177258,0.1720147714085908,5.80472438859341,6.450911045567083,-0.0707999806269443,0.0872371236182313,0.9936684794266356,0.96922619731187,-0.2461718473838395,6.7298540235766655,7,21,False
115,117,SUCCESS,0.054,88.3,88,2,3,4.815093024828091,0.0594682903322262,-0.0592410587968239,0.9964707820089824,0.9200468111015554,-0.3918084549647426,0.0886424046920567,0.1536710550378985,0.1774042532355162,4.815618823297823,5.3949905585471365,0.0594429985433518,-0.0728459270428405,0.9955701888051108,0.9208477706648884,-0.3899222784882973,6.871529024385781,7,21,False
32,31,NEIGHBOR_KNOCKED,0.082,78.60000000000001,87,3,4,4.918133573713053,0.0718388054513836,-0.0467889430466268,0.99631821264087,0.8333008154812637,-0.5528198177690997,0.02560457144045,0.0733607896820169,0.0777007048965338,18.83272661574715,0.0291259014068792,0.000341994106166,-0.0003761017011928,0.9999998707937624,0.8395096283080486,-0.543344811310536,7.988429266988244,8,21,True
32,39,NEIGHBOR_KNOCKED,0.082,80.60000000000001,87,3,4,0.0706784691923191,-0.0010921000864523,0.000573599601601,0.9999992391501598,-0.2756200563423425,-0.9612666563143883,-0.1701682472115991,0.1434657649881741,0.2225750616819187,0.0,0.0,0.0,0.0,1.0,-0.2738713284045064,-0.9617663414145616,6.238658316724046,8,21,False
32,66,NEIGHBOR_KNOCKED,0.082,76.39999999999999,87,3,4,0.0014316162448094,-1.2495375932211857e-05,-2.1637621701820968e-05,0.9999999996878396,-0.4946042624991077,0.8691183023718426,-0.2603024417394688,0.1610349122139055,0.3060875759113228,0.0,0.0,0.0,0.0,1.0,-0.4945689052025492,0.8691384228112066,5.913359921599749,8,21,False
101,108,NEIGHBOR_KNOCKED,0.056,54.0,86,3,4,1.4184322059977872,0.0145117119214922,0.0200539277044093,0.9996935781531928,0.5346412088283896,0.8450791547674802,-0.027200501053685,0.0461484508007007,0.0535681506949439,29.08886163058788,0.0,3.6504969838987326e-11,1.2215547510784712e-11,1.0,0.5354520339904049,0.8445656394239222,4.627192427812815,9,21,True
101,103,NEIGHBOR_KNOCKED,0.056,85.2,86,3,4,19.366301466777852,-0.1590798099657228,-0.2909576670477551,0.9434178554847248,-0.3544212325788173,-0.935085873007026,-0.0660021679326533,0.0606353611188666,0.0896266321459505,19.36729015471256,0.0109394733433828,2.3079782788516777e-05,-0.0001895297401994,0.9999999817729004,-0.107899275096106,-0.9941618311088666,18.59997729145701,9,21,True
101,58,NEIGHBOR_KNOCKED,0.056,51.8,86,3,4,0.0,-7.384484017189027e-14,-2.986865042064057e-13,1.0,0.9998728256101,-0.0159478088298915,-0.1097946434814697,0.0619048346255334,0.1260439299896575,0.0,0.0,0.0,0.0,1.0,0.999872825622136,-0.0159478080752745,4.009319688212457,9,21,False
108,103,SUCCESS,0.062,85.2,85,3,4,0.0001040483542807,-2.195165149937578e-07,1.802655962948635e-06,0.9999999999983512,-0.4175393263648104,-0.9086588528918982,-0.0561253558150476,0.0593755057472737,0.0817037713212201,0.0,0.0,0.0,4.675570665271805e-17,1.0,-0.4175378014106949,-0.908659553624526,6.594480000503032,10,21,True
108,58,SUCCESS,0.062,51.8,85,3,4,0.0,0.0,0.0,1.0,0.7258537070549075,-0.6878491084203342,-0.081623882,0.0538086698761199,0.0977641604402512,0.0,0.0,0.0,0.0,1.0,0.7258537070549075,-0.6878491084203342,4.009319999999983,10,21,False
108,104,SUCCESS,0.062,49.7,85,3,4,0.0,-2.96585044809862e-13,-6.317751677664624e-14,1.0,-0.996744068039986,0.0806304088238397,-0.0924762789999796,0.0703220285389734,0.1161768043781471,0.0,0.0,0.0,0.0,1.0,-0.9967440680514028,0.08063040868271,3.846779999999966,10,21,False
58,103,NEIGHBOR_KNOCKED,0.05,85.2,84,3,4,0.0,0.0,0.0,1.0,-0.9665595231309296,-0.2564423682719179,0.0203282979999999,0.0660578129665285,0.0691149358206869,1.1625705004392906,0.0110552856431674,-0.000189476233666,-3.645403121342637e-05,0.99999998138493,-0.966597128804352,-0.2563005863964867,6.595148218086834,11,21,True
58,59,NEIGHBOR_KNOCKED,0.05,85.2,84,3,4,0.0597352562540776,-0.0003292255967322,-0.0009892303612255,0.9999994565167518,-0.1088312706413442,0.9940602368722888,-0.0719794822736725,0.0652435114669024,0.0971481428382332,0.0,0.0,0.0,0.0,1.0,-0.1080340996817379,0.9941471889544105,6.594646129424441,11,21,True
58,104,NEIGHBOR_KNOCKED,0.05,49.7,84,3,4,0.0,0.0,0.0,1.0,-0.9313256883551836,0.3641873998503288,-0.0105273169999999,0.1171988364164748,0.117670691595631,0.0,0.0,0.0,0.0,1.0,-0.9313256883506866,0.3641873998618291,3.846779953955586,11,21,False
104,103,SUCCESS,0.052,85.2,83,3,4,0.0001051494257296,1.8021470553664783e-06,3.467216972509425e-07,0.999999999998316,0.6037213498916632,-0.7971954162468499,0.0253611627243664,0.0748215643884169,0.0790028801516869,0.0,0.0,0.0,4.675570665271805e-17,1.0,0.6037209435717671,-0.7971957239554256,6.594480000513724,12,21,True
104,79,SUCCESS,0.052,56.4,83,3,4,0.0,9.119722208747823e-10,3.3980567013260926e-11,1.0,-0.7850780768723761,-0.6193968140169688,-0.0308895172811953,0.1101674904578848,0.114416075057893,0.0,0.0,0.0,0.0,1.0,-0.7850780781077875,-0.6193968124510997,4.365360000000012,12,21,False
104,59,SUCCESS,0.052,85.2,83,3,4,0.0,0.0,7.149088545692253e-17,1.0,0.9769783439707764,0.213338499601266,-0.066885678,0.1044950777363942,0.1240681876737738,0.0,0.0,0.0,0.0,1.0,0.9769783439707764,0.2133384996012659,6.594479999999944,12,21,False
79,88,NEIGHBOR_KNOCKED,0.058,77.7,82,3,4,8.235552112996588,-0.138963019039391,0.0347542034655688,0.989687538913637,-0.9668778797334155,0.2552394281497569,0.0058876574071876,0.0662266839604099,0.0664878799341386,1.6283762430489648,0.0015084892608207,-2.107808539229848e-05,1.577603784456719e-05,0.9999999996534156,-0.9674964516423168,0.2528845903955524,8.544283606301589,13,21,True
79,103,NEIGHBOR_KNOCKED,0.058,85.2,82,3,4,0.0,0.0,7.149088545692253e-17,1.0,0.9960289661151172,0.089029762774315,0.0533096326193835,0.1227734051556449,0.1338477715299204,0.0,0.0,0.0,3.574544272846127e-17,1.0,0.9960289661290268,0.089029762618699,6.594479995147661,13,21,False
79,87,NEIGHBOR_KNOCKED,0.058,81.9,82,3,4,0.0233654809611148,-2.8396039133834106e-10,-0.0004078045628576,0.9999999168477158,-0.9476046553199046,0.3194454839499924,-0.0380361174155212,0.1555606026129891,0.1601432087644169,0.0,0.0,0.0,0.0,1.0,-0.9475374439161972,0.3196447909426329,6.339084363978173,13,21,False
62,63,APPROACH_BLOCKED,0.072,80.0,81,3,4,0.0024645848519552,2.424406020746093e-05,-3.5532046678780075e-05,0.9999999990748496,0.9994444123945988,0.0333296644629926,0.1112539069388619,0.0258680411842171,0.1142216589087608,0.0,0.0,0.0,0.0,1.0,0.9994474818357958,0.0332374946722303,6.1920002541036245,14,21,False
62,50,APPROACH_BLOCKED,0.072,54.4,81,3,4,0.0,-5.5817959664932436e-11,2.5695609402681288e-11,1.0,0.8896918667890533,-0.4565614768784259,0.0442424543894755,0.1541210955454258,0.1603455857282236,0.0,0.0,0.0,0.0,1.0,0.889691867465199,-0.4565614755608348,4.210559669999998,14,21,False
62,49,APPROACH_BLOCKED,0.072,67.4,81,3,4,0.0001718716541983,2.2710179339054398e-06,1.959821472997551e-06,0.9999999999955008,0.6501208884556731,-0.7598307906327609,0.0804395306962528,0.1679879967762267,0.1862538191810384,0.0,0.0,0.0,0.0,1.0,0.6501214595586198,-0.759830301989444,5.216760001081679,14,21,False
20,21,SUCCESS,0.052,80.60000000000001,81,2,3,0.0542876751279361,-0.0002770265241278,0.0009060958968279,0.9999995511231649,-0.5372294181510123,0.8434361577933003,0.020068267646814,0.0843101477464138,0.0866656585930453,0.0,0.0,0.0,0.0,1.0,-0.5372950760513195,0.8433943331864441,6.238568402217562,15,21,True
20,12,SUCCESS,0.052,94.8,81,2,3,1.1423815285355088,0.0136097721079803,0.0145690765508576,0.9998012383027058,0.2388926909272494,-0.9710459732790911,-0.1058517962243093,0.1189845833844457,0.159254305584128,0.0,0.0,0.0,0.0,1.0,0.2173637597328063,-0.976090669945584,7.404871843354507,15,21,False
82,91,NEIGHBOR_KNOCKED,0.06,51.8,80,3,4,0.0,2.8632513665374645e-12,1.4477351468094152e-12,1.0,0.8184900738416785,-0.5745206689255344,-0.039556141299946,0.0357099284840344,0.0532905930430141,70.58353571825312,3.1945284701301985e-06,1.4179545340190889e-08,-5.4133773960684576e-08,0.9999999999999984,0.7858060232831409,-0.6184730339893051,4.103740385142375,16,21,True
82,90,NEIGHBOR_KNOCKED,0.06,68.2,80,3,4,0.0003235948541544,-5.63293095211773e-06,4.095582843102576e-07,0.9999999999840512,0.9337722520591956,-0.3578678265565347,-0.0209510898372276,0.0937282242784903,0.0960412837886216,10.98586836773434,0.0001710745947744,-2.9480747823838486e-06,4.730897618541608e-07,0.9999999999955425,0.9331602674622896,-0.3594605892579997,5.297213068440883,16,21,False
82,83,NEIGHBOR_KNOCKED,0.06,52.7,80,3,4,0.0,9.989740759894587e-12,0.0,1.0,-0.9463860276118315,-0.323037902948087,-0.0250638242015525,0.164215199256526,0.1661169074792415,0.0,0.0,0.0,0.0,1.0,-0.946386027849188,-0.3230379022527162,4.078980000410459,16,21,False
90,91,SUCCESS,0.074,51.8,79,3,4,0.0,0.0,1.0582859260302729e-15,1.0,-0.9769918476017782,0.213276650666837,-0.0135002571999999,0.0625791399728824,0.064018791805311,0.0167061680993945,0.0,-1.5046928853882058e-15,2.3975355119471133e-15,1.0,-0.9769907431539636,0.2132817099318777,4.00932027617517,17,21,False
90,15,SUCCESS,0.074,80.60000000000001,79,3,4,0.0021727418796437,3.792149859977396e-05,0.0,0.99999999928098,-0.4538845763688304,-0.8910604869112352,-0.0225112905295691,0.1428235445229098,0.1445867320033006,0.0,0.0,0.0,0.0,1.0,-0.4538989988831388,-0.8910531402856311,6.23844021175436,17,21,False
90,12,SUCCESS,0.074,94.8,79,3,4,0.0,0.0,0.0,1.0,0.3449306547723558,-0.938628171001869,0.0901936756,0.1849035246190442,0.2057284922775246,0.0,0.0,0.0,0.0,1.0,0.3449306526131718,-0.9386281717953344,7.337520005743896,17,21,False
83,14,SUCCESS,0.048,85.8,78,3,4,0.075787452448867,0.0011182460205511,-0.0007065178348404,0.9999991251788106,0.6285592121799862,-0.777761735227232,0.0492551592104916,0.1307476014385021,0.1397175937052034,0.0,0.0,0.0,0.0,1.0,0.6285602830798265,-0.7777608697630707,6.641187472995171,18,21,False
83,110,SUCCESS,0.048,54.2,78,3,4,0.0,1.7931321203160876e-10,-3.5826231122283715e-11,1.0,-0.5891231201644831,-0.8080432842909246,0.1950424349968445,0.0411459031223729,0.199335237209215,0.0,0.0,0.0,0.0,1.0,-0.5891231259767928,-0.8080432800533222,4.195080260000004,18,21,False
83,91,SUCCESS,0.048,51.8,78,3,4,0.0,0.0,0.0,1.0,0.9836892807747244,0.1798760653586377,-0.0197265327,0.1838021380670164,0.1848576805284831,0.0,0.0,0.0,0.0,1.0,0.9836892811597956,0.179876063252798,4.0093195600000495,18,21,False
15,14,SUCCESS,0.076,85.8,77,3,4,0.0,0.0,0.0,1.0,-0.9981006953739504,0.0616035866978252,0.0690029243,0.0951141963330984,0.1175079312473959,0.0,0.0,0.0,0.0,1.0,-0.9981006953739504,0.0616035866978252,6.640919999999994,19,21,False
15,91,SUCCESS,0.076,51.8,77,3,4,0.0,0.0,0.0,1.0,0.0262168417698613,0.9996562795319268,0.0054481753,0.1406599907178487,0.1407654631038623,0.0,0.0,0.0,0.0,1.0,0.0262168416948476,0.999656279533894,4.009320000000016,19,21,False
15,12,SUCCESS,0.076,94.8,77,3,4,0.0,0.0,0.0,1.0,0.9409042942888034,-0.3386725689938423,0.1105043478,0.1366843501306468,0.1757663860166119,0.0,0.0,0.0,0.0,1.0,0.9409042939624808,-0.3386725699004362,7.337520000000017,19,21,False
72,70,SUCCESS,0.08,66.10000000000001,76,3,4,9.770767044110318e-05,-1.7053266316492172e-06,0.0,0.999999999998546,-0.2685704751242416,-0.963260037524416,-0.1296651268257123,0.0531138106237008,0.1401218112704029,0.0,0.0,0.0,0.0,1.0,-0.2685654905871509,-0.9632614272697122,5.11614000034476,20,21,False
72,52,SUCCESS,0.08,56.8,76,3,4,0.0,-5.701086414928982e-10,0.0,1.0,0.9430835240778168,-0.3325559601224518,0.0948454607777364,0.1314070008378735,0.162060054607377,0.0,0.0,0.0,0.0,1.0,0.9430835236763936,-0.3325559612608341,4.396319999999945,20,21,False
72,22,SUCCESS,0.08,90.8,76,3,4,0.4303827032466096,0.0074433173785364,0.0010099642883563,0.9999717881013136,-0.665078729725022,0.7467732475573501,0.1582116689576866,0.0707413057729337,0.1733068508075671,0.0,0.0,0.0,0.0,1.0,-0.6579882863580522,0.7530281634942972,7.0370609703385805,20,21,False
10,9,GRASP_FAILED,0.056,48.4,95,3,4,2.4148365394514667e-06,4.1644179772262814e-08,0.0,0.9999999999999992,-0.9365134230095884,-0.3506317277755453,-0.0719534914235594,0.1140843701926503,0.1348797555242963,0.8551322521445416,0.0,-1.274206866516824e-15,1.7102481253186681e-15,1.0,-0.9365736396419978,-0.3504708511812944,3.746385128945535,1,22,False
10,74,GRASP_FAILED,0.056,77.3,95,3,4,0.6272583688553278,0.0016539501627221,0.0108218444387335,0.999940074270355,-0.4992015401152364,0.8664859042976846,-0.0146950768906299,0.1345319534211979,0.1353321535192021,13.31908193002635,0.0075188580950495,0.0001266465371687,-3.437528664220829e-05,0.9999999913894972,-0.5063264141713483,0.8623419056919269,6.0187718292124295,1,22,False
10,73,GRASP_FAILED,0.056,75.7,95,3,4,0.4109698880128855,-0.0051284858046117,-0.0050146276602537,0.9999742757405216,-0.8066317325389617,0.5910543528823664,-0.0785719668915001,0.1570470111612865,0.1756055742164589,6.342676929430443,0.0015015592150336,-2.1333266256461764e-05,-1.5221909639579564e-05,0.9999999996565926,-0.8056723220488736,0.5923614686020489,5.840319935212963,1,22,False
9,10,SUCCESS,0.046,58.4,95,3,4,0.0,-9.631550550472138e-09,3.319754627378743e-09,1.0,0.936569682825027,0.3504814249186803,0.079445614103244,0.1141331183413552,0.1390610452375623,0.0,0.0,0.0,0.0,1.0,0.9365696819053886,0.3504814273761726,4.520160000000022,2,22,False
9,73,SUCCESS,0.046,75.7,95,3,4,0.0,4.982681263191582e-09,3.5552890246629493e-09,1.0,-0.1464280104981166,0.9892213289964804,-0.0109974281250021,0.1345349572349062,0.1349836958434707,0.0,0.0,0.0,0.0,1.0,-0.1464280097571001,0.9892213291061686,5.859180499999996,2,22,False
9,74,SUCCESS,0.046,77.3,95,3,4,4.436338000413295e-06,7.53092023319754e-08,-2.0440944520209172e-08,0.999999999999997,0.2382882983205455,0.971194463989318,0.0517410653425194,0.1612521827135768,0.1693499461844368,0.0,0.0,0.0,0.0,1.0,0.2382883017999979,0.9711944631356138,5.983019950000864,2,22,False
100,114,GRASP_FAILED,0.08,52.8,94,3,4,51.5543196565518,-0.4794284274817695,0.6193120906067984,0.6217723999588549,0.6770256174302753,-0.7359594508824209,0.0310251337745745,0.1153807985711826,0.1194792350354407,0.0006658870707416,0.0,6.466361924650844e-16,1.0517416133405539e-15,1.0,0.8994947132028736,-0.4369316433037098,24.55888687806867,3,22,False
100,99,GRASP_FAILED,0.08,59.7,94,3,4,0.0290044854500036,-0.000506223747397,0.0,0.9999998718687506,-0.8589375455875867,0.5120803577369204,-0.1650406742305382,0.0655866348837296,0.1775951317627888,0.00209749145294,0.0,-9.072258029606008e-13,0.0,1.0,-0.8585331764585445,0.5127580178992831,4.620808300498799,3,22,False
100,16,GRASP_FAILED,0.08,53.400000000000006,94,3,4,0.0419724568270335,-0.0007325575011607,1.0504570941818949e-08,0.9999997316797176,-0.9228599186294284,-0.3851357820136751,0.064579216431115,0.1692162942193888,0.1811204831712845,0.0015885180858185,0.0,-9.125128750456636e-16,1.3687693125684953e-15,1.0,-0.9228817147184624,-0.3850835502047713,4.133212149496954,3,22,False
87,86,NEIGHBOR_KNOCKED,0.074,55.3,94,3,4,0.0,0.0,-2.8989306355609324e-10,1.0,0.9569010156095008,0.290414266738922,-0.0241149851819477,0.0878783222351676,0.0911270104260724,6.498312703775384,0.0,6.718317623342179e-11,2.809785395904153e-11,1.0,0.9571949099423728,0.2894441299809215,4.281488355787916,4,22,False
87,35,NEIGHBOR_KNOCKED,0.074,49.1,94,3,4,0.0,-1.2901556779158851e-14,5.58240437559758e-16,1.0,-0.9999089490032071,0.0134942099917585,0.1259832780254526,0.1573217055012108,0.2015487667137862,0.0,0.0,0.0,0.0,1.0,-0.9999089489996318,0.0134942102566911,3.8003398021703583,4,22,False
87,34,NEIGHBOR_KNOCKED,0.074,90.9,94,3,4,0.4791998403765123,-0.0083335391206409,0.0007074958875783,0.9999650251760278,-0.9274014812874588,-0.3740674972592879,0.1930569628914302,0.1233145875632038,0.2290796333739561,0.0,0.0,0.0,0.0,1.0,-0.9289901976945588,-0.3701043266261885,7.046913477526837,4,22,False
3,2,SUCCESS,0.058,48.6,93,3,4,0.0,6.968331343944383e-14,-8.898408730576458e-15,1.0,0.9974369677771322,0.0715506485753977,-0.0507795769999935,0.0939209166358207,0.1067693964673916,0.0,0.0,0.0,0.0,1.0,0.9974369677771314,0.0715506485754092,3.7616399999999968,5,22,False
3,1,SUCCESS,0.058,48.8,93,3,4,0.0,0.0,2.5387585407482004e-13,1.0,0.9477872577938308,0.3189032987657079,-0.0132243245999891,0.1346225334333745,0.1352705040618461,0.0,0.0,0.0,0.0,1.0,0.9477872577938542,0.3189032987656385,3.777119999999994,5,22,False
3,93,SUCCESS,0.058,90.3,93,3,4,0.0522355430145097,0.0009116820858934,0.0,0.9999995844178008,0.7998940396905648,-0.6001412544289128,-0.1163315250229924,0.1757450435569142,0.2107589714555392,0.0,0.0,0.0,0.0,1.0,0.7995801403318736,-0.6005594052105598,6.98935471746264,5,22,False
93,2,SUCCESS,0.094,48.6,92,3,4,0.0,0.0,0.0,1.0,-0.3845983026331752,0.9230840403840164,0.0721351989999999,0.1215403452900415,0.1413348593517965,0.0,0.0,0.0,0.0,1.0,-0.3845983026331752,0.9230840403840164,3.7616399999999968,6,22,False
93,1,SUCCESS,0.094,48.8,92,3,4,0.0,0.0,0.0,1.0,-0.0861381309424256,0.996283203912294,0.1096594913999999,0.1489570630291027,0.1849686748624284,0.0,0.0,0.0,0.0,1.0,-0.0861381309424256,0.996283203912294,3.777120000000009,6,22,False
93,80,SUCCESS,0.094,82.0,92,3,4,0.1146688775098254,-0.0018943131849073,0.0006457335974499,0.9999979973008336,0.9724917226996744,-0.232937436408619,0.0519194173203745,0.1500337915026202,0.1587632340547991,0.0,0.0,0.0,0.0,1.0,0.9724934198161568,-0.2329303509941893,6.347393715404909,6,22,False
21,22,SUCCESS,0.052,86.5,91,2,3,0.0920480495627822,-0.0005325818267337,-0.0015156945868018,0.999998709512426,-0.9710191793290248,0.2390015760935207,-0.0958318270075527,0.1242164643838809,0.1568868034336778,0.0,0.0,0.0,0.0,1.0,-0.9705708414486444,0.2408157838051122,6.6954854514088895,7,22,False
21,52,SUCCESS,0.052,84.6,91,2,3,0.2625880482544316,-0.004581273893204,0.000126134625589,0.9999894979546394,-0.1947774006675806,-0.9808474724385956,-0.0782763723275997,0.1357377906047875,0.1566905812837458,0.0,0.0,0.0,0.0,1.0,-0.1906419485541524,-0.98165963931063,6.551223886754679,7,22,False
60,58,NEIGHBOR_KNOCKED,0.052,82.0,90,3,4,0.021490649899703,-0.0002402238327012,-0.0002880615556833,0.9999999296565228,0.9996966880807454,-0.0246278671506298,-0.079746241301091,0.0406064187461597,0.0894893526909224,7.808868938689905,0.5123383166222877,-0.0080093387699246,-0.0039758716780113,0.9999600206692608,0.9980766723835596,-0.061991580426383,7.431603909171387,8,22,True
60,59,NEIGHBOR_KNOCKED,0.052,82.3,90,3,4,0.0448659709349049,-0.0007830328069442,-6.384525219102547e-06,0.9999996934093835,0.9739505384703704,0.2267605534771774,-0.134210706251482,0.0927504690017964,0.1631415433682506,5.780871808359497,0.3294811315419699,0.0052739949588682,0.0022919891983198,0.9999834657446536,0.9738777688388116,0.2270728767632502,6.393771181162364,8,22,False
60,119,NEIGHBOR_KNOCKED,0.052,74.7,90,3,4,0.0013949733902372,-1.1382174010106403e-10,-2.4346883128452224e-05,0.9999999997036148,-0.987242288025712,-0.1592252013148589,-0.1132257053379036,0.1460526508763758,0.1848010746107346,0.0,0.0,0.0,0.0,1.0,-0.9872463696064082,-0.1591998922705887,5.781780058648683,8,22,False
44,45,APPROACH_BLOCKED,0.058,75.1,89,1,2,0.0091472479004181,-7.075730993948975e-05,-0.0001431132259219,0.9999999872560036,-0.9993730766736768,-0.0354041469292716,0.0725697149776204,0.0293529834934337,0.07828129515982,59.11627422870441,0.0056650234910138,-9.805311513885448e-05,-1.2708983530676036e-05,0.999999995112034,-0.997479856495922,-0.0709502352700485,9.779568546656058,9,22,True
106,107,GRASP_FAILED,0.088,90.9,89,3,4,0.2254894336450919,-0.0013795394874647,-0.0036858121481851,0.9999922557998192,-0.2299138322996236,0.9732109893118248,0.014190743168135,0.1087708399934674,0.1096926288523913,0.2161245138931142,0.0050094229986488,-7.174855584207761e-05,4.996309933261971e-05,0.9999999961779168,-0.2290437701722814,0.9734161244530866,7.037922882788013,10,22,False
106,105,GRASP_FAILED,0.088,75.2,89,3,4,0.0195766476311528,-0.0003416766673207,-4.402495846535345e-07,0.9999999416284288,0.0167812385460692,0.9998591851020122,-0.077910337994568,0.0601342239557576,0.0984182181163074,0.000246541092322,0.0,1.3849195636609024e-09,-6.507513368233802e-12,1.0,0.0174674937308423,0.9998474316928372,5.820495902105012,10,22,False
106,108,GRASP_FAILED,0.088,48.9,89,3,4,0.0,-1.7438512918817427e-14,4.982432262519265e-16,1.0,0.5899808466825155,0.8074172406802954,-0.1036279914467383,0.1380778299020019,0.172639067773582,0.0,0.0,0.0,0.0,1.0,0.5899808456767767,0.8074172414151902,3.784860173503733,10,22,False
62,107,NEIGHBOR_KNOCKED,0.072,90.9,89,3,4,0.0001161163547215,-1.6630420914804857e-06,1.158082358817649e-06,0.9999999999979464,-0.5098085035971134,-0.8602879109112669,0.020417998550414,0.096717342205012,0.0988490715586449,0.0,0.0,0.0,0.0,1.0,-0.509807939850316,-0.8602882449886065,7.035660000667079,11,22,True
62,19,NEIGHBOR_KNOCKED,0.072,80.3,89,3,4,3.1751684003006764,0.0498516461376128,-0.0241398133366949,0.998464863072026,0.8340454084385963,-0.5516958008381931,-0.0391842075370052,0.0631665367146831,0.0743331250576114,45.781629948632805,0.0781658235463133,0.0005632857601575,-0.0012425331961067,0.9999990694097716,0.8507698230234508,-0.5255384935783921,7.998995190431998,11,22,True
62,39,NEIGHBOR_KNOCKED,0.072,73.3,89,3,4,11.755802237979893,-0.0353524874939433,-0.2006503287389099,0.9790248450396742,0.1131395001181933,-0.9935791128606748,0.1241160451356296,0.0702572398708796,0.1426214304176758,0.0,0.0,0.0,0.0,1.0,0.0591169969232816,-0.9982510609434746,9.762169251815564,11,22,False
78,79,SUCCESS,0.04,86.3,88,2,3,0.1065317943212576,0.0007245675432614,0.0017123399359632,0.9999982714454156,-0.9442930676616248,0.3291057616727457,-0.0956433576941814,0.0104342838606375,0.0962108421681334,0.0,0.0,0.0,3.495517823923e-17,1.0,-0.9524379196722572,0.3047326847753329,6.68014393802629,12,22,True
78,111,SUCCESS,0.04,63.70000000000001,88,2,3,1.010198601586461e-05,-2.9185910091863094e-08,-1.7366009608028209e-07,0.9999999999999843,0.3529382979922505,-0.9356465987809356,-0.0906229390618472,0.0850167178422171,0.1242592427019835,0.0,0.0,0.0,0.0,1.0,0.3529384217895661,-0.9356465520829382,4.930380000003538,12,22,False
19,108,NEIGHBOR_KNOCKED,0.08,48.9,87,3,4,0.0,0.0,0.0,1.0,0.2124552385633473,-0.9771707996082318,-0.0380597565997375,0.0502647850573682,0.0630483440646516,8.830569707916466,0.0,2.7387807343035585e-14,6.916238784409557e-14,1.0,0.2187769122211433,-0.9757749036939728,3.7946795233866975,13,22,False
19,105,NEIGHBOR_KNOCKED,0.08,75.2,87,3,4,0.0,0.0,0.0,1.0,-0.5701615588516906,-0.8215325902286592,-0.0164129645997375,0.1223054229396768,0.123401790454618,0.0,0.0,0.0,0.0,1.0,-0.5701615588042489,-0.8215325902615849,5.820480032064017,13,22,False
19,107,NEIGHBOR_KNOCKED,0.08,90.9,87,3,4,0.0,0.0,0.0,1.0,-0.8685233058008884,-0.4956483302510927,0.0595421828302624,0.1102077738847057,0.1252638214362584,0.0,0.0,0.0,2.5127984492284647e-17,1.0,-0.8685233055198218,-0.4956483307436051,7.035659962063998,13,22,False
20,108,SUCCESS,0.056,48.9,86,1,2,0.0,0.0,0.0,1.0,-0.9729146007038788,-0.2311648323971704,-0.0456344235999999,0.1567332992498521,0.163241623708685,0.0,0.0,0.0,0.0,1.0,-0.9729146007038788,-0.2311648323971704,3.784860000000001,14,22,False
108,105,SUCCESS,0.058,75.2,85,3,4,0.0,0.0,0.0,1.0,-0.8408314740178401,-0.5412969908478951,0.0251101116999999,0.0958868578203215,0.0991201655176232,0.0,0.0,0.0,0.0,1.0,-0.8408314740178401,-0.5412969908478951,5.820479999999996,15,22,False
108,107,SUCCESS,0.058,90.9,85,3,4,0.0,0.0,3.350397932304621e-17,1.0,-0.9983937974479878,-0.0566553194094453,0.0986348992,0.1067803678994248,0.1453646804039092,0.0,0.0,0.0,0.0,1.0,-0.9983937974215016,-0.0566553198761931,7.035660000000013,15,22,False
108,106,SUCCESS,0.058,85.5,85,3,4,0.2148770469474243,-0.00372433235692,-0.0004405931503261,0.999992967588358,-0.5870776308986334,-0.8095306388880212,0.1266546475829868,0.1383189378976216,0.1875460699014957,0.0,7.125983627239027,-0.1015841503519696,-0.0711999415347862,0.9922757825940888,-0.5652170967695791,-0.8249422001082065,9.13782158399935,15,22,False
105,107,APPROACH_BLOCKED,0.076,90.9,84,3,4,0.0,0.0,0.0,1.0,-0.4930192795592363,0.8700183848533843,0.0710944275,0.0527041640708859,0.0884994154328921,0.0,0.0,0.0,0.0,1.0,-0.4930192795525345,0.8700183848571821,7.035660000000013,16,22,True
105,106,APPROACH_BLOCKED,0.076,85.5,84,3,4,9.035840192009063,-0.1297142287478348,-0.0885416963895528,0.9875902930167016,0.1279904288492562,-0.9917754030641128,0.1043217488931244,0.0553002996323039,0.1180726489562367,0.0,0.0,0.0,0.0,1.0,-0.003299425069537,-0.9999945568822916,9.729163491073075,16,22,False
105,39,APPROACH_BLOCKED,0.076,73.3,84,3,4,24.15903047618249,0.2606763566739021,0.3155160139563023,0.9124129996927636,-0.8841143365907745,-0.4672706280461619,0.1984278153319384,0.0146508097019199,0.1989679474747823,0.0,0.0,0.0,0.0,1.0,0.5409151145562223,0.8410771895876316,17.17019425475792,16,22,False
112,111,SUCCESS,0.048,63.70000000000001,84,2,3,0.0,0.0,1.4343069327150236e-16,1.0,0.9433045735995492,0.3319284281681405,0.08165737,0.1252502960619203,0.1495177673018013,0.0,0.0,0.0,0.0,1.0,0.9433045735995492,0.3319284281681405,4.930380000000012,17,22,False
112,79,SUCCESS,0.048,86.3,84,2,3,0.0,0.0,0.0,1.0,0.5324181825656553,0.8464814698937506,0.07314001,0.1468499463018726,0.1640559898073306,0.0,0.0,0.0,0.0,1.0,0.5324181825656554,0.8464814698937506,6.679620000000011,17,22,False
54,53,SUCCESS,0.048,91.1,83,2,3,0.3940675712646075,0.0035649134101038,0.0058817053118207,0.9999763481877976,0.7928561505841811,-0.6094088319681903,0.1122958481512594,0.0559850941844873,0.1254778398078985,0.0,0.0,0.0,0.0,1.0,0.7973280788289351,-0.6035461330428352,7.058733080333859,18,22,False
54,116,SUCCESS,0.048,54.7,83,2,3,0.0,0.0,-2.5331085492440158e-11,1.0,0.6632814114832194,0.7483700750169185,-0.1487736166024738,0.1304955532772129,0.1978956250706564,0.0,0.0,0.0,0.0,1.0,0.663281411846263,0.7483700746951525,4.233780399999888,18,22,False
68,69,NEIGHBOR_KNOCKED,0.06,60.6,82,3,4,0.0,-9.217881583543816e-09,1.952619637614365e-09,1.0,0.8191170731176225,0.5736263771194798,-0.072843459037278,0.0057971229758797,0.0730737720342468,11.344265501104529,0.0,-7.909121669963951e-09,2.353814696465161e-09,1.0,0.8955646045569872,0.4449314992947647,4.740377285587544,19,22,False
68,117,NEIGHBOR_KNOCKED,0.06,52.0,82,3,4,0.0,9.183389187863397e-14,0.0,1.0,-0.9798992212641502,0.1994931481678306,-0.0782432370000126,0.1409471772287594,0.1612082842319075,0.0,0.0,0.0,0.0,1.0,-0.9798992212423656,0.1994931482748345,4.0248000451084165,19,22,False
68,43,NEIGHBOR_KNOCKED,0.06,57.9,82,3,4,0.0,4.43490867262059e-09,3.96455984251199e-10,1.0,0.6621491654826401,-0.7493720588937403,0.1571801493202603,0.1213347400125023,0.1985641419648595,0.0,0.0,0.0,0.0,1.0,0.6621491685866994,-0.7493720561509768,4.481459745108414,19,22,False
72,71,SUCCESS,0.048,74.89999999999999,81,3,4,10.837371936984033,-0.1852141500706443,-0.0323726014660156,0.9821648198179016,0.1956714784140757,-0.9806695021949288,-0.085457021733988,0.0268667484529178,0.0895808279492642,11.074459035254074,12.532594637950243,-0.2124132674226248,-0.0443556560284256,0.9761727201684814,0.0581821127194103,-0.9983059860381012,5.96119615171137,20,22,True
72,57,SUCCESS,0.048,63.2,81,3,4,16.4124924628319,0.2773850532360651,0.0537808663629019,0.9592523915291956,0.9975182689435742,-0.070408118309008,-0.0395987964024336,0.099903034827607,0.1074647897885044,16.129898188926493,17.78378887538555,0.2989724709544047,0.0624535168786,0.9522158472956184,0.9982284085126822,-0.0594982725651552,5.017165472886998,20,22,False
72,85,SUCCESS,0.048,56.6,81,3,4,0.0,-3.701512792747937e-11,1.4702460726393886e-10,1.0,0.8985945621802875,-0.4387799138748461,-0.1976155455062331,0.0637514505145857,0.2076442902379928,0.0,0.0,0.0,0.0,1.0,0.8985945619627697,-0.4387799143203095,4.380840307625284,20,22,False
117,69,SUCCESS,0.052,60.6,80,1,2,0.0,0.0,0.0,1.0,0.9846905282258814,-0.1743116852716258,0.0041111735999999,0.14579063968316,0.1458485939856615,0.0,0.0,0.0,0.0,1.0,0.9846905282258814,-0.1743116852716258,4.690440000000001,21,22,False
12,46,SUCCESS,0.084,62.6,79,3,4,2.831646840510158e-06,-3.3391686981544444e-08,3.4011132584005125e-08,0.9999999999999988,-0.5058357541264393,0.8626298104328045,-0.0129209042911014,0.1115841750726699,0.1123297729649092,0.0,0.0,0.0,0.0,1.0,-0.5058357497699028,0.8626298129874252,4.845240000000253,22,22,False
12,47,SUCCESS,0.084,78.0,79,3,4,0.0104875527085189,-0.0001685440124256,-7.139613700280978e-05,0.9999999832477536,0.1736328967745851,0.9848104473235784,-0.0080425545322435,0.111994212389686,0.1122826179432516,0.0,0.0,0.0,0.0,1.0,0.1737037568276775,0.9847979512894768,6.03720471522185,22,22,False
12,11,SUCCESS,0.084,52.6,79,3,4,0.0,-1.5262298279744257e-12,2.2096750817456744e-12,1.0,0.9074940048560434,0.4200650320490145,0.000357868850345,0.104582143207267,0.1045827554998402,0.0,0.0,0.0,0.0,1.0,0.9074940053625284,0.4200650309548216,4.071240000000029,22,22,False
94,95,NO_DETACH,0.094,74.89999999999999,78,3,4,0.0052855540519843,-9.225031973794832e-05,0.0,0.9999999957449393,-0.9999998642664308,0.0005210250666299,0.0645727417748175,0.1314958826126069,0.1464950720139956,0.0,0.0,0.0,0.0,1.0,-0.9999998642706022,0.0005210170604779,5.79726113187708,23,22,False
94,116,NO_DETACH,0.094,54.7,78,3,4,0.0,0.0,0.0,1.0,0.1842377261683757,-0.9828817122402403,0.0307627319785495,0.1593688780738178,0.1623107666708881,0.0,0.0,0.0,0.0,1.0,0.1842377260280643,-0.9828817122665412,4.233780010000022,23,22,False
94,115,NO_DETACH,0.094,52.8,78,3,4,0.0,-5.805218316405114e-12,1.243122511353401e-12,1.0,-0.0016140825518674,-0.9999986973679096,-0.1084344113316478,0.1600338732240868,0.1933102742741422,0.0,0.0,0.0,0.0,1.0,-0.0016140794266461,-0.9999986973729538,4.086720500000122,23,22,False
11,47,SUCCESS,0.052,78.0,78,3,4,0.0,0.0,0.0,1.0,-0.7508767430106071,0.6604423644844285,-0.0123211905,0.1004864593321598,0.1012390253037389,0.0,0.0,0.0,0.0,1.0,-0.7508767430106071,0.6604423644844285,6.0372,24,22,False
11,46,SUCCESS,0.052,62.6,78,3,4,0.0,0.0,0.0,1.0,-0.9451137361727924,0.3267415273538178,-0.0148267783,0.1601404425809011,0.1608253546701024,0.0,0.0,0.0,0.0,1.0,-0.9451137361727924,0.3267415273538178,4.84524,24,22,False
11,28,SUCCESS,0.052,82.0,78,3,4,0.0,-1.9535962324415167e-10,0.0,1.0,0.905848167435834,-0.4236025230722093,-0.0900249390329655,0.1862815745942777,0.2068944529976882,0.0,0.0,0.0,0.0,1.0,0.9058481667606062,-0.4236025245161425,6.346800499999981,24,22,False
85,71,SUCCESS,0.06,74.89999999999999,77,3,4,22.586200259795977,-0.1810637933210828,0.3387151279408104,0.9233027482100444,-0.5988791732371808,-0.8008393945497129,0.1134634643527551,0.0224894420190087,0.1156707946944918,14.297629789514977,16.336261460608643,-0.2753285655484299,-0.057526499117268,0.9596274708929268,-0.522264939674439,0.8527832859448258,17.31091444181789,25,22,False
85,57,SUCCESS,0.06,63.2,77,3,4,29.89709469843278,0.3600125152800126,-0.3447277069952348,0.8669220246778634,-0.3218134275822035,0.9468031040442324,0.1204279059910884,0.0524392876360378,0.1313497599128889,19.485338597376742,21.40125089473597,0.3571698649858965,0.0746966489492698,0.9310478495661252,-0.9498483267575716,0.3127109786301752,15.01037673136998,25,22,False
85,28,SUCCESS,0.06,82.0,77,3,4,0.0,0.0,0.0,1.0,-0.8352063286285571,-0.5499367132850894,0.0388785245999999,0.157398328405704,0.1621288791671078,0.0,0.0,0.0,0.0,1.0,-0.835206328502817,-0.5499367134760548,6.3468003555093855,25,22,False
91,89,SUCCESS,0.076,68.2,97,3,4,0.0003633767358591,5.555178400226996e-06,-3.0597889238410064e-06,0.9999999999798888,0.910336440421736,-0.4138690194255705,-0.0856284353992268,0.0927923588118805,0.1262642103004344,0.0,0.0,0.0,0.0,1.0,0.9103367104234772,-0.4138684255356554,5.278680004832683,1,23,False
91,90,SUCCESS,0.076,85.3,97,3,4,0.0188152633118655,0.000328388288836,0.0,0.9999999460805644,0.8639801667634184,0.5035258398925081,-0.1485147274616007,0.0591867794193457,0.1598740101799783,0.0,0.0,0.0,2.856282973472355e-16,1.0,0.8637024954922478,0.5040019834092556,6.602236458088155,1,23,False
91,76,SUCCESS,0.076,51.0,97,3,4,0.0,-5.896349554484412e-13,-7.939828203000277e-13,1.0,-0.3442184836273543,-0.9388895757911496,-0.1581968401627893,0.0829597207071517,0.1786296601835757,0.0,0.0,0.0,0.0,1.0,-0.3442184793764393,-0.9388895773496326,3.9473999999999534,1,23,False
76,77,SUCCESS,0.05,40.3,96,3,4,0.0,0.0,1.5114202086674449e-15,1.0,-0.8321957631189641,-0.5544819310372925,0.0369530350999999,0.0728600892808586,0.0816952839098837,0.0,0.0,0.0,0.0,1.0,-0.8321957631189644,-0.5544819310372924,3.1192200000000057,2,23,False
76,90,SUCCESS,0.05,85.3,96,3,4,0.0,0.0,0.0,1.0,0.5945322496824398,0.8040717655082396,0.0043556909999999,0.1339334305961231,0.1340042382737725,0.0,0.0,0.0,0.0,1.0,0.5945322477515359,0.8040717669359535,6.602220000000001,2,23,False
76,89,SUCCESS,0.05,68.2,96,3,4,0.0,0.0,0.0,1.0,0.944048911205946,0.3298054778969986,0.069905258,0.1197266811691102,0.1386406263683785,0.0,0.0,0.0,0.0,1.0,0.944048911569346,0.329805476856788,5.27868000000003,2,23,False
69,68,SUCCESS,0.054,51.3,95,3,4,0.0,-3.020577706379225e-13,0.0,1.0,-0.9835156816748436,-0.1808228522606248,-0.0640335654999643,0.1199579092400114,0.1359786656055759,0.0,0.0,0.0,0.0,1.0,-0.983515681674836,-0.1808228522606666,3.970619999999994,3,23,False
69,28,SUCCESS,0.054,90.9,95,3,4,0.1806932804405163,0.0030563597890418,-0.0007774377059659,0.999995027115362,-0.7986951692107137,-0.601735844602488,0.1457596428875617,0.1543886797946466,0.2123246051296068,0.0,1.58825242994515,0.0192106643315962,0.0199791132082235,0.99961581890812,-0.796242877380087,-0.6049770906583812,7.186750232662307,3,23,False
69,29,SUCCESS,0.054,76.30000000000001,95,3,4,6.891072577167285,-0.077636136814476,-0.0914786712197239,0.9927760487503704,-0.7783437345905276,-0.6278383795402044,0.1050061402376427,0.1897306819026538,0.2168502274447816,6.885844778746293,1.301572383468649,-0.015523664769189,-0.0165824183339656,0.999741986331639,-0.7776507511849534,-0.6286965159609823,7.436083044210112,3,23,False
102,94,SUCCESS,0.06,70.1,94,1,2,22.225906911774043,0.3736678217835019,0.0587581959388814,0.9256996453351276,0.7917869629506638,-0.6107973520746175,0.1255104994361443,0.0690273572453499,0.1432398740469551,22.196759334259927,8.039538130958301e-05,-8.189396932085636e-07,1.1394495780117404e-06,0.9999999999990156,0.902124809965008,-0.4314751757002926,17.273294343253863,4,23,False
82,81,SUCCESS,0.096,88.3,93,3,4,0.1384703302288191,-0.0024167608262079,0.0,0.9999970796292902,-0.8898624070536032,-0.4562289956948893,0.0097802397591375,0.1101564710766842,0.1105897879996818,0.0,0.0,0.0,0.0,1.0,-0.8896766288402548,-0.4565911695329199,6.835350105197379,5,23,False
82,83,SUCCESS,0.096,86.5,93,3,4,11.755844724208693,0.1712592671206353,-0.1103671692162478,0.9790246939605228,-0.459082400001932,-0.88839369088736,0.1042321700888333,0.0611388891569426,0.1208400142699942,0.0,0.0,0.0,0.0,1.0,-0.288290164978967,-0.9575430960413218,11.518433276204687,5,23,False
82,38,SUCCESS,0.096,85.3,93,3,4,0.2454967637999147,-0.0027737454935106,-0.0032657476336919,0.9999908205720344,0.8388883884678427,-0.5443034738946887,-0.1144581265609734,0.1541940251036355,0.1920324454708328,0.0,0.0,0.0,1.4281414867361792e-16,1.0,0.8413211144829085,-0.5405356438989356,6.605017142928984,5,23,False
66,65,NEIGHBOR_KNOCKED,0.084,51.1,92,3,4,0.0,0.0,1.1025825211076453e-15,1.0,0.9997261138525024,-0.023402933178836,-0.0752475195169249,0.0351614829195156,0.0830573240271403,32.460436084003014,0.0,1.249531441572837e-13,-2.1417516474878028e-12,1.0,0.9954191288821967,-0.0956073106797211,4.787726002112028,6,23,False
66,67,NEIGHBOR_KNOCKED,0.084,77.0,92,3,4,0.0,1.2198595480610802e-10,0.0,1.0,0.9322715479417996,0.3617592582066155,-0.0221530112014993,0.135640625420401,0.1374377501625056,0.0,0.0,0.0,0.0,1.0,0.9322715478751188,0.3617592583784559,5.959799996351465,6,23,False
66,81,NEIGHBOR_KNOCKED,0.084,88.3,92,3,4,0.0,0.0,0.0,1.0,0.9659421016253408,-0.258758297079765,0.099101652883075,0.1773640860338745,0.2031727260701818,0.0,0.0,0.0,0.0,1.0,0.9659421014942812,-0.2587582975690087,6.834420206351429,6,23,False
38,40,SUCCESS,0.09,56.0,91,3,4,0.0,1.0397198633694979e-09,-4.2628897697553096e-11,1.0,0.5449654883368716,0.8384584763253068,0.0565188747546603,0.1029640235487996,0.117456261429056,0.0,0.0,0.0,0.0,1.0,0.5449654885163145,0.8384584762086759,4.334399999999988,7,23,False
38,53,SUCCESS,0.09,85.5,91,3,4,0.1732750240098267,0.0025660589775553,-0.0016003806161837,0.9999954270511476,0.980894736815162,-0.194539238428431,-0.1238521975784863,0.1076697089557936,0.1641101248297793,0.0,0.0,0.0,2.8496016097917184e-16,1.0,0.9812292748870024,-0.1928447824151002,6.619096271829954,7,23,False
38,39,SUCCESS,0.09,82.0,91,3,4,0.0205790663185693,-1.84639560001369e-05,0.0003586975549607,0.9999999354975712,0.999714876779146,0.0238781311340927,0.0659996977675658,0.1612568293099551,0.1742404232791864,0.0,0.0,0.0,0.0,1.0,0.9997138500637148,0.0239210783783666,6.346814402409164,7,23,False
67,65,SUCCESS,0.076,51.1,90,3,4,0.0,0.0,0.0,1.0,-0.8667566451943303,-0.4987313084331779,-0.0491697508,0.1051835247015148,0.1161087346514821,0.0,0.0,0.0,0.0,1.0,-0.8667566451943303,-0.4987313084331779,3.9551400000000023,8,23,False
67,81,SUCCESS,0.076,88.3,90,3,4,0.0,0.0,2.7592405168424926e-16,1.0,0.4272054470947058,-0.9041545807950168,0.1195054238999999,0.1050303597604948,0.1591003545342927,0.0,0.0,0.0,0.0,1.0,0.42720544865139,-0.9041545800594968,6.834419699999986,8,23,False
67,83,SUCCESS,0.076,86.5,90,3,4,0.0,0.0,0.0,1.0,0.7637126782788121,-0.6455563066349856,0.225690535,0.1630937099024137,0.278452465958409,0.0,0.0,0.0,0.0,1.0,0.7637126782788121,-0.6455563066349858,6.695099799999992,8,23,False
97,86,SUCCESS,0.054,94.8,89,3,4,1.0222074791485702,0.0078436691445742,-0.0160231177786554,0.9998408556120328,-0.2556400007007854,-0.966772046576494,-0.0769036160083224,0.0951495947638846,0.1223421903469402,1.0223523301067532,0.9241257322226653,0.0068749677604836,-0.01458965682549,0.9998699299068888,-0.2574552515562809,-0.966290222162106,7.338197263195858,9,23,False
97,96,SUCCESS,0.054,80.60000000000001,89,3,4,1.8926084083853023,-0.0142067990343993,0.0298144173865823,0.9994544848951828,-0.9579858292773648,-0.2868155346276765,-0.0448754742269466,0.0619218330419354,0.0764730121962427,1.8979819189514355,1.6899009203323558,-0.0125655863024898,0.0266790108793207,0.9995650736292138,-0.9563920678702884,-0.2920859676786849,6.241287402912203,9,23,True
97,12,SUCCESS,0.054,78.7,89,3,4,0.0774660853285602,-0.0012041558652537,0.0006148292131623,0.9999990859964276,0.4819853162317054,-0.8761792938303343,-0.0147559201820089,0.1242546064896278,0.1251277124153962,0.0,0.0,0.0,0.0,1.0,0.482303842550129,-0.8760039974003431,6.091637919824021,9,23,False
12,10,APPROACH_BLOCKED,0.078,75.7,88,3,4,0.002401167762653,-4.1724750243703184e-05,3.917828785740663e-06,0.999999999121848,0.0874415566677223,-0.996169651298174,0.0557318654851606,0.0639138498447462,0.0847998881628555,0.0,0.0,0.0,0.0,1.0,0.0874334526717175,-0.9961703626157036,5.859180167843743,10,23,True
12,85,APPROACH_BLOCKED,0.078,77.5,88,3,4,30.341158594008427,0.3998344052616302,0.3087177735504931,0.8630328989459817,0.116202103067485,0.9932255893011884,-0.0653333304110603,0.0593903301677406,0.0882930086701888,30.192141732010835,31.797102683603537,0.5268671081185367,0.0069403050605126,0.8499193388483857,0.8358888926844126,0.5488986783431226,16.560952976665,10,23,True
12,86,APPROACH_BLOCKED,0.078,94.8,88,3,4,17.59942876956345,-0.2977179999802054,-0.0527806447158363,0.9531936823286058,-0.9943195097604652,0.1064364247318947,-0.0360464154440708,0.1182146244196735,0.1235881931781957,17.700987211051775,18.23771971143834,-0.3129419856690494,-0.0033809742660197,0.9497662252462576,-0.9871332835019674,0.1598995953798021,7.98441481685753,10,23,False
96,86,NEIGHBOR_KNOCKED,0.078,94.8,88,3,4,22.463419993914822,-0.3788191945330361,-0.0499146196802671,0.924123665206944,-0.0474696367766465,-0.9988726813684982,-0.0520801682253422,0.073898765296973,0.0904067001654028,22.617346525654707,24.454481737943063,-0.4104983965960447,-0.0535013276644428,0.9102904340539992,-0.0994251310439124,-0.9950450458732512,7.705272291320267,11,23,True
96,85,NEIGHBOR_KNOCKED,0.078,77.5,88,3,4,35.99247658021084,0.5415332009115279,0.2282726849603162,0.8090941685684818,0.9504460520637076,-0.3108895336232981,-0.0093691918657732,0.1297535448689126,0.130091368515619,36.1684006983841,42.10828502831432,0.6288664456715437,0.232685856458789,0.7418788888440481,0.9617340869766592,-0.2739845724619758,8.070912301199524,11,23,False
96,12,NEIGHBOR_KNOCKED,0.078,78.7,88,3,4,0.0,0.0,0.0,1.0,0.8009561083082876,-0.5987230683409841,0.0308103641053694,0.1470985440481879,0.1502905858575384,0.0,0.0,0.0,0.0,1.0,0.800956108730613,-0.598723067776008,6.091379972718599,11,23,False
85,86,APPROACH_BLOCKED,0.082,94.8,87,3,4,28.023732897337265,-0.4677821976712984,-0.0438960286679259,0.8827530539222137,-0.9953187752141373,-0.0966464469405392,0.0446038707975725,0.0684213711396708,0.0816761245331775,66.73215401044132,2.243317666911527,0.0382846125452909,0.0081538060227596,0.9992336082666556,-0.9924243957894792,-0.1228569031104379,34.75390719400391,12,23,True
85,12,APPROACH_BLOCKED,0.082,78.7,87,3,4,11.65739086768338,-0.0809226638200225,0.1851468889106997,0.9793733465879908,0.5519291097387561,-0.8338910347419407,0.0878151972225666,0.0414164208174812,0.0970918574164124,2.12305085405245,0.0038737132013265,-4.745925463166887e-05,-4.815186935171582e-05,0.9999999977145082,0.6072253785875628,-0.794529634185655,10.355932327990796,12,23,False
85,78,APPROACH_BLOCKED,0.082,87.0,87,3,4,0.1938480867105411,0.003241856985669,-0.0009679633164106,0.9999942766887732,0.9885907436067504,0.150626497187754,0.0053801004511128,0.1191755268423185,0.1192969055718053,0.0,0.0,0.0,0.0,1.0,0.9885092459279828,0.1511604138486368,6.735597730400833,12,23,False
78,85,SUCCESS,0.084,77.5,87,3,4,42.70061826360708,0.589321567859512,0.3355761962324393,0.7349072772654889,-0.9874823682221194,-0.1577294279785303,-0.0683741804997065,0.103351722271992,0.1239217779714019,48.03604489753506,51.95036088416055,0.6942104932507008,0.3717417469976683,0.616343949917366,-0.9891750593755588,-0.1467402532005425,9.465365110303477,13,23,False
78,12,SUCCESS,0.084,78.7,87,3,4,7.143182815269534e-06,-8.673802571763195e-08,-8.800386963909104e-08,0.9999999999999922,-0.9144407953897148,-0.4047196952546609,0.0914340779435489,0.1073971331469144,0.1410472786606074,0.0,0.0,0.0,0.0,1.0,-0.9144407874175006,-0.4047197132674184,6.091380049312026,13,23,False
78,86,SUCCESS,0.084,94.8,87,3,4,40.52911434487328,-0.6367411245948785,-0.1297899578248393,0.7600758561469215,-0.9799309379538704,-0.1993372941545247,0.1306225819924277,0.155539664336265,0.2031128900592144,37.21120583003242,44.95680425229523,-0.6823948471043637,-0.1832576462545898,0.7076396736578862,-0.9736625944910546,-0.2279937544954868,9.140561535040373,13,23,False
54,55,DEFECT,0.084,53.7,86,3,4,0.0,3.2219585745563444e-11,0.0,1.0,-0.999061014294093,-0.0433253934507015,0.0339020847014763,0.1115591280993511,0.1165966998220512,0.0,0.0,0.0,0.0,1.0,-0.9990610142940912,-0.043325393450743,4.156379999999994,14,23,False
54,113,DEFECT,0.084,84.6,86,3,4,0.0738515643918739,-0.0012889525994552,0.0,0.9999991693002532,-0.3044089361855021,0.9525414424424854,-0.1153453529703904,0.1052103913978834,0.15612103288782,0.0,0.0,0.0,0.0,1.0,-0.3025892174135682,0.953121065502722,6.548292460519289,14,23,False
54,115,DEFECT,0.084,90.9,86,3,4,0.3611931259121278,-0.0021705043202155,-0.005918523261662,0.999980129799286,0.1158517529680994,0.9932665157621184,-0.1880943818941712,0.0600479902190317,0.1974468476058689,0.0,0.0,0.0,0.0,1.0,0.121545747574893,0.9925858306698018,7.042105529740529,14,23,False
74,73,SUCCESS,0.086,53.1,85,3,4,0.0,0.0,9.176683150176716e-16,1.0,-0.413291763099587,0.9105986594290784,0.0954096772321423,0.0742681694599886,0.1209080952809991,0.0,0.0,0.0,0.0,1.0,-0.4132917630995866,0.9105986594290786,4.109940000000006,15,23,False
74,27,SUCCESS,0.086,84.8,85,3,4,8.949010252778065,0.1295808652093432,-0.086059795088814,0.9878271665837448,0.6589085560717644,0.7522230485271125,0.1025704802840471,0.0556837848793658,0.1167106992704251,0.0,0.0,0.0,0.0,1.0,0.7570210598233029,0.6533904766554248,9.598181614591777,15,23,False
74,115,SUCCESS,0.086,90.9,85,3,4,0.0,0.0,0.0,1.0,-0.9075431184850136,0.4199589123836957,-0.0282593961678577,0.1352773096921729,0.1381974818487081,0.0,0.0,0.0,0.0,1.0,-0.9075431184850136,0.4199589123836959,7.035659599999994,15,23,False
52,100,SUCCESS,0.05,91.1,84,1,2,0.2429434392769686,0.00315372433668,0.0028342365068234,0.9999910105227104,0.9987208531042576,-0.0505634015341529,0.113308500582528,0.0821513049245705,0.1399558973572408,0.0,0.0,0.0,0.0,1.0,0.9988307147328556,-0.0483446305834799,7.054060041556001,16,23,False
118,119,APPROACH_BLOCKED,0.062,81.4,83,1,2,0.0365580877884104,3.725390357107468e-05,-0.0006369704696018,0.9999997964403632,0.3984932492174682,0.9171712655377428,0.0777725617556772,0.0358283360047822,0.0856285059014356,9.859936885396188,0.0098032368454304,0.0001053566645363,-0.0001348137927988,0.9999999853626071,0.3723487783602314,0.9280928764157408,6.560505695913678,17,23,True
25,43,SUCCESS,0.058,83.3,83,2,3,16.905560598411526,-0.286478095541659,0.0499205656149021,0.9567853666855028,0.6831164764597731,0.7303094409831932,-0.1145504354283187,0.1704140474924823,0.2053357003533176,16.795539689167704,19.24482613110254,-0.3237345412613018,0.0619327137010286,0.9441187879541224,0.6581306201048082,0.7529037700001645,6.783765206349393,18,23,False
25,44,SUCCESS,0.058,82.0,83,2,3,15.1224811377308,0.2567083899977318,-0.0464855293494032,0.9653703424416342,0.904032435919192,0.427463863742904,0.0041610764980326,0.244939173771011,0.2449745158281734,15.234231791665326,16.9679138396446,0.2866241169711914,-0.0549084348229117,0.9564683368286598,0.9067562124199284,0.4216552753587526,6.596121592218324,18,23,False
70,72,SUCCESS,0.084,51.8,82,3,4,0.0,-2.7049788269333826e-12,7.673160900345065e-13,1.0,-0.7380568873891329,0.6747384908077091,-0.085854029175497,0.0974826303645154,0.1298991052642467,0.0,0.0,0.0,0.0,1.0,-0.7380568873881278,0.6747384908088084,4.009320000000003,19,23,False
70,44,SUCCESS,0.084,82.0,82,3,4,18.57750869364738,0.3128780392912399,-0.0600430054366245,0.9478935436152136,-0.5383984359753778,0.8426904082397441,0.0142103213759388,0.2736725639929819,0.2740412478370733,18.373460898614795,20.2121154590196,0.3393110431767062,-0.0650841318880155,0.938419986868736,-0.5340626268469403,0.8454449187293906,6.567101038104465,19,23,False
70,43,SUCCESS,0.084,83.3,82,3,4,22.325711910598816,-0.3730650379597431,0.0715869698405703,0.925039341434266,-0.5831873174870618,0.8123377085438328,0.1293114098073565,0.2907189940061567,0.3181807256612472,22.50216458163049,25.933767864903405,-0.4295131898778009,0.0823261178980282,0.8993001890541534,-0.5685430933018492,0.8226534817642024,7.211702654334353,19,23,False
92,91,SUCCESS,0.054,49.2,89,1,2,0.0,-6.759550403958687e-14,-2.464109914886313e-13,1.0,-0.9992594401895556,0.0384781911224567,0.0672078850000017,0.0305044900960696,0.0738066644835998,0.0,0.0,0.0,0.0,1.0,-0.9992594401895676,0.0384781911221371,3.808079999999992,1,24,False
68,67,APPROACH_BLOCKED,0.084,53.1,88,3,4,0.0,3.261393191572808e-12,-2.7589310749685923e-11,1.0,0.9731567614624904,-0.2301432545608012,0.068894298404969,0.0385396178833285,0.0789412851384235,111.04468261735356,0.0,1.120473012636578e-12,7.946204648277403e-12,1.0,0.9488237226123272,-0.3158061801296574,4.595432528898592,2,24,False
68,19,APPROACH_BLOCKED,0.084,45.3,88,3,4,0.0,0.0,1.075677428861775e-15,1.0,0.4277013032160778,0.9039201265749472,-0.1413442850953978,0.1806171817728612,0.2293485846494369,0.0,0.0,0.0,0.0,1.0,0.4277013024310422,0.9039201269463968,3.5062195846437403,2,24,False
68,2,APPROACH_BLOCKED,0.084,51.8,88,3,4,0.0,1.176813949745664e-12,-2.878537718802344e-13,1.0,0.945269065654766,-0.3262918839262871,-0.1482224730950752,0.2675182331842365,0.3058364049887389,0.0,0.0,0.0,0.0,1.0,0.9452690655203224,-0.3262918843157709,4.009319584643747,2,24,False
2,3,SUCCESS,0.052,60.1,88,1,2,1.9090959104164224e-06,-2.9025274079489683e-08,0.0,0.9999999999999994,0.99063182629713,-0.1365598210573414,0.1343345245331511,0.0579705776465237,0.1463090986720218,0.0,0.0,0.0,0.0,1.0,0.990631825362466,-0.1365598278375774,4.651740000000066,3,24,False
5,16,SUCCESS,0.084,81.69999999999999,87,3,4,0.0025264809673025,2.632321794859428e-05,3.5376453529189194e-05,0.9999999990277972,0.0573914166459645,0.9983517542907258,-0.1687146865159467,0.0107676336291038,0.1690579408964417,0.0,0.0,0.0,0.0,1.0,0.0569070908438929,0.9983794784608128,6.323580101656199,4,24,False
5,114,SUCCESS,0.084,84.4,87,3,4,0.1330572144351993,-2.839107556839919e-09,0.0023222843980627,0.9999973034939516,0.4237124734421579,0.9057967431215066,0.022687688971407,0.2062245398786565,0.2074687737444526,0.0,0.0,0.0,0.0,1.0,0.4238231555884426,0.9057449601223596,6.533377700616516,4,24,False
5,17,SUCCESS,0.084,68.3,87,3,4,0.0001082644234255,-1.4242359817834744e-06,1.2417884891179737e-06,0.9999999999982148,0.9652105527436132,0.2614738779923692,-0.1734777409905987,0.1050577076464146,0.2028093897114253,0.0,0.0,0.0,8.918043105314496e-17,1.0,0.9652113832061976,0.2614708123848225,5.286420000433462,4,24,False
16,17,NEIGHBOR_KNOCKED,0.08,68.3,86,3,4,0.0,0.0,8.918043105314496e-17,1.0,0.986506629772196,0.1637213163137391,-0.002688228,0.1021694167663876,0.1022047762688408,23.586155260318613,0.0002831016085283,4.236720644026903e-06,2.5425030395120457e-06,0.999999999987793,0.988191938768516,0.1532210564932955,5.797121395774035,5,24,False
16,4,NEIGHBOR_KNOCKED,0.08,84.0,86,3,4,0.2242131972822618,0.003675012437772,0.0013445436587849,0.9999923432136528,0.7864376124284759,0.6176697189904959,-0.0291936693883827,0.1910422077254741,0.1932599168606397,0.0,0.0,0.0,0.0,1.0,0.786135171292558,0.6180546031353705,6.503910721674523,5,24,False
16,51,NEIGHBOR_KNOCKED,0.08,53.7,86,3,4,0.0,-6.696722978631201e-12,6.192744666662126e-11,1.0,0.9409567705925622,0.3385267432212944,-0.0550910275966531,0.2282577868738532,0.2348119217378124,0.0,0.0,0.0,0.0,1.0,0.9409567707270136,0.3385267428475781,4.15637998801699,5,24,False
4,51,NEIGHBOR_KNOCKED,0.082,53.7,85,3,4,0.0,0.0,0.0,1.0,0.8473432152229284,-0.5310456436274288,-0.0204967244999999,0.0765003710839248,0.0791986268265245,34.479895769891606,0.0,3.5142993430010446e-11,1.7361912198003768e-11,1.0,0.8526768118799956,-0.5224387566807871,4.169476843566925,6,24,False
4,17,NEIGHBOR_KNOCKED,0.082,68.3,85,3,4,0.0,5.816026663734324e-11,3.490308038385567e-11,1.0,-0.4454528976863821,-0.8953053758035888,0.0296195182934527,0.1145497868898922,0.118317241095522,0.0,0.0,0.0,0.0,1.0,-0.4454528950644599,-0.8953053771081079,5.286420001201632,6,24,False
4,113,NEIGHBOR_KNOCKED,0.082,86.3,85,3,4,0.2599672147845148,0.0040186057936259,-0.0021065637644424,0.9999897065453132,0.6709006215176934,0.741547271620072,0.2847782576192908,0.1165508060110791,0.3077056164494099,0.0,0.0,0.0,5.646371671777335e-16,1.0,0.6774401298033768,0.7355779160170484,6.682748216533511,6,24,False
51,17,SUCCESS,0.052,68.3,84,1,2,0.0,0.0,0.0,1.0,-0.8734160527592215,-0.4869747414214628,0.0471367862999999,0.130925086203222,0.1391519127429191,0.0,0.0,0.0,0.0,1.0,-0.8734160527592215,-0.4869747414214628,5.28642,7,24,False
64,74,SUCCESS,0.054,55.0,83,3,4,0.0,8.547810059358655e-12,-1.1179165409604551e-10,1.0,0.863233115209648,0.5048054960135107,-0.0979681788850659,0.1032713734295273,0.1423472537286095,0.0,0.0,0.0,0.0,1.0,0.8632331151459297,0.504805496122471,4.256999999999997,8,24,False
64,73,SUCCESS,0.054,68.2,83,3,4,13.337481789950903,-0.0839435867950936,-0.2148712491622931,0.9730281704654856,0.987563659896202,-0.1572196477938384,-0.1731192860176077,0.063365644460854,0.1843515448516383,13.332635546920978,23.403769169757528,-0.1804166584336697,-0.3538703634632895,0.9177284975536,0.7095394862954483,-0.7046656777419993,9.092513920719584,8,24,False
64,14,SUCCESS,0.054,57.4,83,3,4,0.0,1.433574787825963e-09,0.0,1.0,-0.908138354079735,0.4186701922150057,0.0431600675976058,0.1708248481320469,0.1761928493848908,0.0,0.0,0.0,0.0,1.0,-0.9081383542695624,0.4186701918032505,4.442759699999958,8,24,False
86,85,SUCCESS,0.044,63.70000000000001,82,3,4,2.0040961077443264e-05,1.228974849221079e-07,3.274960763291349e-07,0.9999999999999388,0.958271726072634,0.2858588795363452,0.0054708095376269,0.1009411379413835,0.1010892827449992,0.0,0.0,0.0,0.0,1.0,0.95827175039181,0.2858587980122642,4.930380000014068,9,24,False
86,78,SUCCESS,0.044,84.3,82,3,4,0.1819176030540986,-0.0031750558060022,0.0,0.9999949594976112,0.009733898283355,-0.9999526244898852,-0.0365498459776372,0.0979826351773236,0.1045776650976751,0.0,0.0,0.0,5.780330667549039e-16,1.0,0.0124738052280591,-0.9999221990650734,6.526345941669488,9,24,False
86,112,SUCCESS,0.044,52.2,82,3,4,0.0,-2.1339585572360955e-12,-1.9708311478410788e-13,1.0,-0.9880497278838656,-0.1541354444267085,-0.1416268146998913,0.0507698623709774,0.1504517649188781,0.0,0.0,0.0,0.0,1.0,-0.988049727696616,-0.1541354456270287,4.040280100000008,9,24,False
71,72,GRASP_FAILED,0.082,73.3,81,3,4,0.002475103053422,4.269608180544553e-06,-4.298718265128326e-05,0.9999999990669364,-0.9977854462746092,-0.06651468411245,0.0276617161632912,0.0795300006120285,0.0842032751052341,0.0002115412659311,0.0,2.613420321044333e-10,8.724415846097597e-10,1.0,-0.9977859714499812,-0.0665068054985148,5.673420252269089,10,24,True
71,83,GRASP_FAILED,0.082,71.5,81,3,4,0.0012673708300261,-2.211978937731057e-05,1.2661073588961116e-08,0.9999999997553574,0.8638141393721303,-0.5038106118580533,-0.0945071568354037,0.1432314192861103,0.1716008221536981,0.000159319744307,0.0,-1.7454913831507003e-10,-1.2028706431598416e-13,1.0,0.8638194081580634,-0.5038015780934525,5.534100360762671,10,24,False
71,84,GRASP_FAILED,0.082,55.0,81,3,4,0.0,1.543407752073626e-10,-7.295584236608084e-11,1.0,0.6855890195912815,-0.7279888022599423,-0.1217574660780098,0.2015545590202305,0.2354763699558351,0.0,0.0,0.0,0.0,1.0,0.6855890198161685,-0.7279888020481533,4.257000300333743,10,24,False
84,83,SUCCESS,0.05,71.5,81,3,4,0.0,0.0,0.0,1.0,-0.1903110340308836,0.9817238462653822,0.0246988469999999,0.0759561371394482,0.0798709447313357,0.0,0.0,0.0,0.0,1.0,-0.1903110340308836,0.9817238462653822,5.534100000000004,11,24,True
84,18,SUCCESS,0.05,90.9,81,3,4,0.3506594556812042,-0.0055697799035207,-0.0025364281472953,0.9999812718666684,0.9937605873157872,-0.1115342776808182,-0.0854379050068913,0.1362177743208233,0.1607946443538632,0.0,0.0,0.0,0.0,1.0,0.9941051415611476,-0.1084203279910669,7.041735801005122,11,24,False
84,48,SUCCESS,0.05,82.8,81,3,4,0.0408932921482948,0.0005568883058031,0.0004464025803445,0.9999997453000432,0.8176815446239516,0.5756708187683206,-0.1303758605801805,0.0983406411038839,0.1633056848818974,0.0,0.0,0.0,0.0,1.0,0.8177278584494829,0.5756050290916701,6.408796229722272,11,24,False
83,71,SUCCESS,0.068,82.0,80,3,4,0.0045469511670665,-7.935926814283545e-05,0.0,0.9999999968510532,-0.8638030034364098,0.5038297046167859,0.1166506380302136,0.1432259950907146,0.1847188594123008,0.0,0.0,0.0,0.0,1.0,-0.8638128398783064,0.5038128399131722,6.346800892417958,12,24,False
83,48,SUCCESS,0.068,82.8,80,3,4,0.0,0.0,0.0,1.0,0.982368285911746,-0.1869560131015256,-0.1568939539999999,0.0964686441521726,0.1841790218953087,0.0,0.0,0.0,0.0,1.0,0.9823682860566744,-0.1869560123399947,6.408720400000108,12,24,False
83,109,SUCCESS,0.068,76.39999999999999,80,3,4,0.0285381498823047,0.0004980846574107,-2.419144675079361e-09,0.9999998759558294,-0.1020503327450578,0.9947792366081144,-0.0792545710304347,0.1556057887082695,0.1746265973691889,0.0,0.0,0.0,0.0,1.0,-0.1024391871327199,0.9947392688235382,5.913394695312489,12,24,False
18,48,SUCCESS,0.09,82.8,79,3,4,0.0,0.0,0.0,1.0,-0.6160034691433122,0.7877434392004826,-0.0572896099999999,0.0906124182671025,0.1072040566311016,0.0,0.0,0.0,0.0,1.0,-0.6160034691433122,0.7877434392004826,6.408720000000007,13,24,False
18,89,SUCCESS,0.09,67.6,79,3,4,0.0002771807404462,-4.837725575513401e-06,0.0,0.9999999999882982,0.32723174699008,0.944944116740149,-0.1360578591720949,0.0329552187778353,0.1399920979455219,0.0,0.0,0.0,0.0,1.0,0.3272546280163764,0.944936192788626,5.232240002815719,13,24,False
18,88,SUCCESS,0.09,71.7,79,3,4,0.0038606312252546,-6.73799265488785e-05,3.279036815654788e-07,0.9999999977299188,0.8263673389401681,-0.5631314421455662,-0.1623616968493612,0.0583795412756941,0.1725383767263514,0.0,0.0,0.0,0.0,1.0,0.8264411594235047,-0.5630230990028148,5.549580587707029,13,24,False
89,88,NEIGHBOR_KNOCKED,0.066,71.7,78,3,4,0.0,0.0,0.0,1.0,0.5051678131544816,-0.8630211356349964,-0.026935308,0.0741769343260613,0.0789159578480023,12.20187355911614,0.0009513368001096,-3.117875118707576e-06,1.6308592838765302e-05,0.9999999998621544,0.5099136216051252,-0.8602256090709838,5.623405284085631,14,24,True
89,48,NEIGHBOR_KNOCKED,0.066,82.8,78,3,4,0.0,0.0,0.0,1.0,-0.8559181213917615,0.5171113704737095,0.076415237,0.0778139878516668,0.1090610157258106,0.0,0.0,0.0,0.0,1.0,-0.8559181228485444,0.5171113680624551,6.408720015582504,14,24,False
89,10,NEIGHBOR_KNOCKED,0.066,86.2,78,3,4,0.1382362847151955,-0.0011734238356932,-0.0021080991091759,0.9999970894930884,0.9984145669372168,0.0562881206612024,0.0675472998123299,0.1872294405394099,0.19904145577401,0.0,0.0,0.0,0.0,1.0,0.9984259982350944,0.0560849895092746,6.672760146154818,14,24,False
96,104,SUCCESS,0.056,57.8,77,3,4,0.1076953659266845,-0.0017732974646628,0.0006232605202006,0.9999982334796528,0.6384347356951202,-0.7696759631545618,0.08281993320299,0.067364687827561,0.1067574002205584,0.1076799348506789,0.0,-9.778879456919678e-12,3.4946206560501738e-12,1.0,0.6379316020019845,-0.770093027605874,4.4742061121058025,15,24,False
96,105,SUCCESS,0.056,83.5,77,3,4,0.0747472953253918,-0.0013045860403208,0.0,0.9999991490272696,0.183392795353019,-0.9830397156842676,-0.0387807675867423,0.0934304225481472,0.1011592397764152,0.0,0.0,0.0,0.0,1.0,0.1845573235483886,-0.9828217510437258,6.463156325055149,15,24,False
96,103,SUCCESS,0.056,66.10000000000001,77,3,4,0.0607191973111739,0.0010072814228325,-0.0003293229288617,0.9999994384651144,0.7989918887991303,-0.601341801002723,0.0555426829228231,0.1164871733303825,0.1290513509296507,0.0623787180939954,0.0,5.324501590835972e-09,-1.8328193624186742e-09,1.0,0.7990146540590876,-0.6013115520251017,5.116317936554921,15,24,False
105,103,SUCCESS,0.084,66.10000000000001,76,3,4,0.3367457956594546,0.0058603414085873,-0.0004460101270763,0.9999827285876198,0.9606752314661432,0.2776744490360461,0.0973114086453372,0.078579714746767,0.1250771035090879,0.0,0.0,0.0,0.0,1.0,0.9611037505134962,0.2761875825392793,5.120272101563252,16,24,False
105,104,SUCCESS,0.084,57.8,76,3,4,39.75861078370532,-0.1951521886855796,-0.6090530638490862,0.7687457243245447,0.3617608557523694,0.9322709280275306,0.0746813877894004,0.0954278945863873,0.1211767005135123,0.0,0.0,0.0,0.0,1.0,0.5400099960405025,0.8416586031024316,21.21248564979224,16,24,False
105,11,SUCCESS,0.084,91.1,76,3,4,0.216512836496549,0.0036116942179835,-0.0011114827642736,0.9999928601099812,-0.9989803103495986,-0.0451479737509859,0.2460829850303811,0.1300232688188921,0.2783215513678606,0.0,0.0,0.0,0.0,1.0,-0.9988919576352888,-0.0470622669613392,7.053327573973586,16,24,False
108,106,NEIGHBOR_KNOCKED,0.072,84.6,75,2,3,0.2830916582344506,0.0012379815560892,-0.004783253413671,0.9999877938697288,0.9532144216733044,-0.3022949988240427,0.0144441504819824,0.1008616830571008,0.1018906894287069,12.09711645094384,0.1083157266761009,-0.0011050865852322,0.0015338322313317,0.999998213069566,0.9562928018997964,-0.2924108018432916,6.642148142690586,17,24,False
108,107,NEIGHBOR_KNOCKED,0.072,51.4,75,2,3,0.0,-3.451204692255234e-12,-9.811998850369405e-14,1.0,0.3246227826643709,0.9458435647480194,-0.0771497611000874,0.0751253085058729,0.1076842496185173,0.0,0.0,0.0,0.0,1.0,0.3246227825514426,0.9458435647867774,3.978359629270872,17,24,False
107,106,SUCCESS,0.052,84.6,74,2,3,0.0010018905508325,1.022177722632157e-05,-1.4187515835267463e-05,0.9999999998471149,0.5775856986686847,-0.8163300562232212,0.086317098175804,0.122819034165328,0.150117142894459,0.0,0.0,0.0,0.0,1.0,0.5775857366996974,-0.816330029314779,6.548040046432525,18,24,False
107,101,SUCCESS,0.052,87.3,74,2,3,0.0907293671086072,-0.000308694074732,0.0015531455336493,0.9999987462226738,-0.3268417775359037,0.9450790720660208,-0.1431838824619558,0.1300071743991841,0.1933998179733865,0.0,0.0,0.0,0.0,1.0,-0.3271456096894838,0.9449739414718776,6.757371882782833,18,24,False
63,62,SUCCESS,0.078,83.8,73,3,4,0.3765802957943095,-0.0057863428056268,0.003117088306216,0.99997840076545,-0.6981689554998637,-0.7159330342819986,-0.0040776526532358,0.1710671527077151,0.1711157444149578,0.0,0.0,0.0,0.0,1.0,-0.6967862262880439,-0.7172788543204567,6.492619242522799,19,24,False
63,43,SUCCESS,0.078,82.8,73,3,4,0.0952657369519398,0.0016618814185405,5.216768757384445e-05,0.9999986177133864,0.8101737530836378,-0.5861898069860756,-0.2884394376675513,0.1308685553667819,0.3167394638906899,0.0,0.0,0.0,0.0,1.0,0.8086374363398063,-0.5883073147172196,6.409132608459477,19,24,False
63,88,SUCCESS,0.078,71.7,73,3,4,0.0,2.431733645128005e-10,-1.271964383891354e-09,1.0,0.801267473358013,-0.5983063062833835,0.1260547140168535,0.2449979969251508,0.275524607654574,0.0,0.0,0.0,0.0,1.0,0.8012674731761968,-0.5983063065268763,5.549580000000026,19,24,False
54,55,DEFECT,0.078,59.8,72,3,4,1.2074182697257331e-06,6.246472063110775e-09,-1.0287960231646956e-08,0.9999999999999998,-0.9364811634495378,-0.3507178787917722,-0.0308898314074529,0.1657512734917189,0.1686050602695763,0.0,0.0,0.0,0.0,1.0,-0.9364811650747218,-0.3507178744522321,4.628520000000012,20,24,False
54,95,DEFECT,0.078,70.1,72,3,4,0.0013404512708193,-1.4904921418132266e-07,2.3394812060236343e-05,0.9999999997263302,0.6346174238799389,-0.7728264522569024,-0.0165705368073274,0.2661109707606423,0.2666263892589299,0.0,0.0,0.0,0.0,1.0,0.6346150064217245,-0.7728284373807389,5.425740105646438,20,24,False
54,98,DEFECT,0.078,53.7,72,3,4,0.0,1.4277268204035672e-11,1.0246349123320833e-10,1.0,-0.4988062727746628,-0.8667135064371899,-0.1194254537903922,0.3281222446059416,0.3491799627960953,0.0,0.0,0.0,0.0,1.0,-0.4988062724958012,-0.8667135065976788,4.15638027700004,20,24,False
43,42,NEIGHBOR_KNOCKED,0.084,88.3,71,1,2,0.1156805323637747,0.0019951878991352,0.0003092015901828,0.9999979618077348,0.9195915654135244,0.3928757473047979,0.0300286219922383,0.1130793182127904,0.1169985057435446,9.707986020578083,0.1288319745157821,0.0016265419433029,0.0015525123279019,0.9999974720301938,0.921048628109404,0.389447589102545,6.845319613723289,21,24,False
25,24,SUCCESS,0.062,56.1,70,2,3,0.0,-1.4798168593337183e-09,-4.3470038254340584e-10,1.0,0.9200476143443814,-0.3918065687800707,-0.0312132500605918,0.1348170643163177,0.1383831919353473,0.0,0.0,0.0,0.0,1.0,0.9200476145242424,-0.3918065683577181,4.342139999999995,22,24,False
25,23,SUCCESS,0.062,77.3,70,2,3,0.0042219459029225,-7.368685756600006e-05,0.0,0.9999999972851236,0.8609620886401208,-0.5086691281417035,-0.1039727443959452,0.0532914355434755,0.1168345354743578,0.0,0.0,0.0,0.0,1.0,0.8610150249486044,-0.5085795186721092,5.98302055946228,22,24,False
33,34,SUCCESS,0.064,78.0,69,3,4,0.0489757727987238,0.0008532907652044,5.057719848604431e-05,0.9999996346683416,0.6039373406883903,-0.7970317989404406,0.0668586076623602,0.0362435251497136,0.0760504209970421,0.0,0.0,0.0,0.0,1.0,0.6042875564543227,-0.7967663077179302,6.03730285791112,23,24,True
33,24,SUCCESS,0.064,56.1,69,3,4,0.0,0.0,0.0,1.0,-0.9932233824674124,-0.1162209642017842,-0.0116145977635333,0.142615286878014,0.1430874520442198,0.0,0.0,0.0,0.0,1.0,-0.993223382491694,-0.1162209639942734,4.342139900000007,23,24,False
33,23,SUCCESS,0.064,77.3,69,3,4,0.0,0.0,0.0,1.0,-0.9991365622899726,0.0415467194297666,-0.0876524707635333,0.2199840871810195,0.2368036195749939,0.0,0.0,0.0,0.0,1.0,-0.9991365622843116,0.0415467195659047,5.983019899999984,23,24,False
61,63,APPROACH_BLOCKED,0.052,83.3,94,2,3,0.0407346813398554,0.0006853075439015,-0.0001892340209624,0.9999997472719958,-0.9846261207292668,-0.1746751338274432,0.0545060360847071,0.0408177539542933,0.0680954991724168,0.5962115085567218,0.0031884799515376,5.254331061719512e-05,1.833205409147075e-05,0.999999998451568,-0.9846626972885852,-0.1744688297902192,6.447588322690305,1,25,True
61,62,APPROACH_BLOCKED,0.052,90.8,94,2,3,0.2334394539463474,7.558608417332611e-09,-0.0040742758033414,0.9999917001038948,-0.8184299452757576,0.574606321472293,0.059815826115953,0.1353658203139119,0.1479926969927645,0.0,0.0,0.0,2.683270238295066e-16,1.0,-0.818546784862622,0.574439867167195,7.030613629680036,1,25,False
40,41,SUCCESS,0.076,53.7,94,1,2,0.0,0.0,2.2909053750679212e-11,1.0,-0.7896756697751837,-0.6135245199379686,0.0947298246358045,0.1007362823174218,0.1382806503118408,0.0,0.0,0.0,0.0,1.0,-0.7896756697822509,-0.6135245199288724,4.156380000000001,2,25,False
94,15,SUCCESS,0.092,63.0,93,2,3,2.196705006686931e-05,2.553506304853538e-07,2.8607064697622933e-07,0.9999999999999264,-0.9751640946930346,-0.2214836075684028,0.0544929030320132,0.1206667374468687,0.1324006722298944,0.0,0.0,0.0,0.0,1.0,-0.9751641022894904,-0.2214835741221733,4.87620000001672,3,25,False
94,16,SUCCESS,0.092,83.4,93,2,3,0.0694379964715825,0.000914727199045,-0.0007950016055352,0.9999992656230297,-0.831444757783186,-0.555607428635416,-0.0266163299250254,0.1611998537270143,0.1633824404894498,0.0,0.0,0.0,0.0,1.0,-0.8317429946721907,-0.5551608693106315,6.455380929798699,3,25,False
16,15,SUCCESS,0.082,63.0,92,1,2,0.0,0.0,0.0,1.0,0.2531352892613879,0.9674308891753216,0.084215739,0.0648927802517404,0.1063172781071674,0.0,0.0,0.0,0.0,1.0,0.2531352892613879,0.9674308891753216,4.876199999999997,4,25,False
59,57,NEIGHBOR_KNOCKED,0.092,84.8,91,3,4,0.507296863278912,-0.0088263100061407,-0.000698232711032,0.9999608035931992,0.9862463917389828,-0.1652817436435028,-0.0364258673333476,0.0880219509006246,0.0952612599713998,67.95984270191386,0.1753592388747784,0.001246211481928,-0.002795384791616,0.9999953163794364,0.9732271108355292,-0.2298455801940263,6.683013979672633,5,25,True
59,81,NEIGHBOR_KNOCKED,0.092,53.1,91,3,4,0.0,-4.694561682551656e-12,-1.7073219000903789e-12,1.0,-0.5735851872535405,-0.8191459167714388,-0.1282422283208471,0.0853386178046577,0.1540413866904142,0.0,0.0,0.0,0.0,1.0,-0.5735851874685339,-0.8191459166208954,4.109939995147417,5,25,False
59,58,NEIGHBOR_KNOCKED,0.092,90.9,91,3,4,0.4796921896815275,0.0078039009239442,0.0030317257855677,0.9999649532704288,0.999754105777204,0.0221749403972746,-0.0205167413623211,0.1718202540108066,0.1730408517213969,14.986608472940423,0.3780897658902845,0.0059645635609368,0.0028229381106484,0.9999782272639496,0.9997468643418932,0.0224990497255326,7.079346962658408,5,25,False
58,57,SUCCESS,0.09,84.8,90,2,3,0.0016636155771764,-1.1822742211813442e-05,2.6519555879858574e-05,0.999999999578468,-0.965488568737228,-0.2604454331289746,-0.0090898815024462,0.0887270557666881,0.0891914590684192,0.0791500454098479,0.0007508918590394,-1.3105167400635357e-05,-9.846378453192337e-08,0.9999999999141224,-0.9654910976211174,-0.2604360582069431,6.563558468437013,6,25,True
58,81,SUCCESS,0.09,53.1,90,2,3,0.0,0.0,0.0,1.0,-0.9477443669509268,-0.319030742896021,-0.10074547584306,0.230334766268675,0.2514035708873081,0.0,0.0,0.0,0.0,1.0,-0.947744367143954,-0.319030742322595,4.10993999774974,6,25,False
81,57,SUCCESS,0.054,84.8,89,1,2,7.091976543484069e-06,1.2432800468463726e-07,9.341205041507e-10,0.9999999999999925,0.9348394028855612,0.3550708250653209,0.0867480189360834,0.1418695144970579,0.1662894402328844,0.0,0.0,0.0,0.0,1.0,0.934839407049297,0.3550708141029318,6.563520000002348,7,25,False
70,2,SUCCESS,0.054,78.39999999999999,88,3,4,9.098078034565688,0.06818567815486,-0.142668186515057,0.9874191115484178,-0.1650452108903323,0.9862860023148284,0.0230950670466288,0.0706342028160899,0.0743140143536386,9.399377764326308,10.964528090637154,0.0615145692559125,-0.1799790720533536,0.9817451254740578,-0.1678431130548333,0.9858137194217084,6.325952268087968,8,25,True
70,0,SUCCESS,0.054,82.8,88,3,4,8.916926696965165,-0.0460152129527593,0.1480145176057557,0.9879141170946228,-0.2437267119876502,0.9698439512950984,0.0298752660726816,0.1376718569182957,0.1408760863675776,8.637259588979477,9.32223047663662,-0.0524893490967848,0.1532467308371196,0.9867929406512448,-0.2442838108148918,0.969703779395416,6.425620416601182,8,25,False
70,1,SUCCESS,0.054,54.6,88,3,4,0.0,-1.3196012637524424e-10,1.1584100258354408e-11,1.0,-0.4439882206734976,0.8960326221199658,-0.0652311276857943,0.2059736163014731,0.2160560821441203,0.0,0.0,0.0,0.0,1.0,-0.4439882201064368,0.896032622400947,4.226039793807174,8,25,False
90,89,NEIGHBOR_KNOCKED,0.088,81.60000000000001,87,3,4,24.738958409510023,-0.3077398310324434,-0.2835941764506613,0.9082238377621424,-0.6479328828011928,-0.761697432964649,0.0473587862938967,0.0640722133623652,0.0796749845584135,73.29403466526344,0.0400982933772557,0.0001172350360347,0.0006899579922632,0.9999997551069276,-0.729985364414647,-0.6834627771432875,25.09640014079124,9,25,True
90,109,NEIGHBOR_KNOCKED,0.088,55.2,87,3,4,12.624967738318244,0.2141146580089648,-0.0438987506616177,0.975821609166375,0.3987154313305324,-0.9170746996940368,-0.0226324315670286,0.2155382138187458,0.2167232072824957,11.940462658903728,12.41493210338928,0.1933804400226027,0.0939395712195094,0.9766162820554238,0.4368947869371115,-0.8995126153352022,6.286127203046528,9,25,False
90,110,NEIGHBOR_KNOCKED,0.088,51.1,87,3,4,48.781891041246,-0.2743149835760218,0.7004043026665308,0.6589272361891696,-0.250291636550032,-0.9681704894661408,-0.181735552472858,0.0881075651329011,0.2019672103740193,48.9810845446664,14.300179364338636,-0.2224027953754962,-0.1074570027862865,0.9690149581721392,0.1059967298127421,-0.9943664783514196,27.170022113179375,9,25,False
92,25,SUCCESS,0.042,48.0,86,3,4,0.0,0.0,-3.2993043638369786e-15,1.0,-0.0296810083814714,0.9995594218161616,-0.0853644362000001,0.0233176582515221,0.0884918084009964,0.0,0.0,0.0,0.0,1.0,-0.029681008381471,0.9995594218161616,3.715199999999988,10,25,False
92,91,SUCCESS,0.042,71.7,86,3,4,0.001379741270214,-2.5856861740151592e-11,-2.408103229850884e-05,0.999999999710052,0.9411166961084236,-0.3380818899408324,-0.0384396099693096,0.1008131534593663,0.1078929818153822,0.0,0.0,0.0,1.6990302485159834e-16,1.0,0.941122721417539,-0.3380651168512439,5.549580075166414,10,25,False
92,1,SUCCESS,0.042,54.6,86,3,4,0.0,0.0,0.0,1.0,-0.5108377531702555,-0.8596771428483865,0.0908756963,0.0750788904147754,0.1178780385140662,0.0,0.0,0.0,0.0,1.0,-0.5108377533671272,-0.8596771427314013,4.226039500000112,10,25,False
91,93,APPROACH_BLOCKED,0.072,90.1,85,3,4,17.258895477776267,0.2964332299071831,0.0123370730902601,0.9549738932737172,-0.9999567273251674,0.0093028746708178,0.102135906558665,0.0387890384383187,0.1092535258539958,91.20053424015435,0.9428272669198298,0.0061703084582152,0.0152539949501628,0.9998646123008808,-0.9965818469864662,0.0826112719732803,30.549085609550666,11,25,False
91,25,APPROACH_BLOCKED,0.072,48.0,85,3,4,0.0,0.0,0.0,1.0,-0.8573062402912053,0.5148067699222282,-0.0432552454999999,0.1114759569083943,0.1195738484448312,0.0,0.0,0.0,0.0,1.0,-0.8573062402020758,0.5148067700706555,3.715199523380723,11,25,False
91,104,APPROACH_BLOCKED,0.072,78.60000000000001,85,3,4,0.0189221634500413,-0.0001515134473881,0.0002934474596289,0.9999999454661304,-0.9690603901541992,0.2468237432545572,-0.1412077150569172,0.0671051967624476,0.1563416970104979,0.0,0.0,0.0,0.0,1.0,-0.9692292202508752,0.2461599451817458,6.083655452641532,11,25,False
115,116,SUCCESS,0.056,82.8,85,3,4,0.0766496092382759,-0.0013377876526091,0.0,0.999999105161698,0.9834870781590466,-0.1809783608451059,-0.0663878085323844,0.0842198567213895,0.1072395700658293,0.0,0.0,0.0,0.0,1.0,0.983545969295808,-0.1806580368596125,6.40898765052556,12,25,False
115,21,SUCCESS,0.056,50.1,85,3,4,0.0,-1.1804587314209688e-12,5.957288395320576e-14,1.0,0.2970870292860578,0.9548504055766982,-0.0996741554000135,0.0460192271201075,0.1097848191665773,0.0,0.0,0.0,0.0,1.0,0.2970870297645946,0.9548504054278087,3.8777400000000046,12,25,False
115,20,SUCCESS,0.056,76.2,85,3,4,7.761492487286689,-0.0980189358928823,-0.0929015796935888,0.9908388288197344,-0.9972492494923696,0.0741210792346242,-0.1370538542311285,0.0457736902859306,0.1444956389722531,7.760852935712619,0.0006537620827673,6.042939559925658e-06,9.67873550961372e-06,0.9999999999349024,-0.7895519441460664,0.6136837357264464,8.602282334395909,12,25,False
104,102,SUCCESS,0.08,51.1,84,3,4,0.0,2.593750882086744e-13,-5.841899390214675e-13,1.0,-0.970278153959,0.2419923634123924,0.0329677026299656,0.0872352722305831,0.0932569683071554,0.0,0.0,0.0,0.0,1.0,-0.9702781539590052,0.2419923634123707,3.955139999999996,13,25,False
104,25,SUCCESS,0.08,48.0,84,3,4,0.0,0.0,0.0,1.0,-0.5988487002463819,0.8008621817848681,0.102704053,0.051044987302174,0.114689638726896,0.0,0.0,0.0,0.0,1.0,-0.5988487002463815,0.8008621817848682,3.715199970000041,13,25,False
104,91,SUCCESS,0.08,71.7,84,3,4,0.0,0.0,0.0,1.0,0.9692292203558072,-0.2461599447685875,0.153389698,0.0670644341244045,0.167409789967486,0.0,0.0,0.0,0.0,1.0,0.9692292202654544,-0.2461599451243425,5.549579970000024,13,25,False
116,21,SUCCESS,0.08,50.1,83,3,4,0.0,0.0,0.0,1.0,-0.7604723343607304,0.6493703324544027,-0.028335297,0.0911397492957621,0.0954428779834964,0.0,0.0,0.0,0.0,1.0,-0.7604723343607304,0.6493703324544027,3.8777399999999904,14,25,False
116,20,SUCCESS,0.08,76.2,83,3,4,0.0,-4.182774540720607e-10,-6.699380793704286e-10,1.0,-0.9496171036538734,0.313412438247158,-0.0721862629782827,0.1159883437488034,0.1366168088060923,0.0,0.0,0.0,0.0,1.0,-0.9496171034142252,0.3134124389732746,5.897880000000022,14,25,False
116,22,SUCCESS,0.08,52.0,83,3,4,0.0,-4.547183268786442e-13,-2.6941065219497205e-13,1.0,-0.6906634817513576,0.7231762959162116,-0.1435636109999923,0.0647194238310267,0.157477345114709,0.0,0.0,0.0,0.0,1.0,-0.6906634817503613,0.7231762959171633,4.024800000000023,14,25,False
20,21,APPROACH_BLOCKED,0.076,50.1,82,3,4,0.0,0.0,0.0,1.0,0.8728382670090122,0.488009589705678,0.047891246,0.0467844486698912,0.0669504001539812,1.123157661849985,0.0,-2.4543420302149767e-14,3.87945610998841e-14,1.0,0.8720450900325114,0.4894255417836191,3.8786669181798032,15,25,False
20,22,APPROACH_BLOCKED,0.076,52.0,82,3,4,0.0,0.0,0.0,1.0,0.9874873475868116,0.1576982509603812,-0.067631188,0.0662744414497387,0.0946904386924371,0.0,0.0,0.0,0.0,1.0,0.9874873476312848,0.1576982506818972,4.024799514888586,15,25,False
20,45,APPROACH_BLOCKED,0.076,81.9,82,3,4,0.0280269262190814,0.0004891621220937,0.0,0.999999880360202,0.9999759600800902,0.0069339211058335,-0.1261212118807239,0.1451642403535821,0.1922998095778959,0.0,0.0,0.0,0.0,1.0,0.9999759320590432,0.0069379609863228,6.339094654841757,15,25,False
33,32,SUCCESS,0.05,54.2,82,2,3,0.0,-5.376598086341626e-11,0.0,1.0,0.9788346295988952,-0.2046527984123191,-0.0038396640042417,0.0805999333405907,0.0806913395239733,0.0565382679434589,0.0,1.926307234538979e-13,-6.772615601443498e-14,1.0,0.9788360134509884,-0.2046461794692892,4.19509596846398,16,25,False
33,73,SUCCESS,0.05,77.3,82,2,3,0.0086042920994466,5.403145424805967e-05,0.0001401163794511,0.999999988724001,0.3678143164890592,-0.9298992572239672,0.0776631107422263,0.0934086262208069,0.1214772827429793,0.0,0.0,0.0,0.0,1.0,0.3678483977809643,-0.9298857759155033,5.983023180446877,16,25,False
32,73,SUCCESS,0.056,77.3,81,3,4,0.0,0.0,0.0,1.0,-0.5347819103665538,-0.8449901232231649,0.0779372224999999,0.0832699323533033,0.1140530240069863,0.0,0.0,0.0,0.0,1.0,-0.5347819103665538,-0.8449901232231649,5.983020000000005,17,25,False
32,71,SUCCESS,0.056,43.2,81,3,4,0.0,0.0,1.6919509558138345e-15,1.0,0.6883870555747708,-0.7253435473739994,0.1464432499999998,0.100397034982451,0.1775533443893129,0.0,0.0,0.0,0.0,1.0,0.688387056622857,-0.7253435463793135,3.3436799999999938,17,25,False
32,72,SUCCESS,0.056,78.7,81,3,4,0.0479106857598948,-0.0008290070077697,0.0001094364765782,0.999999650385458,0.218146342858751,-0.9759160686746337,0.2267136029855436,0.0975357105265784,0.2468041178882784,0.0,0.0,0.0,0.0,1.0,0.2167163474279964,-0.9762346156316462,6.091478785514821,17,25,False
22,45,SUCCESS,0.048,81.9,80,3,4,0.0,0.0,0.0,1.0,0.9930395327398108,-0.1177815198403318,-0.06318953,0.0801892021159487,0.1020941959056115,0.0,0.0,0.0,0.0,1.0,0.9930395327398108,-0.1177815198403318,6.339060000000007,18,25,False
22,20,SUCCESS,0.048,76.2,80,3,4,0.0,0.0,0.0,1.0,-0.9874873475868116,-0.1576982509603812,0.0756807875,0.0662744414497387,0.1005976301216634,0.0,0.0,0.0,0.0,1.0,-0.987487347511764,-0.1576982514303211,5.89788000000004,18,25,False
22,44,SUCCESS,0.048,81.69999999999999,80,3,4,6.895725095023211,-0.079348711268087,0.0901046625421017,0.9927663027159352,-0.7565109555428045,0.6539810197121265,-0.0878300218201937,0.0326296601832062,0.0936952904718653,6.915888745950873,0.0019470567728114,-1.712374225347612e-05,2.9352876200769305e-05,0.9999999994225932,-0.8476170747330938,0.5306084192895102,8.692812648613078,18,25,True
46,47,NEIGHBOR_KNOCKED,0.076,86.6,79,3,4,0.0330182887881707,-5.463488851842068e-05,0.0005736821033886,0.9999998339519228,0.9997486412052814,0.0224199555796512,-0.0349745315700737,0.0869183909850916,0.093691112438605,33.031927770855,0.1019865409887213,-0.0001829687757914,-0.0017705712079231,0.9999984157987576,0.9999617562836224,-0.0087456257737028,7.998451434524821,19,25,True
46,45,NEIGHBOR_KNOCKED,0.076,81.9,79,3,4,0.0,0.0,0.0,1.0,-0.983559013492843,-0.1805870066671066,0.0860240316669707,0.1248372184470474,0.151606283292731,0.0,0.0,0.0,0.0,1.0,-0.9835590133670824,-0.1805870073520564,6.339060025812809,19,25,False
46,44,NEIGHBOR_KNOCKED,0.076,81.69999999999999,79,3,4,0.0,-4.3774874818896506e-09,7.503725429676867e-09,1.0,-0.9997636427582972,-0.0217407133889344,0.0585540645766191,0.2158984425307255,0.2236978228897989,0.0,0.0,0.0,0.0,1.0,-0.999763642763574,-0.0217407131462778,6.3235800258128,19,25,False
23,5,SUCCESS,0.08,52.2,78,3,4,41.4001241223376,-0.2238869256033964,-0.6222621449385268,0.7501096370000607,0.9792620485998784,0.2025977299279767,-0.0814551612123025,0.0899497009316524,0.1213502863029828,38.35544517491108,0.0,-1.824739934277016e-12,-9.364073393383456e-13,1.0,0.8430785887323702,0.5377903803723483,22.12321473623843,20,25,False
23,24,SUCCESS,0.08,63.2,78,3,4,2.216525303055997e-05,3.868441458657589e-07,0.0,0.9999999999999252,0.9976524310737356,0.0684808496783269,-0.0995205970811969,0.0808700395492925,0.1282353794399271,0.0,0.0,0.0,0.0,1.0,0.9976524280434894,0.0684808938239721,4.891679722620042,20,25,False
23,3,SUCCESS,0.08,85.8,78,3,4,6.188939862211461,-0.0259643715706826,0.1046341102435733,0.9941717931939504,0.5884754307335602,0.80851510030608,-0.1610358747616902,0.0801213799249219,0.1798665852273191,6.197045429818731,0.0393436247299659,0.0001113188802443,-0.0006775925582638,0.999999764238188,0.784373920757923,0.6202882817165287,8.725641396924582,20,25,False
5,24,SUCCESS,0.05,63.2,77,2,3,0.0,0.0,0.0,1.0,-0.4357007242353352,-0.9000915947284499,-0.075256343,0.0738181283873414,0.1054164751845918,0.0,0.0,0.0,0.0,1.0,-0.4357007242353352,-0.9000915947284499,4.89168000000001,21,25,False
5,3,SUCCESS,0.05,85.8,77,2,3,0.0003238087803452,-9.161810168438778e-07,5.576748760253443e-06,0.99999999998403,-0.8941831586032762,-0.4477013277512897,-0.1445709177155508,0.0671913232210394,0.1594221570714396,0.0,0.0,0.0,0.0,1.0,-0.8941762024516319,-0.447715220837061,6.640920004883899,21,25,False
3,24,APPROACH_BLOCKED,0.092,63.2,76,3,4,0.0,0.0,0.0,1.0,0.6090123787344771,-0.7931607167202457,0.072812942,0.0458423529223076,0.0860421166879847,0.4285396344377892,0.0,2.7920501392054677e-09,-2.9611143563066633e-09,1.0,0.6089485303455588,-0.7932097373267578,4.892037636903406,22,25,False
3,11,APPROACH_BLOCKED,0.092,81.4,76,3,4,0.0970777434345628,-0.0006166429735175,-0.0015781286857302,0.999998564629617,0.9694166925651362,0.2454206107401581,-0.1910971552057245,0.0683534247662858,0.2029539686850224,0.0,0.0,0.0,0.0,1.0,0.9682346291914276,0.2500434019016276,6.300774525612877,22,25,False
3,48,APPROACH_BLOCKED,0.092,94.8,76,3,4,1.0467590254722865,0.0137492969848742,-0.0120287307914433,0.999833119309402,-0.9999082864940636,0.0135432123407177,-0.0715492821025302,0.3017393449184552,0.3101063237684874,0.0,0.0,0.0,0.0,1.0,-0.9998329525741352,0.0182774983760708,7.394117439000907,22,25,False
10,8,NEIGHBOR_KNOCKED,0.048,84.6,76,3,4,0.0758494033081079,-0.001288321790994,-0.0003045162709252,0.999999123748018,0.9889074210773596,0.148533203487053,-0.0539101057850153,0.0651791099651502,0.0845849625028036,13.61729115728456,0.1202397511711091,-0.0015478845022073,-0.0014170685336325,0.9999977979827448,0.9918546197866712,0.1273750886470253,8.866258401643343,23,25,True
10,26,NEIGHBOR_KNOCKED,0.048,59.0,76,3,4,0.0,2.7295322398779435e-09,0.0,1.0,-0.8557720887757434,-0.5173530052801485,-0.1098474976570002,0.0244022874925868,0.1125253054933668,0.0,0.0,0.0,0.0,1.0,-0.8557720922909092,-0.5173529994655869,4.566599950122986,23,25,False
10,114,NEIGHBOR_KNOCKED,0.048,52.3,76,3,4,0.0,5.31072024677627e-13,0.0,1.0,-0.9804127687349556,-0.1969538090554697,-0.0842537086000392,0.0754582535939395,0.1131045332792086,0.0,0.0,0.0,0.0,1.0,-0.9804127685381014,-0.1969538100353871,4.048019950122972,23,25,False
48,49,SUCCESS,0.094,57.0,75,3,4,0.0,1.8144175717974518e-09,-1.1351252656528864e-10,1.0,-0.9167658428315496,0.3994250735962359,0.104489973668575,0.0769135445894175,0.1297453195247051,0.0,0.0,0.0,0.0,1.0,-0.9167658425994066,0.3994250741290538,4.411799999999993,24,25,False
48,27,SUCCESS,0.094,52.2,75,3,4,0.0,0.0,1.0501764553327237e-15,1.0,-0.9998398707855664,0.017895049245583,-0.0677454299999999,0.2573004833242681,0.2660695059656157,0.0,0.0,0.0,0.0,1.0,-0.9998398707874552,0.0178950491400623,4.040280200000043,24,25,False
48,30,SUCCESS,0.094,72.0,75,3,4,0.0015433530913314,1.091710988442936e-05,-2.462512031461083e-05,0.99999999963721,0.474825903014508,0.880079747424321,0.3094444585571019,0.0579524602839932,0.3148243328979921,0.0,0.0,0.0,0.0,1.0,0.4749127389592227,0.8800328916434028,5.572800294381067,24,25,False
9,114,SUCCESS,0.06,52.3,74,3,4,22.675324672085612,0.1736802677614269,-0.3441687422675992,0.9227042004002464,0.4449990605015915,-0.895531035840021,-0.0333063000017284,0.0680019292167142,0.0757203539149161,22.556474431177108,0.0,1.3612505685171666e-12,-5.360682943834763e-12,1.0,0.491206752876645,-0.871043010378008,13.116813621411962,25,25,False
9,26,SUCCESS,0.06,59.0,74,3,4,0.0,1.953220668849843e-09,2.6862156685835605e-10,1.0,0.9170688872198536,-0.3987288001804479,-0.0812316515678755,0.0784525560284336,0.1129308848979731,0.0,0.0,0.0,0.0,1.0,0.9170688867651569,-0.3987288012262419,4.566599999294013,25,25,False
9,51,SUCCESS,0.06,83.5,74,3,4,0.4007896827808835,-0.0061837564440626,0.0032698281577129,0.9999755343907468,-0.882688741281066,0.46995806835892,0.1361776620164679,0.1038717764145195,0.1712708427251391,0.0,0.0,0.0,0.0,1.0,-0.8827013486463856,0.4699343880775826,6.470286366109885,25,25,False
11,3,SUCCESS,0.082,85.8,73,2,3,1.574057988310045,-0.0244233194477445,-0.0125717765086987,0.999622654756568,-0.9717592795271156,-0.2359743686355391,0.2054088876118802,0.0644242609665925,0.2152749323796007,0.0,0.0,0.0,0.0,1.0,-0.968234629245857,-0.2500434016908623,6.756731595454557,26,25,False
11,24,SUCCESS,0.082,63.2,73,2,3,0.0,0.0,0.0,1.0,-0.5843808581501897,-0.8114795207690998,0.266659553,0.0659089042066144,0.2746840018273297,0.0,0.0,0.0,0.0,1.0,-0.5843808581501898,-0.8114795207690999,4.89168000000012,26,25,False
43,42,APPROACH_BLOCKED,0.06,74.1,72,2,3,5.584747880742804,0.0900096677612228,-0.037000627349528,0.9952533412580216,-0.1184402242818586,-0.9929611841719004,0.0647086956021999,0.0396753543441302,0.0759035508317658,13.979923441515233,0.0043817493488374,4.210261773279999e-05,6.384309620373638e-05,0.9999999970757144,-0.0488613842463633,-0.9988055692323352,6.788071958616976,27,25,True
43,97,APPROACH_BLOCKED,0.06,78.10000000000001,72,2,3,9.163319884935229,0.0134841310952584,0.1586773025963132,0.9872384169233712,0.9483491467424158,0.3172284600614078,-0.0572099169820584,0.1510894549641213,0.1615580329245478,0.0,0.0,0.0,0.0,1.0,0.977127694344214,0.2126534009734161,8.94064346114748,27,25,False
53,98,SUCCESS,0.06,58.3,72,2,3,0.0,7.002232189513221e-10,2.281931201048818e-09,1.0,0.7411047365080592,-0.6713894320923739,0.0303791917824681,0.0804756006539664,0.0860187049075529,0.0,0.0,0.0,0.0,1.0,0.7411047364570587,-0.6713894321486701,4.512419999999997,28,25,False
53,99,SUCCESS,0.06,80.0,72,2,3,0.0724332419815193,0.0005172720839716,-0.0011535279538401,0.9999992009011064,0.987252374417872,0.1591626501610033,-0.001237732652073,0.1110724524195599,0.1110793485244373,0.0,0.0,0.0,0.0,1.0,0.9871702490360766,0.159671222886437,6.192228356101296,28,25,False
103,102,NEIGHBOR_KNOCKED,0.092,66.10000000000001,93,3,4,7.219816076972444e-05,1.65978085049974e-12,-1.260086515513453e-06,0.999999999999206,-0.9574368472378358,-0.2886428304172355,-0.0580669009335977,0.0565312479281066,0.0810404033574692,0.445548235145866,2.4148365394514667e-06,1.4743399476947653e-08,3.7419445165803694e-08,0.9999999999999992,-0.9572779189632112,-0.2891694760265393,5.116151785386972,1,26,False
103,94,NEIGHBOR_KNOCKED,0.092,48.6,93,3,4,0.0,9.474925352557477e-14,1.0026376034452357e-15,1.0,0.1949867797278985,-0.9808058705632547,0.044859068405314,0.2005620507590609,0.2055175715671844,0.0,0.0,0.0,0.0,1.0,0.1949867793576429,-0.9808058706368624,3.7616399526174464,1,26,False
103,95,NEIGHBOR_KNOCKED,0.092,65.5,93,3,4,3.115981406865207e-05,1.1242355402919286e-12,5.437217180612153e-07,0.999999999999852,0.0409338694345007,-0.9991618579254912,-0.0160880650236286,0.2133925930743328,0.2139981883455846,0.0,0.0,0.0,0.0,1.0,0.0409338637007636,-0.999161858160392,5.069699999654058,1,26,False
102,95,SUCCESS,0.068,65.5,92,3,4,0.0,0.0,0.0,1.0,0.3042472599523926,-0.9525930950891158,0.0420717098529999,0.2066564794712107,0.2108955411510398,0.0,0.0,0.0,0.0,1.0,0.3042472599523926,-0.9525930950891158,5.06970000000001,2,26,False
102,94,SUCCESS,0.068,48.6,92,3,4,0.0,0.0,0.0,1.0,0.4592593471248687,-0.8883022301437948,0.1056348473999999,0.203036981422984,0.22887275244244,0.0,0.0,0.0,0.0,1.0,0.4592593471248687,-0.8883022301437948,3.761640046999984,2,26,False
102,99,SUCCESS,0.068,84.0,92,3,4,0.2693262768442642,-0.0046049563671027,-0.0009434719213992,0.9999889520577668,-0.1572202961217978,-0.9875635566824924,0.0101611349337938,0.23060292544706,0.2308266836565588,0.0,0.0,0.0,0.0,1.0,-0.1565086072063923,-0.9876765947770124,6.504926520787126,2,26,False
99,95,NEIGHBOR_KNOCKED,0.084,65.5,91,3,4,0.0,0.0,0.0,1.0,0.9547107390662968,0.297535552012672,0.0351557431,0.1036504572021246,0.1094501875335199,8.67733606714574,2.8788761213039053e-05,4.410914031879266e-07,-2.407390852967548e-07,0.9999999999998738,0.952984327033039,0.3030195908342986,5.12930182507808,3,26,False
99,94,NEIGHBOR_KNOCKED,0.084,48.6,91,3,4,0.0,0.0,0.0,1.0,0.939062287151332,0.3437470303146041,0.1013350005999999,0.1377205439612745,0.1709845916320863,0.0,0.0,0.0,0.0,1.0,0.939062287186243,0.3437470302192329,3.761639989029286,3,26,False
99,82,NEIGHBOR_KNOCKED,0.084,85.8,91,3,4,0.2134514952308022,-0.0024389405895296,0.0028160865750856,0.9999930605885234,0.9814531251593226,0.1917022772817242,-0.0739545428325122,0.2781011319201911,0.2877664226084367,0.0,0.0,0.0,0.0,1.0,0.9817242754301868,0.1903088201610081,6.64303528052474,3,26,False
82,37,SUCCESS,0.09,57.0,90,3,4,0.0,-1.2419682284104167e-09,-1.3428377137934215e-10,1.0,0.9098061872992208,-0.4150333740219636,-0.1690214940888256,0.0826886050017763,0.1881639467622815,0.0,0.0,0.0,0.0,1.0,0.9098061879440684,-0.4150333726083753,4.411799999999993,4,26,False
82,95,SUCCESS,0.09,65.5,90,3,4,0.0,1.5258246201339876e-12,-8.330288241809033e-13,1.0,-0.9923869086354355,-0.1231593421913406,0.1117353834997511,0.1762788580521053,0.2087080058885877,0.0,0.0,0.0,0.0,1.0,-0.9923869086611968,-0.1231593419837626,5.069699499999977,4,26,False
82,94,SUCCESS,0.09,48.6,90,3,4,0.0,0.0,0.0,1.0,-0.9992363791593328,-0.0390724783517223,0.180531654,0.1440237895672654,0.2309426986446891,0.0,0.0,0.0,0.0,1.0,-0.999236379162513,-0.0390724782703968,3.76164000000005,4,26,False
13,14,NEIGHBOR_KNOCKED,0.062,51.8,89,2,3,5.700472403298014,-0.0803263345631662,0.0584270691957199,0.9950547510367682,-0.8690433950076271,0.494735866492028,-0.0290776954941296,0.041657342436082,0.0508020329719818,0.2122464652472858,0.0,-3.9846486147190236e-16,2.5161850272542727e-15,1.0,-0.8793282179309952,0.4762162168073447,4.842329722890698,5,26,True
13,15,NEIGHBOR_KNOCKED,0.062,52.6,89,2,3,0.0,8.395885238805594e-12,1.2949142383884497e-12,1.0,0.99283128864611,0.1195241912137651,-0.0100797338172211,0.0972472037176296,0.097768193522864,0.0,0.0,0.0,0.0,1.0,0.992831288620212,0.1195241914288888,4.0712399856256525,5,26,False
62,61,SUCCESS,0.082,67.10000000000001,88,3,4,10.07633832295839,-0.1361114615504134,0.1099305212003454,0.9845755179483344,-0.7241718398819096,0.6896195663712347,-0.058661856312347,0.0436949572007733,0.0731468568756571,10.075210187716571,8.887861571159984e-05,-1.2242263342799746e-06,9.52592124578884e-07,0.9999999999987969,-0.6915152860799401,0.7223618270076145,8.841128697030337,6,26,True
62,63,SUCCESS,0.082,74.89999999999999,88,3,4,0.0014611125582573,1.7979197685528315e-05,-1.8084823513303694e-05,0.9999999996748438,-0.8905236431702798,-0.4549369637155595,-0.0588931174709637,0.0903625662719075,0.1078600605817261,0.0,0.0,0.0,0.0,1.0,-0.8905360589649239,-0.4549126594009244,5.797260085700333,6,26,False
62,43,SUCCESS,0.082,76.6,88,3,4,0.0040018089429959,5.933125984800212e-11,6.984474167337719e-05,0.999999997560856,-0.5193410699885495,0.854567055896229,-0.2509390736054273,0.088314522460999,0.2660260768035051,0.0,0.0,0.0,0.0,1.0,-0.519444480350133,0.8545042023499828,5.9288404655898646,6,26,False
63,61,NEIGHBOR_KNOCKED,0.078,67.10000000000001,87,2,3,0.0,-1.1102546870540123e-11,8.638904900542585e-12,1.0,0.7279528942891974,0.6856271462653596,-0.0046122715001869,0.0865590750360995,0.0866818696123736,9.058640759359037,8.052674269859197e-05,9.232269613428016e-07,1.0597826581017632e-06,0.9999999999990123,0.728693642661941,0.6848398171427182,5.209444143783418,7,26,False
63,43,NEIGHBOR_KNOCKED,0.078,76.6,87,2,3,0.0,0.0,0.0,1.0,0.2846243552497193,0.9586391273042644,-0.19231509,0.1215864642702045,0.2275266185206421,0.0,0.0,0.0,0.0,1.0,0.2846243554494422,0.9586391272449656,5.928840330463315,7,26,False
61,43,SUCCESS,0.066,76.6,86,1,2,0.0,0.0,0.0,1.0,-0.4341639460135293,0.9008338736870196,-0.18922248,0.0642033208320643,0.19981795050299,0.0,0.0,0.0,0.0,1.0,-0.4341639460135293,0.9008338736870196,5.928840000000019,8,26,False
74,65,NEIGHBOR_KNOCKED,0.054,61.5,85,3,4,2.561320938754782e-06,-3.8945340702557864e-08,2.538398788255552e-08,0.999999999999999,0.9862521176919138,0.1652475728965932,-0.0430953286899031,0.0640036511212581,0.0771600590444467,17.447701265275395,1.7075472925031875e-06,2.6866263215733884e-08,-4.493791498113245e-09,0.9999999999999996,0.988200390047864,0.1531665404363813,4.783352782506187,9,26,False
74,71,NEIGHBOR_KNOCKED,0.054,76.2,85,3,4,6.909239391012989e-05,1.2058068859051109e-06,0.0,0.9999999999992728,0.212629772111662,0.9771328364207922,-0.0811207407602149,0.1015636452917528,0.1299836475347379,0.0,0.0,0.0,0.0,1.0,0.2126283605654738,0.9771331435803612,5.8978799525250505,9,26,False
74,64,NEIGHBOR_KNOCKED,0.054,78.0,85,3,4,0.0084313477078753,-0.000147154776773,0.0,0.9999999891727356,0.9874939841439933,-0.1576566880263022,-0.123629832804549,0.0413941830221976,0.1303756647053273,0.0,20.699589890597647,-0.2732089974998413,-0.2242689800153735,0.9354465608937774,-0.1370071724136595,-0.990570055426275,18.05158957902596,9,26,False
71,65,SUCCESS,0.076,61.5,84,3,4,0.0,4.7539695148720376e-15,0.0,1.0,0.4114710796353918,-0.9114228166025278,0.0404978243000001,0.0983327538738637,0.1063456828341026,0.0,0.0,0.0,0.0,1.0,0.4114710796353921,-0.9114228166025276,4.760100000000003,10,26,False
71,64,SUCCESS,0.076,78.0,84,3,4,13.344471442575262,-0.1832571705174655,-0.1403131074793419,0.973000021235058,0.0654017010929663,-0.9978590168426328,-0.029256269773335,0.1159830312214717,0.1196160225570597,13.36358968248985,14.086083735689796,-0.193537190605294,-0.1475700054102615,0.9699311570187986,0.0594376800287214,-0.9982320182166085,6.072133876982731,10,26,False
71,58,SUCCESS,0.076,74.1,84,3,4,0.0016312057719485,-2.8469909867215524e-05,0.0,0.999999999594732,0.9300379579303047,-0.3674634632297864,0.0041920535044013,0.1328712905790799,0.1329374032119405,0.0,0.0,0.0,0.0,1.0,0.9300390577379428,-0.367460679640584,5.735340107481793,10,26,False
58,65,SUCCESS,0.072,61.5,83,3,4,0.0,0.0,0.0,1.0,-0.8976877152546426,-0.4406322342735488,0.0382527326,0.0925882577956668,0.1001791247366633,0.0,0.0,0.0,0.0,1.0,-0.8976877152546426,-0.4406322342735488,4.760100000000003,11,26,False
58,64,SUCCESS,0.072,78.0,83,3,4,14.821773600135009,-0.2035657374777675,-0.1549237219136856,0.966726244038892,-0.8617679460559335,-0.5073026780439241,-0.0150646282542589,0.1332776833640613,0.1341263729000751,14.843497481089033,15.550956932602588,-0.2133919623032953,-0.1622928073230733,0.9633923993449112,-0.8605245509450036,-0.5094089685320629,6.069961889261986,11,26,False
58,49,SUCCESS,0.072,85.3,83,3,4,0.2325166869312857,0.0040196338011224,0.0005579362294131,0.9999917655917316,-0.9864295029131156,0.1641853701843844,-0.026978529940971,0.236579182307181,0.2381124746394239,0.0,0.0,0.0,0.0,1.0,-0.9864922567451244,0.1638078978007818,6.604726916291125,11,26,False
66,75,SUCCESS,0.086,84.4,81,3,4,0.0,-2.903228732636892e-09,0.0,1.0,-0.0868853527036091,0.9962183171803104,0.0248090084396223,0.247832337292101,0.2490709824676953,0.0,0.0,0.0,4.1076511990823386e-17,1.0,-0.0868853524331263,0.9962183172039004,6.532559999999998,13,26,False
66,64,SUCCESS,0.086,78.0,81,3,4,0.0169578078082536,-0.0002656595723911,-0.0001304721485457,0.999999956201004,0.684482886420557,0.7290289282308233,0.0466822663554372,0.2920964868621222,0.2958032988816621,0.0,0.0,0.0,0.0,1.0,0.684482302067133,0.7290294768779093,6.037212339280484,13,26,False
66,49,SUCCESS,0.086,85.3,81,3,4,0.0,0.0,0.0,1.0,0.2064782289599549,0.9784511949839708,0.0660217075771071,0.3103622863938296,0.3173068147503337,0.0,0.0,0.0,0.0,1.0,0.2064782289599548,0.9784511949839708,6.602219999999992,13,26,False
50,49,APPROACH_BLOCKED,0.05,85.3,80,3,4,9.82121803271584,0.1354209870760827,-0.1037149217509321,0.9853447981623172,-0.998312272056554,0.0580741548477572,0.105881907974369,0.0163372127885525,0.1071348820785797,0.0,0.0,0.0,0.0,1.0,-0.848842268224286,-0.5286461989609396,10.16124315418972,14,26,False
50,75,APPROACH_BLOCKED,0.05,84.4,80,3,4,0.0,0.0,0.0,1.0,-0.8347724014908126,-0.5505951668052144,0.0662735088,0.1126238652979994,0.1306763674247398,0.0,0.0,0.0,1.4433704836326544e-16,1.0,-0.834772401420823,-0.5505951669113273,6.532560000000048,14,26,False
50,7,APPROACH_BLOCKED,0.05,77.2,80,3,4,0.0,1.6922662022199008e-10,0.0,1.0,-0.8477623937307779,-0.530376209662407,-0.1475289902127413,0.0888122529665921,0.172198778248259,0.0,0.0,0.0,0.0,1.0,-0.8477623937458387,-0.5303762096383335,5.975279799999955,14,26,False
7,8,SUCCESS,0.078,59.0,80,3,4,0.0,1.4419651447380695e-09,4.317307813826295e-09,1.0,-0.9929089089535053,-0.1188776619923195,-0.0806582490857519,0.0440890394279706,0.0919216870126976,0.0,0.0,0.0,0.0,1.0,-0.9929089076856182,-0.1188776725821649,4.566600000000006,15,26,False
7,90,SUCCESS,0.078,86.5,80,3,4,0.0343474988623641,0.0005994769092685,0.0,0.9999998203137016,0.559701320144178,-0.8286944142618948,-0.1448905947695668,0.02681219194628,0.1473505279584806,0.0,0.0,0.0,1.408329119290128e-16,1.0,0.5567091702560447,-0.8307074694215926,6.69515417580509,15,26,False
7,50,SUCCESS,0.078,49.1,80,3,4,0.0,-4.0094068759847534e-13,0.0,1.0,0.8477623938336253,0.530376209498014,0.1594795499999697,0.0888122529941199,0.1825413464124893,0.0,0.0,0.0,0.0,1.0,0.8477623926677754,0.5303762113615281,3.800339999999923,15,26,False
8,90,NEIGHBOR_KNOCKED,0.054,86.5,79,2,3,0.0,0.0,1.408329119290128e-16,1.0,0.9605843339244752,-0.277988736136686,-0.068498305,0.0610740979506882,0.0917717997446017,15.084469084342976,1.559492107893665,-0.0272073779298669,-0.0006403019382098,0.9996296057038374,0.9489184023091533,-0.3155215773272001,10.909616964872129,16,26,True
8,91,NEIGHBOR_KNOCKED,0.054,55.0,79,2,3,0.0,-8.655898038964961e-12,0.0,1.0,0.9771263881150896,-0.2126594029173406,-0.1263888180008051,0.09519040927557,0.158225621609432,19.84118159082393,1.803117414577801,0.0264171857861439,0.0170934904046792,0.9995048498536288,0.9857389358034836,-0.1682817590858112,4.9514269591801225,16,26,False
118,117,SUCCESS,0.052,77.3,78,2,3,10.80825518274068,-0.1761773799554171,-0.064236645132769,0.9822602426109546,-0.9999993638029032,-0.0011280043391104,-0.042338069026546,0.1206189331180965,0.1278336384346641,10.250789327918149,11.49284651160339,-0.1863343333973929,-0.0705572128610148,0.97994958845373,-0.999973422977175,-0.0072906336701172,6.028779033422424,17,26,False
118,116,SUCCESS,0.052,78.0,78,2,3,9.614246390997296,0.1578272091948013,0.0546279856781438,0.9859545401378954,-0.7489806918917647,0.6625918224467712,-0.107577415698034,0.0476952862516815,0.1176764237173167,10.249582773004123,11.714804806211678,0.1899472585339475,0.0717314957726191,0.9791703791933558,-0.6678695660627132,0.7442783368654519,6.269313263306032,17,26,False
91,90,APPROACH_BLOCKED,0.056,86.5,77,1,2,3.3002808054127417,-0.0574924904395448,0.0029654799414556,0.9983415344819506,-0.9986390574086704,0.0521539357855386,0.0524535932370475,0.039063715378856,0.0654014778325223,1.259500845971529,0.0056896086285213,-7.258081232051317e-05,6.77716219707982e-05,0.9999999950695164,-0.9985148120887544,0.0544809144504693,7.146670594744039,18,26,True
78,76,SUCCESS,0.078,60.400000000000006,77,3,4,1.9090959104164224e-06,1.4319955771722392e-14,3.536351746749666e-08,0.9999999999999994,0.9562549617335192,-0.2925345247317412,-0.1085472167910712,0.1090027541060174,0.1538313969116341,0.0,0.0,0.0,0.0,1.0,0.9562549487600458,-0.2925345671402304,4.674960000000123,19,26,False
78,110,SUCCESS,0.078,48.6,77,3,4,0.0,-4.1108141741254665e-14,1.50896959318508e-13,1.0,-0.7572906623144889,-0.6530779836828698,0.0951732853365583,0.1171542376771809,0.1509406162948706,0.0,0.0,0.0,0.0,1.0,-0.7572906634067199,-0.6530779824163498,3.761639999999939,19,26,False
78,97,SUCCESS,0.078,87.8,77,3,4,0.4262871838606041,-0.0044853075256573,0.0059360176034906,0.999972322472683,0.1329893720123761,-0.991117463740678,-0.03678353532461,0.2988817921942529,0.3011367698840934,0.0,0.0,0.0,0.0,1.0,0.1340410659962785,-0.990975778022138,6.804487658052469,19,26,False
85,87,SUCCESS,0.054,90.9,76,2,3,2.4306147513187857,0.0020534482036629,-0.0423597645740634,0.9991003121287196,-0.9495818917444095,0.3135191076650813,0.0523226494175294,0.0716811207604638,0.0887459447836682,2.2949646306584217,2.899111093994032,0.0022141631532688,-0.0505289568979486,0.998720141979892,-0.94986337071484,0.3126652794511134,7.051842171978438,20,26,True
85,86,SUCCESS,0.054,56.3,76,2,3,6.936305922727651,-0.0035789777255128,0.120712838847083,0.9926810169716748,-0.6325047042971739,0.7745565176550672,0.0524640417607841,0.1120904446206755,0.1237608316598511,7.171545620735861,8.49754009427151,-0.0064627888692393,0.1476255520364243,0.989022208418988,-0.6342348478043723,0.7731404515549323,4.457521261422871,20,26,False
23,24,SUCCESS,0.05,85.5,75,2,3,29.403641689042043,0.4905474719483478,0.0201007876736895,0.8711826077809303,0.9966170149595964,0.0821859202845779,-0.0523371430652393,0.0775036655032596,0.0935200230467919,29.702958938304228,0.2174869857853765,-0.003794705385942,-9.340879333129485e-05,0.9999927957169646,0.9733401152889972,0.2293665624479763,27.35366316004715,21,26,True
23,25,SUCCESS,0.05,83.5,75,2,3,0.2916188369720339,-0.0039976913247556,0.0031501391590443,0.9999870474597912,-0.91356144957274,0.4067007227121116,-0.0433312681167357,0.1029293836886574,0.1116783632720827,0.0,0.0,0.0,0.0,1.0,-0.9140163216484174,0.4056774134214238,6.466796905897149,21,26,False
83,24,SUCCESS,0.076,85.5,74,3,4,0.0019751825884904,3.4463000152963225e-05,8.483171511807633e-07,0.999999999405791,-0.4409594531884249,-0.8975270250214002,-0.0863049358423759,0.1950045954687539,0.2132494647231007,0.0,0.0,0.0,2.469186773782856e-17,1.0,-0.4409784403285252,-0.8975176962965251,6.617700181565642,22,26,False
83,115,SUCCESS,0.076,53.7,74,3,4,0.0,-1.820728273255221e-12,4.130417139604675e-11,1.0,0.9379690612542002,-0.3467189641913382,-0.216203361844026,0.0907095832638878,0.2344613447213998,0.0,0.0,0.0,0.0,1.0,0.9379690603686844,-0.3467189665868992,4.156379999999966,22,26,False
83,25,SUCCESS,0.076,83.5,74,3,4,0.0,0.0,0.0,1.0,-0.8175846870994163,-0.5758083703981296,-0.053397399342572,0.2375084837115471,0.2434369776585068,0.0,0.0,0.0,0.0,1.0,-0.8175846872390135,-0.5758083701999168,6.462899999999953,22,26,False
47,25,APPROACH_BLOCKED,0.082,83.5,73,3,4,19.66747561385023,0.1114456031749936,0.3175736611365076,0.941661747808265,-0.467020983435581,-0.8842462332579442,0.143581580783096,0.054606358403815,0.153614858390387,0.0,0.0,0.0,0.0,1.0,-0.7141783619114584,-0.6999637614744537,16.424368296912515,23,26,False
47,24,APPROACH_BLOCKED,0.082,85.5,73,3,4,0.0,0.0,2.8496016097917184e-16,1.0,0.871604819269567,-0.4902091788472199,0.12289353003187,0.1073279744967182,0.1631628445243044,0.0,0.0,0.0,0.0,1.0,0.8716048191352341,-0.4902091790860669,6.617700000000033,23,26,False
47,2,APPROACH_BLOCKED,0.082,80.4,73,3,4,0.0,7.580554434989936e-10,0.0,1.0,-0.9733029144348692,-0.22952437071603,0.0284596560509296,0.2452371914571615,0.246883033228964,0.0,0.0,0.0,0.0,1.0,-0.9733029144505856,-0.2295243706493852,6.222960400000034,23,26,False
61,60,NEIGHBOR_KNOCKED,0.064,53.8,100,1,2,0.0,7.948921449672302e-11,0.0,1.0,0.8732545043003814,0.487264374563845,-0.0625178882962605,0.0535709912801617,0.0823306593181597,0.0,0.0,0.0,0.0,1.0,0.8732545042675608,0.487264374622665,4.164119999999993,1,27,False
77,76,SUCCESS,0.08,75.1,99,3,4,0.0087964222622469,0.0001535265303515,0.0,0.9999999882148022,0.9861621532777072,-0.1657836163276579,0.0848914572773949,0.0749721394388863,0.1132580293432813,0.0,0.0,0.0,0.0,1.0,0.9861645229290243,-0.1657695198646895,5.812743100074685,2,27,False
77,23,SUCCESS,0.08,57.6,99,3,4,0.0,-1.214888464312565e-09,-1.1527841355162014e-09,1.0,-0.9573885112881187,0.288803113649281,-0.0115837064013967,0.2982630597723795,0.29848791446016,0.0,0.0,0.0,0.0,1.0,-0.9573885112255964,0.2888031138565439,4.458240399999988,2,27,False
77,21,SUCCESS,0.08,47.1,99,3,4,2.854381169864391,-0.0098847987787954,0.0488068249181392,0.998759322657122,-0.9413825477290282,0.337340923742146,-0.0650824326686745,0.3004073733549454,0.3073765004161674,2.8463864017633376,29.133128098747843,0.1534610197931245,0.4620209918457879,0.8734908806037351,-0.8973821612810954,0.4412541859455501,13.689498783302078,2,27,False
23,21,SUCCESS,0.06,47.1,98,3,4,33.148143404929044,0.1837764451552441,0.5149977276135134,0.8372595528024861,0.2874823356160057,0.9577859399201714,-0.0401891989784471,0.0546124641122973,0.0678062899069561,33.153630901598945,0.0,1.002238464271889e-14,-8.276549898503342e-15,1.0,0.3428608657346701,0.9393861968049524,16.713715378688793,3,27,False
23,22,SUCCESS,0.06,58.3,98,3,4,0.0,1.2802994856102367e-09,2.1409351874566127e-10,1.0,-0.7940100269527749,0.6079046611915833,-0.0738178010632954,0.0714055706331117,0.1027025962245384,0.0,0.0,0.0,0.0,1.0,-0.7940100281043572,0.6079046596874531,4.512420019042924,3,27,False
23,65,SUCCESS,0.06,59.7,98,3,4,1.2074182697257331e-06,-2.0083776306389616e-08,-6.934786289104354e-09,0.9999999999999998,-0.8975648805050278,-0.4408823939374253,0.1358957510134004,0.1808677350012938,0.2262317234783716,0.0,0.0,0.0,0.0,1.0,-0.8975648810626441,-0.4408823928022095,4.62078031904303,3,27,False
22,21,SUCCESS,0.054,47.1,97,1,2,0.0,0.0,0.0,1.0,0.8493148726023009,-0.5278865855243314,0.0170023835,0.069617011319766,0.0716631656416146,0.0,0.0,0.0,0.0,1.0,0.8493148726023009,-0.5278865855243314,3.6455400000000022,4,27,False
36,101,GRASP_FAILED,0.074,48.4,96,3,4,0.0,0.0,5.033903670189919e-16,1.0,0.9591939644509744,0.2827488966571274,-0.0338707200668199,0.2450737948732974,0.2474032954740982,0.0,0.0,0.0,0.0,1.0,0.9591939644509744,0.2827488966571273,3.7461600000000055,5,27,False
36,0,GRASP_FAILED,0.074,81.4,96,3,4,0.0894276313755707,0.0015608056707107,9.762654878800434e-07,0.9999987819416108,0.6405901152453731,0.7678830016675193,0.1833252524919115,0.1852856348725166,0.2606509441596839,0.0008314795421234,8.537736462515939e-07,1.4097628258426957e-08,-5.2179268621979934e-12,1.0,0.641268536267948,0.7673165346796348,6.3007116304435495,5,27,False
36,99,GRASP_FAILED,0.074,87.1,96,3,4,24.499577799137946,0.2620071966178979,-0.321429857294725,0.9099643266413924,0.999998913401084,0.0014741766010666,-0.0311015001864398,0.2797252696465783,0.2814489825753471,24.499324275548236,27.44230842141438,0.2730916078483482,-0.3712257088198103,0.887475321816913,0.9995407153542736,-0.0303044278788877,7.417821508899052,5,27,False
87,38,SUCCESS,0.088,63.0,96,3,4,1.7203062292734435e-05,-1.750965842591706e-07,2.436351416899985e-07,0.9999999999999548,0.4516468765416557,0.8921967826159014,-0.2544878717552022,0.0778266712125094,0.2661222794553517,0.0,0.0,0.0,0.0,1.0,0.4516477628608659,0.8921963339438104,4.876200000010162,6,27,False
87,47,SUCCESS,0.088,92.5,96,3,4,0.006943494580082,0.000121186841258,0.0,0.9999999926568748,0.959245331468242,0.2825745814053036,-0.2951011485480136,0.1365935652122831,0.3251807035046191,0.0,0.0,0.0,0.0,1.0,0.9592206818495445,0.2826582450806895,7.159502267201151,6,27,False
87,96,SUCCESS,0.088,75.30000000000001,96,3,4,0.0058597141920737,9.633307972918736e-05,3.4341779359578706e-05,0.99999999477029,0.7256579572528482,-0.6880556148129476,-0.2415614506126863,0.2344082409159989,0.3365994026011309,0.0,0.0,0.0,0.0,1.0,0.7255817957610952,-0.688135929638981,5.828221387745251,6,27,False
102,103,SUCCESS,0.056,90.9,95,3,4,0.0616564480418245,0.0003094526573994,0.0010306537167401,0.9999994209958168,-0.0965395402791626,-0.9953291501622404,-0.0938745320621833,0.0328097028440794,0.0994429704434188,0.0,0.0,0.0,0.0,1.0,-0.0974565526768896,-0.9952397803244888,7.035847376078695,7,27,True
102,84,SUCCESS,0.056,58.0,95,3,4,0.0,-6.344798581360957e-10,9.34859519266713e-10,1.0,-0.4134299165299447,0.9105359433421852,-0.0611842849281432,0.0645302634181593,0.0889250899295876,0.0,0.0,0.0,0.0,1.0,-0.4134299157618101,0.9105359436909576,4.489199999999999,7,27,False
102,83,SUCCESS,0.056,77.10000000000001,95,3,4,0.011882225727742,-0.0001113228902138,-0.000174972343839,0.9999999784959464,0.2005185853997061,0.9796898983399294,-0.0517607942005343,0.1178870143406046,0.1287498658889087,0.0,0.0,0.0,0.0,1.0,0.2005773984659766,0.9796778589029256,5.967545904303551,7,27,False
16,17,SUCCESS,0.05,88.3,94,2,3,0.1492618266388436,-0.0019351449206418,-0.0017440752780244,0.9999966067020232,0.9641507738866186,-0.2653550173142278,-0.0041049964773589,0.1136958947136801,0.11376997613968,0.0,0.0,0.0,1.3764741561533557e-17,1.0,0.9644278999839276,-0.264346034077668,6.835500818715174,8,27,False
16,7,SUCCESS,0.05,84.8,94,2,3,0.2380073425850129,0.0017491948335338,0.0037677621982183,0.9999913721055056,0.999183658815706,0.0403982172336711,-0.0760468720743932,0.1616466602242054,0.1786414551943049,0.0,0.0,0.0,-1.4365621322947639e-16,1.0,0.9992948351137856,0.0375477364818756,6.566143031981548,8,27,False
96,95,NEIGHBOR_KNOCKED,0.072,59.6,93,3,4,32.89530381252535,-0.4209207403721158,0.3432046841249206,0.83966438242866,-0.7398461803074105,0.6727760619140182,-0.0567291157879788,0.0699315076119296,0.0900478113835272,32.6196976661392,14.248813939302424,-0.2284515938574287,-0.0916047804773013,0.9692360050357736,-0.971619026576007,-0.2365511936040339,18.18282797955624,9,27,False
96,94,NEIGHBOR_KNOCKED,0.072,91.1,93,3,4,0.2895681447853552,0.0012925171418945,0.0048858227994194,0.999987228985956,0.8571539770130236,0.5150602486027795,-0.0571837437794047,0.0606764074820115,0.0833762974564816,23.86159283411199,5.137561470921385,0.0831337834551823,0.0332788925951918,0.995982574825516,0.8929776868117216,0.4501009340763325,13.376388867283234,9,27,True
96,88,NEIGHBOR_KNOCKED,0.072,53.400000000000006,93,3,4,24.15610393638082,0.2606901145268052,-0.3154441893638655,0.9124339031319336,0.4812427500490101,-0.8765873690199203,-0.1116707253106103,0.0712465187472054,0.1324628903693169,24.036897398311787,32.293240560302465,-0.2517686834906016,-0.471209506241988,0.8453248672791964,-0.4080605814929444,-0.9129548520226178,17.807915692074577,9,27,False
17,7,NEIGHBOR_KNOCKED,0.092,84.8,92,3,4,0.0,0.0,0.0,1.0,0.8189669386134432,0.5738407039049471,-0.0718658,0.0629718839289338,0.0955518255984631,18.784807139505865,0.1733064733404699,-0.0003451525940426,-0.0030050069409719,0.9999954253910224,0.8470841296823751,0.5314588198912996,11.541979158068456,10,27,True
17,6,NEIGHBOR_KNOCKED,0.092,84.8,92,3,4,0.0596829362461837,0.0009907083034786,-0.0003218074301159,0.9999994574683704,0.8089169759827043,-0.5879228911745118,-0.0677241067729936,0.1120118477685968,0.1308938832747166,0.0,0.0,0.0,0.0,1.0,0.8087205464126789,-0.5881930616812631,6.563685010140605,10,27,False
17,62,NEIGHBOR_KNOCKED,0.092,51.8,92,3,4,0.0,3.026697748446579e-13,7.99593810778428e-15,1.0,0.4651706398044629,0.8852210322082879,0.2641261810000189,0.127468676064452,0.2932761546175872,0.0,0.0,0.0,0.0,1.0,0.4651706399452504,0.885221032134306,4.009319690756242,10,27,False
83,84,SUCCESS,0.072,58.0,91,3,4,0.0,0.0,0.0,1.0,-0.6634900503505654,-0.7481851061641125,-0.0064896525,0.0758533297875506,0.0761304356314192,0.0,0.0,0.0,0.0,1.0,-0.6634900503505654,-0.7481851061641125,4.489200000000002,11,27,False
83,85,SUCCESS,0.072,57.5,91,3,4,0.0,-3.814323877104338e-10,-2.9437037064021415e-10,1.0,-0.9572324979883794,0.2893197967559896,-0.0051246114791439,0.0744986773477816,0.0746747251041545,0.0,0.0,0.0,0.0,1.0,-0.9572324979306976,0.2893197969468333,4.450499999999967,11,27,False
83,107,SUCCESS,0.072,52.2,91,3,4,0.0,3.481918380792055e-13,-2.1045536164867795e-12,1.0,-0.948461489471814,0.3168924154802519,0.0086175914998546,0.1457792999871731,0.1460337878301066,0.0,0.0,0.0,0.0,1.0,-0.948461489677902,0.3168924148634279,4.040279999999995,11,27,False
107,85,NEIGHBOR_KNOCKED,0.054,57.5,90,2,3,0.0,0.0,0.0,1.0,0.938455217755648,-0.3454009326379985,-0.014562643,0.0713443707629671,0.0728154503571128,15.435692794264888,0.0,8.643637627334895e-10,1.3455229677277619e-11,1.0,0.9406609558825064,-0.3393478540940092,4.457498786908417,12,27,False
107,84,NEIGHBOR_KNOCKED,0.054,58.0,90,2,3,0.0,0.0,0.0,1.0,0.6494977488823893,-0.7603635145091516,-0.016005084,0.1353940372408031,0.1363367449890565,0.0,0.0,0.0,0.0,1.0,0.6494977491233043,-0.7603635143033636,4.489199961924402,12,27,False
84,85,SUCCESS,0.054,57.5,89,2,3,0.0,0.0,0.0,1.0,-0.2663150828526649,0.9638860288670948,0.0016736250999999,0.082073798696908,0.0820908609622041,0.0,0.0,0.0,0.0,1.0,-0.2663150828526649,0.9638860288670948,4.450500000000005,13,27,False
84,103,SUCCESS,0.054,90.9,89,2,3,0.0,0.0,0.0,1.0,0.2482599019115773,-0.968693460854802,-0.0197916418,0.0945228589849276,0.0965726667117773,0.0,0.0,0.0,0.0,1.0,0.2482599026748458,-0.9686934606591892,7.035660000000002,13,27,True
103,85,SUCCESS,0.094,57.5,88,3,4,0.0,0.0,0.0,1.0,-0.2566622437166694,0.966501160190884,0.0266355869,0.1765889892633879,0.1785864653846208,0.0,0.0,0.0,0.0,1.0,-0.2566622437166694,0.966501160190884,4.450500000000005,14,27,False
103,89,SUCCESS,0.094,81.60000000000001,88,3,4,0.0032481968450852,-5.669172753526238e-05,0.0,0.999999998393024,-0.9988242987633204,-0.048477006920408,-0.1539036843930504,0.3065784862584682,0.3430403945693414,0.0,0.0,0.0,-5.97159160875471e-16,1.0,-0.9988242117409978,-0.0484787999023723,6.315840474073086,14,27,False
103,97,SUCCESS,0.094,49.1,88,3,4,0.0,4.634636166051668e-13,1.7069752046271671e-13,1.0,0.6536247388452868,0.7568188031288801,-0.2579717479999023,0.2259256592108369,0.342916646221755,0.0,0.0,0.0,0.0,1.0,0.6536247383380107,0.7568188035669879,3.8003401000000263,14,27,False
94,95,NO_DETACH,0.094,59.6,87,3,4,16.812985338436857,-0.267863887131036,-0.1091502603980862,0.9572539676731988,-0.9200443041895858,-0.3918143416572455,0.0091791722999748,0.0742554175980246,0.0748206137823638,0.0,0.0,0.0,0.0,1.0,-0.9259990931464795,-0.3775257335492473,10.304837204438996,15,27,False
94,88,NO_DETACH,0.094,53.400000000000006,87,3,4,28.486970615378613,-0.0830143246450514,-0.4696790543902245,0.8789255985410998,-0.6496583091573791,-0.7602263356019543,-0.0259765556130105,0.096019416448048,0.0994711504735896,28.395231783334424,34.43816119997483,0.0749912850340572,-0.5605222082932009,0.8247370254687577,-0.553767643127139,-0.8326712421030367,7.312439262541658,15,27,False
94,47,NO_DETACH,0.094,92.5,87,3,4,0.0,0.0,0.0,1.0,-0.4740213419081936,0.8805133544788264,0.0211023982639493,0.1957120453652271,0.196846427230801,0.0,0.0,0.0,0.0,1.0,-0.4740213409546358,0.880513354992171,7.159500000000022,15,27,False
6,7,SUCCESS,0.088,84.8,87,1,2,0.0016441459402001,3.2744445134742893e-06,2.850832446510036e-05,0.9999999995882768,-0.3715510900899015,0.928412509315232,-0.0083462459596412,0.1058761854228239,0.1062046442548866,0.0,0.0,0.0,0.0,1.0,-0.3715578620237564,0.9284097991557042,6.563520125240135,16,27,False
88,95,SUCCESS,0.052,59.6,86,2,3,13.351138100245104,-0.2138186532562586,-0.0872055892677498,0.9729731593009872,-0.0671194345873093,0.9977449481208512,0.0501460399389976,0.0273902800922617,0.0571388901283189,14.067745692072853,16.66527991600222,-0.2655394565445176,-0.1083124731258779,0.9579964536382158,-0.0483235668210585,0.9988317340221476,5.063227988029861,17,27,True
88,94,SUCCESS,0.052,91.1,86,2,3,5.379803912769135,0.0868165272130983,0.0354025081773649,0.9955950748258094,0.7044988802023039,0.7097050991740866,0.0783423780332215,0.0664849604882918,0.1027510494692386,4.945533379010352,5.994530394260332,0.0967006803562915,0.0394377885945019,0.9945318693985656,0.7035731039064943,0.7106228869515684,7.082626699951943,17,27,True
52,57,SUCCESS,0.08,81.3,85,3,4,0.0416272432425028,0.0003662221281677,0.0006274796132828,0.9999997360753088,0.9909154694065236,-0.1344861795533245,-0.1954876044706224,0.1474864688450623,0.24488295570343,0.0,0.0,0.0,0.0,1.0,0.9907668226469444,-0.1355769270269761,6.29269708932424,18,27,False
52,26,SUCCESS,0.08,74.7,85,3,4,0.0066189667431635,0.0001155227624934,0.0,0.9999999933272457,-0.9523406755267826,-0.3050364531284607,-0.2141847030630266,0.1927807923285854,0.2881657872077011,0.0,0.0,0.0,0.0,1.0,-0.9523549867582052,-0.304991769063985,5.781781773849178,18,27,False
52,113,SUCCESS,0.08,59.7,85,3,4,0.0,-1.0518218429538724e-08,2.385768995187367e-09,1.0,-0.9841105974291008,0.1775565600808326,0.1075001259317681,0.2766340341302555,0.2967872401477621,0.0,0.0,0.0,0.0,1.0,-0.9841105974064446,0.1775565602064045,4.620780100000042,18,27,False
11,12,SUCCESS,0.088,78.10000000000001,84,3,4,0.0117037590781383,4.2188877263709556e-10,0.0002042691294181,0.9999999791370612,-0.9092801633985648,0.4161845557560721,0.0388477202348618,0.1113544334195849,0.1179362336588839,0.0,0.0,0.0,0.0,1.0,-0.9092840805404174,0.4161759974767497,6.044945876615846,19,27,False
11,98,SUCCESS,0.088,76.8,84,3,4,0.0043496053757697,-7.432634122815483e-05,-1.5449026378986202e-05,0.9999999971184612,-0.9660805430982784,0.2582409422359967,-0.0467173357876408,0.2236461366631254,0.2284734205710514,0.0,0.0,0.0,0.0,1.0,-0.9660769784011176,0.2582542774154316,5.944320791306211,19,27,False
11,80,SUCCESS,0.088,81.69999999999999,84,3,4,0.0011693616861154,-1.8135892676219897e-06,-2.0328471514789923e-05,0.999999999791732,-0.8151299536303088,0.579278135867953,-0.1110099032972828,0.2379579571059689,0.2625779655266569,0.0,0.0,0.0,0.0,1.0,-0.8151231955809449,0.5792876453247631,6.3235794029603305,19,27,False
114,115,SUCCESS,0.068,52.900000000000006,83,3,4,0.0,3.2405626412387227e-12,7.634159474112059e-12,1.0,0.9451805522166722,-0.3265481950821145,-0.1255685980092903,0.0858884830863922,0.152132522272196,0.0,0.0,0.0,0.0,1.0,0.9451805522117744,-0.3265481950962913,4.094460000000022,20,27,False
114,104,SUCCESS,0.068,79.0,83,3,4,0.0710040815750296,5.88027276127164e-10,0.0012392546886682,0.9999992321236136,-0.4972509965907691,0.8676067348686771,-0.0807642863301617,0.1649262891702097,0.1836397310112275,0.0,0.0,0.0,0.0,1.0,-0.4976592489154174,0.867372625789483,6.114817638114301,20,27,False
114,105,SUCCESS,0.068,68.2,83,3,4,1.3472320895799747e-05,-2.350300285046785e-07,0.0,0.9999999999999724,-0.5365061530404579,0.8438964081862945,-0.0728439694919841,0.2578797234560189,0.2679705126708943,0.0,0.0,0.0,0.0,1.0,-0.5365060814243936,0.8438964537161192,5.278680000006776,20,27,False
106,105,SUCCESS,0.054,68.2,82,2,3,0.0,0.0,0.0,1.0,0.8577289767100532,0.5141021323744192,0.0901179227999999,0.0375709945624203,0.0976361595014684,0.0,0.0,0.0,0.0,1.0,0.8577289767100532,0.5141021323744192,5.278679999999994,21,27,False
106,104,SUCCESS,0.054,79.0,82,2,3,0.0,0.0,0.0,1.0,0.847925166718569,-0.530115941700763,0.0803485707999999,0.1044549733825752,0.1317829059246953,0.0,0.0,0.0,0.0,1.0,0.8479251667185691,-0.530115941700763,6.114600000000012,21,27,False
25,26,SUCCESS,0.052,74.7,81,3,4,0.0,0.0,0.0,1.0,-0.9562051567565548,0.2926972808076157,0.0400565222,0.0588651150856866,0.0712013113981071,0.0,0.0,0.0,0.0,1.0,-0.9562051567565548,0.2926972808076157,5.781780000000004,22,27,True
25,27,SUCCESS,0.052,88.3,81,3,4,0.4564858513002651,0.0068287097337951,0.0041040656549922,0.999968262180591,-0.9511178435071188,0.3088281848574827,-0.0138065656205855,0.1190069005905479,0.1198051069128695,0.0,0.0,0.0,0.0,1.0,-0.9521011618010404,0.3057832201038986,6.844510546757328,22,27,False
25,119,SUCCESS,0.052,70.1,81,3,4,0.0003600020381502,6.660856266664687e-07,6.247811877195904e-06,0.9999999999802606,-0.0002415016405466,-0.9999999708384782,-0.0499452800818632,0.156351505425147,0.1641350792827833,0.0,0.0,0.0,0.0,1.0,-0.0002418835811863,-0.9999999707461662,5.425739604860795,22,27,False
27,26,APPROACH_BLOCKED,0.092,74.7,80,3,4,0.0,0.0,0.0,1.0,0.947935258168341,-0.3184631004077562,0.0553441869999999,0.0604867850477375,0.0819855487272127,98.38384255765315,0.0045714004586576,1.9841294967062923e-05,7.727953917861667e-05,0.999999996817098,0.9139780913472272,-0.4057635377128902,5.877473038560535,23,27,True
27,119,APPROACH_BLOCKED,0.092,70.1,80,3,4,0.0,0.0,0.0,1.0,0.5075143271570621,-0.8616433181603131,-0.033944558,0.2238101624367501,0.2263696574803695,0.0,0.0,0.0,0.0,1.0,0.5075143265129671,-0.8616433185396899,5.4257400354211445,23,27,False
27,93,APPROACH_BLOCKED,0.092,72.9,80,3,4,0.0071405553291272,-1.4234192332290673e-05,-0.0001238106530043,0.999999992234155,-0.7686548602084339,-0.6396637443829013,-0.1878131237089658,0.1879565484070569,0.2657093026719494,0.0,0.0,0.0,0.0,1.0,-0.768722037459111,-0.6395830119106614,5.642461661449326,23,27,False
119,26,SUCCESS,0.068,74.7,80,3,4,1.4787793334710982e-06,-6.933800275362273e-09,-2.700634613799484e-08,0.9999999999999996,-0.3335560702761989,0.9427302625788034,0.095215851051576,0.1792216672456855,0.2029444857634696,0.0,0.0,0.0,0.0,1.0,-0.3335560745826488,0.9427302610550988,5.781780000000123,24,27,False
119,55,SUCCESS,0.068,50.2,80,3,4,0.0,-2.640252391924952e-13,-2.5723047200739426e-13,1.0,0.9575810360019074,0.2881641190181627,-0.0655084556000671,0.2052705250102547,0.2154700586928299,0.0,0.0,0.0,0.0,1.0,0.957581035840072,0.2881641195559483,3.8854802000000057,24,27,False
119,27,SUCCESS,0.068,88.3,80,3,4,0.0,0.0,0.0,1.0,-0.5075143271570621,0.8616433181603131,0.044796038,0.2238101624367501,0.2282491485864994,0.0,0.0,0.0,0.0,1.0,-0.5075143271570621,0.8616433181603131,6.834419800000026,24,27,False
51,50,SUCCESS,0.05,51.3,79,1,2,0.0,1.1265425030709936e-12,4.7493360163195356e-14,1.0,-0.938383844959478,0.3455947909316145,0.0058429140999052,0.0910101393461954,0.0911975060459044,0.0,0.0,0.0,0.0,1.0,-0.9383838449595168,0.3455947909315099,3.9706199999999874,25,27,False
93,91,SUCCESS,0.076,82.0,78,3,4,3.517930087145804,-0.0327712011165091,0.0518768487129089,0.9981156450757592,-0.9267499133460264,-0.3756788497016199,-0.0370927978206623,0.0757239760559028,0.0843207934016247,3.392793546442604,4.771976775669315,-0.0447098364326351,0.0701546982600269,0.9965336666857832,-0.9363079054461104,-0.351180162023879,6.447166824730057,26,27,True
93,92,SUCCESS,0.076,51.9,78,3,4,8.262125451046396,0.0784936014591773,-0.1203704113662851,0.9896209974517916,-0.398099652149587,-0.9173421755039816,-0.0689523888957271,0.0900540995314605,0.1134203366987146,8.511431942240277,11.97761043957294,0.1119990245278722,-0.1747131594723579,0.9782287720221644,-0.3504181338904478,-0.936593365042021,4.502748414834277,26,27,False
93,27,SUCCESS,0.076,88.3,78,3,4,0.0,0.0,0.0,1.0,0.7687220811701984,0.6395829593738086,0.185446144000197,0.1879359802459535,0.2640269020299811,0.0,0.0,0.0,5.518481033684979e-16,1.0,0.7687220811709807,0.6395829593728685,6.834420050009648,26,27,False
92,91,NEIGHBOR_KNOCKED,0.044,82.0,77,1,2,5.903602839595221,-0.0551981677262688,0.0867890014348853,0.9946963514106192,-0.5344091882800853,0.8452258984921254,0.0390232049614245,0.0515308024281778,0.0646392614774739,0.113527877661961,6.786829248813287e-05,1.1842640781366035e-06,2.3149468685571796e-08,0.9999999999992985,-0.5362560715732673,0.8440553451645257,7.760579120208141,27,27,True
4,5,GRASP_FAILED,0.076,66.10000000000001,76,2,3,3.618227843163893e-05,1.683002301439381e-12,-6.314684415492949e-07,0.9999999999998006,-0.9502020243436796,-0.3116345823768173,0.0350912003609125,0.0867851374225866,0.0936111767911661,2.6356588462833505e-05,0.0,6.3436857897945005e-18,-2.3792912845973392e-12,1.0,-0.9502020378895766,-0.3116345410741493,5.116140000064142,28,27,False
4,3,GRASP_FAILED,0.076,77.5,76,2,3,0.0158448852074805,0.0002765453783792,1.3849455286730566e-07,0.9999999617613166,-0.9999313218771956,-0.011719706861709,0.029628963577128,0.1801018372381389,0.1825227308014206,0.0709782455813035,5.369957970801721e-05,9.37126040316016e-07,1.226172139815955e-09,0.9999999999995608,-0.999931329823618,-0.0117190288492981,5.9985267767691335,28,27,False
118,19,SUCCESS,0.062,85.5,76,1,2,0.098616917666498,0.0007665154214555,-0.0015410859463922,0.99999851875301,-0.127678916265393,0.9918155545973728,-0.1027875577213963,0.1827273296657192,0.2096534259894024,0.0,0.0,0.0,2.5259024780086792e-17,1.0,-0.1281417327525194,0.9917558652849914,6.6181524775037,29,27,False
19,20,NEIGHBOR_KNOCKED,0.084,80.0,75,3,4,1.2468306411782355,-0.0200176152905193,0.0085307974479066,0.9997632322570096,-0.922882521514461,0.3850816166517303,-0.0283268062468961,0.0760151929509729,0.0811216217264105,0.4631450093446385,0.0011347942945772,-1.4006477962900511e-05,1.4003287018858809e-05,0.9999999998038632,-0.9230750919087138,0.3846197793896189,6.267823646455272,30,27,True
19,18,NEIGHBOR_KNOCKED,0.084,93.0,75,3,4,25.071372553178385,0.1263646529606787,0.4044668304839513,0.9057806343262113,0.2687005113009281,0.9632237721457144,-0.0716328939749962,0.0809817760041225,0.108117156566453,25.06514140171014,0.5396083501649458,-0.0032047922456852,-0.0088557508418602,0.99995565150845,0.273572761629313,0.961851310803552,26.04555279028077,30,27,True
19,34,NEIGHBOR_KNOCKED,0.084,52.2,75,3,4,0.0,1.6774818579848046e-12,-1.2522770798478662e-12,1.0,0.9565167827837608,0.2916772947162733,-0.193765521419043,0.1831472895774078,0.2666233428834476,0.0,0.0,0.0,0.0,1.0,0.9565167829876788,0.2916772940475511,4.040279963448262,30,27,False
18,20,APPROACH_BLOCKED,0.092,80.0,74,3,4,2.831646840510158e-06,-3.432009237751868e-08,3.431227336879645e-08,0.9999999999999988,-0.9875388316421064,0.1573755254127635,0.0655898822082269,0.0744629918989601,0.099230891413076,0.0,0.0,0.0,0.0,1.0,-0.9875388304368043,0.1573755329760904,6.192000000000342,31,27,False
18,34,APPROACH_BLOCKED,0.092,52.2,74,3,4,0.0,0.0,0.0,1.0,0.9777336541217548,0.2098497119314699,-0.0939086999175979,0.1741504070915091,0.1978565344140845,0.0,0.0,0.0,0.0,1.0,0.9777336542229036,0.209849711460196,4.040279800000039,31,27,False
18,111,APPROACH_BLOCKED,0.092,84.6,74,3,4,0.2243330010259749,-0.0039153394850791,0.0,0.9999923350289824,0.8825677965601871,0.4701851597773964,-0.1696841200219477,0.0845392455170642,0.1895773842530201,0.0,0.0,0.0,0.0,1.0,0.8847676157047795,0.4660324733321483,6.550364892074636,31,27,False
30,28,NEIGHBOR_KNOCKED,0.09,71.5,98,2,3,0.001129875798593,7.792888577425911e-06,-1.8114950827403648e-05,0.9999999998055598,0.9320859148279724,-0.3622372804934656,-0.0200568402277899,0.086741315685736,0.0890299538740507,31.97514370300825,0.0017294078262113,-2.661305731316824e-05,-1.4241158813460504e-05,0.9999999995444672,0.9368232591360102,-0.3498030605094588,5.579170050592688,1,28,False
30,29,NEIGHBOR_KNOCKED,0.09,78.7,98,2,3,0.0653658997152806,0.0011408499210823,0.0,0.999999349230517,0.9622925430204182,0.272016656929859,-0.0569940459109101,0.159863197689263,0.1697190715409772,0.0,0.0,0.0,0.0,1.0,0.9622386736778312,0.2722071543489046,6.091563989210923,1,28,False
28,29,SUCCESS,0.068,78.7,97,1,2,0.0,0.0,0.0,1.0,0.7172639833582265,0.6968015342815269,-0.0390279203999999,0.1045810562624606,0.111626053857156,0.0,0.0,0.0,0.0,1.0,0.7172639833582265,0.6968015342815269,6.09138,2,28,False
98,66,SUCCESS,0.05,66.10000000000001,95,3,4,2.298855896526509e-05,1.8027240339517586e-07,3.582660312576588e-07,0.9999999999999196,0.0315953354467244,0.9995007427601086,-0.0184441515151263,0.0728040709162909,0.0751040575940957,0.0,0.0,0.0,0.0,1.0,0.0315952054047219,0.9995007468708732,5.116140000019146,4,28,True
98,99,SUCCESS,0.05,67.4,95,3,4,0.0001513974445307,-1.9437610621908487e-06,-1.7899096662279587e-06,0.9999999999965088,0.8286252293857077,0.5598037417037183,-0.0177534688668498,0.0895898260952339,0.0913319363452919,0.0,0.0,0.0,0.0,1.0,0.8286250907993673,0.5598039468400883,5.216760000841247,4,28,False
98,103,SUCCESS,0.05,85.5,95,3,4,0.1695853807743396,0.0028911931846141,0.0006336640307217,0.9999956197263392,-0.8983776532822534,0.4392238519059173,0.0708965343113131,0.0869301797536812,0.1121747508549162,0.0,0.0,0.0,0.0,1.0,-0.8981698362038011,0.4396486612439951,6.619036525466246,4,28,False
84,41,SUCCESS,0.048,62.5,94,3,4,0.0,9.531233480366955e-14,1.5271546511769273e-08,1.0,0.1265064243753044,-0.9919657880147762,-0.0055277223352888,0.0683411312779135,0.0685643197192319,0.0,0.0,0.0,0.0,1.0,0.1265064232219413,-0.9919657881618656,4.837500000000015,5,28,True
84,83,SUCCESS,0.048,77.7,94,3,4,0.0622096370088468,0.0010825906468763,8.293553693826261e-05,0.9999994105594202,-0.966524463239174,-0.2565744764395456,-0.0326025705442212,0.0791685643325999,0.0856188599817584,0.0,0.0,0.0,0.0,1.0,-0.9665736015314256,-0.2563892993527004,6.0141449468433,5,28,True
84,85,SUCCESS,0.048,55.0,94,3,4,0.0,1.1168190492822804e-10,3.253049500979492e-12,1.0,0.8164355311067455,-0.5774365969926449,-0.0223945029908722,0.1022115390282021,0.104636095467682,0.0,0.0,0.0,0.0,1.0,0.8164355311189888,-0.5774365969753342,4.256999999999986,5,28,False
41,85,NEIGHBOR_KNOCKED,0.058,55.0,93,2,3,0.0,0.0,0.0,1.0,0.9931952662977138,0.1164609934862887,-0.0157057817,0.0753160456340489,0.0769361963496909,18.91219924958475,0.0,1.4081167080507118e-10,-2.1511390621629943e-11,1.0,0.9939964989886148,0.1094118823454586,4.2816185983638615,6,28,False
41,83,NEIGHBOR_KNOCKED,0.058,77.7,93,2,3,0.0,0.0,0.0,1.0,-0.8736627501933345,0.4865320122300474,-0.0293432403,0.0975743899818728,0.1018910561906105,0.0,0.0,0.0,0.0,1.0,-0.8736627507035535,0.4865320113138505,6.013979979903447,6,28,False
85,83,SUCCESS,0.058,77.7,92,1,2,0.0,0.0,0.0,1.0,-0.9706238029166612,0.2406022302714557,-0.0173579373,0.1636432544902539,0.1645612734742677,0.0,0.0,0.0,0.0,1.0,-0.9706238029166612,0.2406022302714557,6.013979999999992,7,28,False
83,110,SUCCESS,0.074,84.6,91,1,2,0.0277418396079176,0.0004841864227108,0.0,0.9999998827817472,-0.9697915944933272,-0.24393495700717,-0.2725852953908007,0.1379344080603052,0.3054973718221433,0.0,0.0,0.0,0.0,1.0,-0.969858479964696,-0.2436688918195531,6.548075599614546,8,28,False
108,107,SUCCESS,0.082,56.6,90,3,4,0.0,4.2400711847914775e-10,-9.117474347404287e-10,1.0,-0.7994374766127786,-0.6007492996142342,-0.0962583864235859,0.0926386541624769,0.1335948996103796,0.0,0.0,0.0,0.0,1.0,-0.7994374774324092,-0.600749298523524,4.380839999999997,9,28,False
108,102,SUCCESS,0.082,53.0,90,3,4,0.0,-6.5521024229111296e-12,-1.2775059730070884e-12,1.0,0.7087836496273235,0.7054259266719443,0.0951266488561149,0.1730105852328337,0.1974379444919396,0.0,0.0,0.0,0.0,1.0,0.7087836493373431,0.7054259269633051,4.102200300000026,9,28,False
108,103,SUCCESS,0.082,85.5,90,3,4,0.0,0.0,0.0,1.0,0.8096008757257741,0.5869807680189019,0.1552798155570744,0.1991007419310897,0.2524934188388866,0.0,0.0,0.0,-5.699203219583437e-16,1.0,0.8096008754870906,0.5869807683481091,6.617700000000005,9,28,False
115,99,SUCCESS,0.09,67.4,89,3,4,0.0,0.0,0.0,1.0,0.3397641712568567,0.9405106633792842,0.1991080681196501,0.119935272413707,0.2324402984839104,0.0,0.0,0.0,0.0,1.0,0.3397641712568567,0.9405106633792842,5.2167599999999865,10,28,False
115,66,SUCCESS,0.09,66.10000000000001,89,3,4,0.0,0.0,0.0,1.0,-0.2244280213332935,0.9744906686266538,0.1986183651196501,0.1389600629128969,0.2424028754935859,0.0,0.0,0.0,0.0,1.0,-0.2244280213332936,0.9744906686266538,5.116140000000019,10,28,False
115,102,SUCCESS,0.09,53.0,89,3,4,0.0,0.0,0.0,1.0,-0.8167623024007237,0.5769742987144824,0.2167999091196501,0.1837541756307171,0.2841967587007512,0.0,0.0,0.0,0.0,1.0,-0.8167623024007238,0.5769742987144824,4.102200000000028,10,28,False
113,112,GRASP_FAILED,0.056,75.0,88,2,3,0.3849323758037862,0.0049373297381282,-0.0045561115869349,0.999977432056476,-0.9551870485589488,0.2960028754340817,0.0077639849062635,0.0862967634049903,0.0866453162946594,0.229415904500969,7.781995746267957e-05,-1.1423542184380776e-06,7.348031386868821e-07,0.9999999999990776,-0.9548252677089348,0.2971678114206869,5.812079974544001,11,28,True
113,89,GRASP_FAILED,0.056,53.5,88,2,3,0.0050787643752526,-8.864115044430615e-05,-4.1161317198626466e-08,0.9999999960713724,-0.96643271710854,0.2569198382807458,-0.0576237157314215,0.1502690716992244,0.1609387663803917,5.86623889871406e-05,0.0,0.0,1.0246581489414626e-15,1.0,-0.9664292785044842,0.2569327726260352,4.140900413930729,11,28,False
34,33,GRASP_FAILED,0.082,76.8,88,3,4,3.2532401301468306,0.0530357302333933,0.0201912952982205,0.9983884629305322,0.9396935606492772,0.3420175610612467,-0.0278512835715213,0.1190441200576889,0.1222587277738924,16.679779438881237,0.004704902402835,8.166193054770874e-05,-8.623974619810023e-06,0.9999999966284782,0.9392388912530252,0.3432641914878215,7.098097678776848,12,28,False
34,49,GRASP_FAILED,0.082,53.8,88,3,4,0.1356963858253216,-0.0023683464975662,1.392613084500638e-07,0.9999971954634912,0.3932234403336654,-0.9194429432934684,-0.1550995345180664,0.0220829346266797,0.1566637214209055,2.847305443138263,0.0,-6.249525909652889e-12,1.3585925890549758e-15,1.0,0.4175520881302964,-0.9086529886034764,4.169075092904372,12,28,False
34,48,GRASP_FAILED,0.082,60.3,88,3,4,0.1272806798827356,-0.0003121155611804,-0.0021994297251878,0.999997532543336,0.7890302685797915,-0.6143543238758089,-0.2481051465037983,0.077444671970691,0.2599112174153304,1.1802677335759353,0.0,-1.182622201995215e-10,-8.360969086129005e-10,1.0,0.7940071396729316,-0.6079084323715286,4.669401252836031,12,28,False
33,34,SUCCESS,0.078,81.60000000000001,88,3,4,0.0342781783579631,-2.5788046708705752e-05,-0.0005977109886277,0.9999998210382596,-0.934192534983859,-0.3567692637832349,0.0462887316424571,0.1137651812514409,0.1228216721195433,0.0,0.0,0.0,0.0,1.0,-0.9341928892876512,-0.3567683360451014,6.3158921997826205,13,28,False
33,49,SUCCESS,0.078,53.8,88,3,4,0.0,0.0,0.0,1.0,-0.8535881987446723,-0.5209483534514971,-0.1171757362,0.1134878208923134,0.1631246107884945,0.0,0.0,0.0,0.0,1.0,-0.8535881987446723,-0.520948353451497,4.1641199899999926,13,28,False
33,48,SUCCESS,0.078,60.3,88,3,4,0.0,0.0,0.0,1.0,-0.4649374156271691,-0.8853435488836686,-0.2112969311999999,0.09677508865195,0.2324044124325748,0.0,0.0,0.0,0.0,1.0,-0.4649374156271691,-0.8853435488836686,4.66721999000011,13,28,False
49,48,SUCCESS,0.056,60.3,87,3,4,0.0,0.0,0.0,1.0,0.8901373193882004,-0.4556923881659521,-0.095127395,0.0582803393027672,0.1115608319650391,0.0,0.0,0.0,0.0,1.0,0.8901373193882004,-0.4556923881659521,4.66722,14,28,False
49,34,SUCCESS,0.056,81.60000000000001,87,3,4,33.65042551727026,-0.2947492761392085,0.4692298951125219,0.8324338831091057,0.5000467306012177,-0.8659984221781429,0.1516159387919412,0.0452348596119705,0.1582200537854679,0.0,0.0,0.0,0.0,1.0,-0.452592896754694,0.8917172588927472,25.741915989932696,14,28,False
49,71,SUCCESS,0.056,81.4,87,3,4,0.0032531660926098,-5.677845898964482e-05,0.0,0.9999999983881032,-0.9976935059748576,-0.0678798065377108,-0.1901622146019894,0.0695378768850448,0.2024776140318053,0.0,0.0,0.0,0.0,1.0,-0.9976926158455094,-0.0678928883414521,6.3003591078291485,14,28,False
71,48,SUCCESS,0.082,60.3,86,3,4,0.0,0.0,0.0,1.0,0.9841632093550788,-0.1772647098322493,0.098305037,0.1231925374242037,0.1576079997226828,0.0,0.0,0.0,0.0,1.0,0.9841632093550788,-0.1772647098322493,4.66722,15,28,False
71,25,SUCCESS,0.082,80.0,86,3,4,0.004898889723102,-8.550175570617566e-05,0.0,0.9999999963447248,0.1743802963357113,0.98467838010686,-0.0142612073799767,0.211642221673826,0.2121221629886128,0.0,0.0,0.0,0.0,1.0,0.1744037314238469,0.9846742296137534,6.19200144566834,15,28,False
71,9,SUCCESS,0.082,53.0,86,3,4,0.0,-1.2547048588433048e-11,-3.674611009439421e-12,1.0,-0.9309229790009578,0.3652155626037616,-0.1596937689984768,0.1473343113192625,0.2172774704125125,0.0,0.0,0.0,0.0,1.0,-0.9309229789971908,0.3652155626133635,4.1022,15,28,False
9,10,SUCCESS,0.05,84.5,85,2,3,0.3068443089812478,0.0052841592256116,0.0008707249739885,0.999985659646826,-0.7358540596529187,0.67714016487897,-0.0062343237151577,0.0939636176642244,0.0941702088599888,0.0,0.0,0.0,0.0,1.0,-0.7374953473782575,0.6753522137340067,6.544636565825366,16,28,True
9,79,SUCCESS,0.05,66.10000000000001,85,2,3,9.922157529283728e-05,1.5291051467533311e-06,8.127599273495753e-07,0.9999999999985004,-0.9300822894471692,-0.3673512418064106,0.0681992363543925,0.1916858075195867,0.2034565915465959,0.0,0.0,0.0,0.0,1.0,-0.9300823004611356,-0.3673512139205777,5.116140000357444,16,28,False
16,15,GRASP_FAILED,0.06,59.2,84,3,4,0.0,-5.299204592278441e-09,-4.392440533593818e-09,1.0,-0.3976055013210539,-0.917556464376571,-0.1540710835330048,0.0435036363203498,0.1600951752993431,0.0,0.0,0.0,0.0,1.0,-0.3976054889798442,-0.9175564697243972,4.582080000000008,17,28,False
16,14,GRASP_FAILED,0.06,81.60000000000001,84,3,4,0.0750016263034537,0.0013090246858552,-8.307673146528095e-07,0.9999991432264738,-0.9664724509475732,-0.2567703284248215,-0.1187236902996349,0.1650679540840399,0.203329152124958,0.0119426868608213,6.037091348628668e-06,-1.0631403629098417e-07,2.1560702091153768e-11,0.9999999999999944,-0.966558297422212,-0.2564469880584969,6.316073027115233,17,28,False
16,54,GRASP_FAILED,0.06,58.0,84,3,4,0.0,8.871420215598871e-10,-7.029234283300774e-10,1.0,0.947068737801522,-0.3210308487965481,-0.1116174805577607,0.2272743394473036,0.2532036479541128,0.0,0.0,0.0,0.0,1.0,0.9470687379647282,-0.3210308483150753,4.489200000000044,17,28,False
22,21,APPROACH_BLOCKED,0.072,84.0,84,3,4,34.990353627483586,-0.0151463524389096,0.5732384481956053,0.8192486005591286,0.291516177249718,-0.9565658986194892,0.0984118519720398,0.0698538631732825,0.1206832830544411,109.30252561359,0.1205482404425654,0.0005214407701492,0.0020383219214851,0.9999977866691844,0.6985754879899109,-0.7155363635620889,36.76235026372039,18,28,False
22,5,APPROACH_BLOCKED,0.072,48.0,84,3,4,0.0,1.5227558602324494e-15,-1.5227558602324494e-15,1.0,-0.5544163706872214,0.8322394414554082,-0.1043484809803755,0.1275417628195654,0.1647892798274028,0.0,0.0,0.0,0.0,1.0,-0.5544163695481069,0.8322394422142566,3.7151998566075433,18,28,False
22,23,APPROACH_BLOCKED,0.072,49.2,84,3,4,15.651026406925666,0.1845348666054667,0.1967911963827572,0.9629226905796464,0.2079491581063645,0.9781396360657584,0.1648279514472761,0.0321671921508263,0.16793743426995,0.0,0.0,0.0,0.0,1.0,0.4841933112587083,0.8749610490372286,8.041296336875295,18,28,False
76,68,SUCCESS,0.066,51.5,84,2,3,0.0,-5.648685039588496e-13,-1.340261701604205e-12,1.0,0.8701571882722593,0.4927742563264803,0.0216872301170976,0.1830375228118501,0.1843178523834587,0.0,0.0,0.0,0.0,1.0,0.8701571882722411,0.4927742563265125,3.986100000000002,19,28,False
76,59,SUCCESS,0.066,63.70000000000001,84,2,3,1.7096803942624265e-05,-2.964676698467648e-07,3.2969718875282985e-08,0.9999999999999556,0.9419834653688878,0.3356592780955436,0.0357023673718529,0.2594264835957623,0.2618716468555103,0.0,0.0,0.0,0.0,1.0,0.9419834654670584,0.3356592778200408,4.930380033010273,19,28,False
4,5,SUCCESS,0.05,48.0,83,3,4,0.0,0.0,0.0,1.0,0.9490778413411896,0.315041665617657,-0.0103278609,0.0831706360127871,0.0838094231309419,0.0,0.0,0.0,0.0,1.0,0.9490778413411896,0.315041665617657,3.715199999999993,20,28,False
4,3,SUCCESS,0.05,48.4,83,3,4,0.0,-6.267210069386452e-14,-1.8877138763212207e-15,1.0,-0.9908378116446104,0.1350571398161529,-0.0590377748999967,0.0522988511348839,0.0788709623066147,0.0,0.0,0.0,0.0,1.0,-0.9908378118074228,0.1350571386216894,3.746159999999972,20,28,False
4,22,SUCCESS,0.05,75.89999999999999,83,3,4,0.0014577561854561,1.787222511028405e-05,-1.810833651641285e-05,0.999999999676336,0.882032973265698,-0.4711876845505118,0.101455142002146,0.1696590035564905,0.1976798505828474,0.0,0.0,0.0,0.0,1.0,0.8820317524053253,-0.4711899699153102,5.874660083351143,20,28,False
77,50,GRASP_FAILED,0.086,56.6,82,3,4,0.0,1.532216532542328e-09,2.4277398914178354e-10,1.0,-0.9049661043811448,-0.4254836658688731,-0.0466466042845256,0.1253175600436344,0.1337175999880608,0.0,0.0,0.0,0.0,1.0,-0.9049661044969124,-0.425483665622646,4.38083999999999,21,28,False
77,51,GRASP_FAILED,0.086,80.4,82,3,4,0.0069466741747054,-0.0001212423363795,0.0,0.999999992650148,-0.3857238006652226,-0.9226143016452626,-0.0612487952680939,0.142557482828648,0.1551581478112998,0.0,0.0,0.0,0.0,1.0,-0.3856462999073346,-0.922646699104149,6.222962105881121,21,28,False
77,54,GRASP_FAILED,0.086,58.0,82,3,4,13.668461633993164,-0.1160734945273693,-0.2058305228858315,0.971679339965994,0.5992075386694038,0.8005937331766686,0.1963121586780312,0.0411111142590499,0.2005706542853395,70.82698732478407,0.0,-1.1593548999820246e-09,3.6626122084416924e-10,1.0,0.8702661763439794,0.4925817519068583,13.86576536427675,21,28,False
89,88,SUCCESS,0.054,73.3,95,1,2,0.0061462530330472,0.0001072723521608,0.0,0.9999999942463212,-0.999179591294076,0.0404986955518766,0.0552702338293589,0.0914614447530574,0.1068643749051506,0.0,0.0,0.0,0.0,1.0,-0.9991795652787172,0.0404993373949934,5.673421514262114,1,29,False
60,61,SUCCESS,0.078,51.8,94,3,4,0.0,-8.819049383585622e-13,-6.314439358647307e-14,1.0,-0.9883673773327374,0.1520852636661625,-0.0542151712063457,0.0664625876930419,0.0857703932122773,0.0,0.0,0.0,0.0,1.0,-0.9883673773326996,0.1520852636664071,4.009320000000003,2,29,False
60,50,SUCCESS,0.078,60.0,94,3,4,15.543151979288972,-0.1834272654180213,-0.1953437275865132,0.963428910918638,0.964043259223716,-0.2657453562064916,0.1793275340406073,0.1634836470290351,0.2426628675982366,15.61932088279196,17.82742461201669,-0.2201576523371803,-0.2127417374808668,0.9519829626894608,0.9709562270107196,-0.2392571947279911,4.9033794793001615,2,29,False
60,51,SUCCESS,0.078,55.3,94,3,4,17.110713856603947,0.2051377958977944,0.2109107195246342,0.955738014878448,0.7910495313350899,-0.6117521058194523,0.2242455178484692,0.1470955845291208,0.2681849422750871,17.00275632930467,18.85274440769996,0.2322801501485011,0.224640732463786,0.9463521929837344,0.76934974481472,-0.6388278094710068,4.446609237866854,2,29,False
44,42,GRASP_FAILED,0.092,53.900000000000006,93,3,4,0.0298785085068477,0.0005214783052086,-1.4499774588465345e-07,0.9999998640301688,-0.9500372072614424,0.3121366765038659,-0.0743839782891824,0.0550241491326174,0.0925236900144719,90.0,0.0836891902731132,0.0014606513981599,-5.657044569655556e-08,0.999998933248176,-0.9565525857795956,0.2915598577279966,4.143026035724509,3,29,False
44,43,GRASP_FAILED,0.092,73.3,93,3,4,1.0891017791527686,-0.0185260960180006,0.0042497029808127,0.9998193455774432,0.9512795883786394,0.3083296040508707,-0.0539224196176461,0.112299798212368,0.1245747647638159,26.63630917829475,1.9587690394859,-0.0335314821086679,0.0066282203528556,0.9994156824877974,0.9528604743885754,0.3034088270765686,5.436693025330162,3,29,False
44,61,GRASP_FAILED,0.092,51.8,93,3,4,0.0,0.0,0.0,1.0,-0.818966712573706,0.5738410265014317,0.1026738761632183,0.2636480040357078,0.28293496581086,0.0,0.0,0.0,0.0,1.0,-0.8189667131857107,0.5738410256279989,4.009320099999966,3,29,False
54,55,SUCCESS,0.046,43.2,93,3,4,0.0,0.0,1.4650356583544277e-15,1.0,0.999857405475246,0.0168869392226474,-0.0337414078999999,0.1458865007162526,0.1497376161767889,0.0,0.0,0.0,0.0,1.0,0.999857405475246,0.0168869392226468,3.3436799999999947,4,29,False
54,103,SUCCESS,0.046,50.8,93,3,4,0.0,-4.997516870432168e-13,-3.8938186268542393e-13,1.0,-0.9998703320899366,-0.0161033849348491,-0.1279357401999556,0.0875180010763559,0.1550063035263779,0.0,0.0,0.0,-2.997550905969388e-17,1.0,-0.999870332090428,-0.0161033849043444,3.93191970000001,4,29,False
54,74,SUCCESS,0.046,75.7,93,3,4,0.0017138480433177,-1.5905030543885964e-05,-2.5333284891693525e-05,0.9999999995526274,0.9837441289088916,0.1795758581694271,-0.0516339780024213,0.1987279246047652,0.2053262177659536,0.0,0.0,0.0,0.0,1.0,0.9837422397280412,0.1795862070841097,5.859180117500906,4,29,False
55,74,NEIGHBOR_KNOCKED,0.046,75.7,92,3,4,0.0,0.0,0.0,1.0,0.830992173402152,0.5562841070391709,-0.0229195566,0.0597276840728804,0.0639742316831583,15.684336822883234,0.0040490415685448,-3.995446954824451e-05,-5.829033542836899e-05,0.9999999975029388,0.8344445136410414,0.5510919647884245,6.084225409286729,5,29,True
55,73,NEIGHBOR_KNOCKED,0.046,49.8,92,3,4,0.0,-9.148766132159614e-14,-1.9557322253105917e-13,1.0,0.9559927547389584,0.2933902740150361,-0.1396421320000084,0.0582992393234226,0.1513232511387377,0.0,0.0,0.0,0.0,1.0,0.9559927546079988,0.2933902744417591,3.854519660419303,5,29,False
55,72,NEIGHBOR_KNOCKED,0.046,83.4,92,3,4,0.2336416949339927,-0.0006045375416295,-0.0040327450235602,0.9999916857164044,-0.5299157090594568,0.8480503176651802,-0.1382091321528313,0.0605694538850544,0.1508987175372028,0.0,0.0,0.0,0.0,1.0,-0.5230762225489688,0.8522859059047625,6.457655055880114,5,29,False
76,75,SUCCESS,0.056,78.0,91,2,3,0.047204848572734,-0.0008212474972008,-6.580804887559077e-05,0.9999996606108668,0.985725952158955,-0.1683577953060725,-0.1175342298398874,0.0811543725152053,0.1428297145638547,0.0,0.0,0.0,0.0,1.0,0.985793996780288,-0.1679589113799724,6.037295372751883,6,29,False
76,119,SUCCESS,0.056,81.60000000000001,91,2,3,0.0083956205242774,9.0558771468904e-06,-0.0001462511178578,0.9999999892643008,-0.9996273778047876,0.0272966214598947,-0.1373418969105485,0.1622013447897585,0.2125372270887946,0.0,0.0,0.0,0.0,1.0,-0.9996228492888426,0.0274619587731088,6.315842098101954,6,29,False
103,104,SUCCESS,0.054,45.2,90,2,3,0.0,5.390286230911337e-16,1.2128144019550504e-15,1.0,-0.9436698444715862,0.3308885380834037,0.0150904064999999,0.0691282026040879,0.0707561217394443,0.0,0.0,0.0,0.0,1.0,-0.9436698444715864,0.3308885380834035,3.498480000000007,7,29,False
103,19,SUCCESS,0.054,78.10000000000001,90,2,3,9.062762847604874,-0.0196150824408352,0.156290224315636,0.9875163868636344,-0.6934811224222127,0.7204747968138985,-0.0351765195458408,0.0973809479029746,0.103539540958229,9.057842482425675,8.265101549817047,-0.0041368005600909,0.1436939263815508,0.9896135318406774,-0.6919568866893109,0.7219388249451864,6.124056938311829,7,29,False
73,72,SUCCESS,0.046,83.4,89,2,3,0.0,0.0,0.0,1.0,-0.92875799108041,0.370686652044933,-0.0035789779999999,0.0944466476115687,0.0945144344985903,0.0,0.0,0.0,0.0,1.0,-0.92875799108041,0.370686652044933,6.455159999999998,8,29,True
73,74,SUCCESS,0.046,75.7,89,2,3,8.537736462515939e-07,9.331921957271984e-09,1.3614518687948521e-08,1.0,-0.4360089488133228,0.8999423295715685,0.1127155356357572,0.0165891766193286,0.1139297711511918,0.0,0.0,0.0,0.0,1.0,-0.4360088942055886,0.8999423560282179,5.859180000000035,8,29,False
72,74,SUCCESS,0.08,75.7,88,3,4,0.0,0.0,0.0,1.0,0.9702571395270462,-0.242076606050221,0.1174864735,0.0829522882348823,0.1438198650356382,0.0,0.0,0.0,0.0,1.0,0.9702571395270462,-0.242076606050221,5.859180000000006,9,29,False
72,19,SUCCESS,0.08,78.10000000000001,88,3,4,8.429083891300692,-0.0027924599636173,0.1465585732025867,0.9891980523576528,-0.9998935041919268,0.0145938437290981,0.0110038238697646,0.2673023762557902,0.2675287732034609,8.432282845781728,8.306142515689208,-0.0026530727821974,0.1444379202783885,0.989510307369492,-0.9998981789941612,0.0142699559971429,6.0479122897038895,9,29,False
72,104,SUCCESS,0.08,45.2,88,3,4,0.0,0.0,0.0,1.0,-0.9923756181281592,-0.1232502841568883,0.0765631042,0.2686705700235849,0.2793667555768547,0.0,0.0,0.0,0.0,1.0,-0.9923756181338134,-0.1232502841113639,3.4984799999999856,9,29,False
16,15,NEIGHBOR_KNOCKED,0.082,83.4,87,3,4,24.94735250436248,-0.4210306360831394,-0.0252199297451555,0.9066957365197414,-0.9976567837715704,-0.0684174085636525,0.0433508299883752,0.068182079329889,0.0807965989533488,88.44752735946669,0.2811441943721057,0.0011807837618046,0.0047626824622743,0.9999879612302696,-0.9968167911074268,-0.0797263128853513,27.277729118804988,10,29,True
16,14,NEIGHBOR_KNOCKED,0.082,55.9,87,3,4,0.0,2.1792570450553852e-16,8.717028180221543e-16,1.0,-0.9485617346751496,0.3165922227567682,-0.0693869489589806,0.0707304582629462,0.0990825232416017,16.89841866796209,0.0,3.3445057870465007e-10,-3.3461838149711944e-11,1.0,-0.9520767303897176,0.3058592804713059,4.369068880086642,10,29,False
16,110,NEIGHBOR_KNOCKED,0.082,84.6,87,3,4,5.950924072187369,-0.0052475446344466,-0.103543694453697,0.9946110629860242,-0.0173513403396195,-0.9998494541621848,-0.0051304059168179,0.0831555083258325,0.0833136221142672,10.231107749234292,0.0770307321327445,0.0013197995668949,-0.0002562160441262,0.9999990962408124,-0.0218541600262053,-0.9997611693247288,8.638646359203781,10,29,True
31,33,SUCCESS,0.084,66.19999999999999,86,2,3,0.0001416878459164,-1.0226792515974172e-06,2.2515782875893938e-06,0.9999999999969424,-0.99988141532917,0.0153998467309421,-0.1084179409949193,0.0395971577027758,0.1154226356817254,0.0,0.0,0.0,0.0,1.0,-0.9998815423428558,0.0153915977751486,5.123880000727549,11,29,False
31,93,SUCCESS,0.084,54.7,86,2,3,0.0,-1.6825299749305094e-10,2.8283728592251762e-14,1.0,-0.9875651987364936,-0.1572099813769775,-0.1789708338232469,0.2082357876176965,0.2745773162592836,0.0,0.0,0.0,0.0,1.0,-0.9875651987265098,-0.1572099814396944,4.233779999999948,11,29,False
14,15,APPROACH_BLOCKED,0.058,83.4,85,2,3,0.0016114479436968,-6.768042633689796e-06,-2.729859775506405e-05,0.9999999996044902,0.4990907747315363,-0.8665497092365071,0.0863098541018016,0.0304219048247376,0.0915143879848392,36.57551216333346,0.1867257122552949,-0.0020303669864636,-0.0025492181178504,0.9999946895343436,0.4283035518023884,-0.9036349193747766,6.746438406503535,12,29,True
14,110,APPROACH_BLOCKED,0.058,84.6,85,2,3,0.0007125143910693,-1.220781656098139e-05,2.369922249005088e-06,0.9999999999226764,0.56119067548596,-0.8276865504208775,0.0514034989805225,0.1185206914062222,0.1291877470925534,0.0,0.01752512386018,0.0001445198140623,-0.000269575886416,0.9999999532214314,0.561189729284185,-0.8276871919668342,6.548060070749248,12,29,False
110,15,SUCCESS,0.086,83.4,85,3,4,0.0010702497923498,1.1637589427021567e-05,1.4611149369012514e-05,0.9999999998255404,-0.6101196430258952,0.7923092964202516,0.0361961503095605,0.085699746952298,0.0930301452483023,0.0,0.0,0.0,0.0,1.0,-0.6101215389983945,0.7923078364185416,6.45516005246211,13,29,True
110,14,SUCCESS,0.086,55.9,85,3,4,0.0,0.0,0.0,1.0,-0.5611920246289,0.8276856356690722,-0.0383084633997962,0.118518535365764,0.124555937607564,0.0,0.0,0.0,0.0,1.0,-0.5611920246288999,0.8276856356690723,4.326659900000057,13,29,False
110,34,SUCCESS,0.086,58.7,85,3,4,0.0,7.148516423744177e-10,-7.1196746495115845e-09,1.0,0.9618086187198936,-0.2737228177484115,0.134158021872242,0.2928416478372816,0.322109617274504,0.0,0.0,0.0,0.0,1.0,0.9618086176959912,-0.2737228213462054,4.543380000000058,13,29,False
93,94,SUCCESS,0.058,84.8,84,3,4,0.0094865890786899,0.000165572213145,0.0,0.999999986292921,-0.7566787739809692,0.6537868406496549,-0.0414797877538881,0.0866343475860076,0.0960525011322495,0.0,0.0,0.0,0.0,1.0,-0.7567520982100471,0.6537019671491676,6.563524169481187,14,29,True
93,33,SUCCESS,0.058,66.19999999999999,84,3,4,0.0,0.0,0.0,1.0,0.980426654097838,0.1968846767387408,0.068772651,0.169369226454577,0.1827993774480362,0.0,0.0,0.0,0.0,1.0,0.9804266540062898,0.196884677194623,5.123880000000013,14,29,False
93,29,SUCCESS,0.058,77.5,84,3,4,0.0145946997775974,-0.0002536953203074,2.2886590370572525e-05,0.9999999675574436,0.8702500302647047,-0.4926102768155374,-0.1645704983360785,0.0965968400922018,0.1908255707141567,0.0,0.0,0.0,0.0,1.0,0.8703617658285158,-0.4924128314573738,5.998509584321948,14,29,False
77,78,GRASP_FAILED,0.082,57.4,83,2,3,1.41611728288238,-0.0247133912897523,8.821688925352584e-06,0.9996945774651064,-0.9694502155159264,-0.2452881563307203,-0.0442551877707049,0.0994307412366332,0.1088347092957328,0.0222618438470089,0.0,1.570424987142211e-12,-4.204996025051095e-16,1.0,-0.9682472370941368,-0.2499945756602943,4.503215232482747,15,29,False
77,79,GRASP_FAILED,0.082,57.2,83,2,3,0.0,-5.2014358565674275e-09,0.0,1.0,-0.892803006050917,0.4504473247633361,-0.0648332797932366,0.0798335065866316,0.1028432931340973,0.0,0.0,0.0,2.1297284758495807e-16,1.0,-0.8928030047429826,0.4504473273557096,4.427279977417228,15,29,False
29,94,SUCCESS,0.076,84.8,83,2,3,0.0,0.0,0.0,1.0,-0.8206463959060867,0.5714363419370093,0.121949104,0.1823996154089364,0.2194110381629209,0.0,0.0,0.0,0.0,1.0,-0.8206463959060867,0.5714363419370093,6.56351999999999,16,29,False
29,33,SUCCESS,0.076,66.19999999999999,83,2,3,0.0,0.0,0.0,1.0,0.7114442083301397,0.7027425833358192,0.235069968,0.1151710169829332,0.2617675553012712,0.0,0.0,0.0,0.0,1.0,0.7114442083301397,0.7027425833358192,5.123879999999997,16,29,False
115,114,SUCCESS,0.058,77.5,82,3,4,0.0234908459969809,-0.0003973492493319,0.000101032185309,0.9999999159530324,-0.9733103305014156,0.2294929204555668,-0.1105885291838022,0.0624769960318819,0.1270165257759968,0.0,0.0,0.0,0.0,1.0,-0.9733144014647838,0.2294756542669609,5.998523500814517,17,29,False
115,22,SUCCESS,0.058,76.2,82,3,4,0.0021858951429452,-5.290112381136844e-06,-3.7782518826553136e-05,0.999999999272248,-0.1471404485443889,-0.9891156092197494,-0.0261989874249136,0.163250491926582,0.1653393784201507,0.0,0.0,0.0,0.0,1.0,-0.1471405862018437,-0.9891155887418708,5.897880174351821,17,29,False
115,21,SUCCESS,0.058,76.39999999999999,82,3,4,6.869138736607217,-0.1167533044123216,-0.0259485316364298,0.9928219072999532,-0.4349016757583751,-0.9004779466608592,-0.0822386830200343,0.1912848260970995,0.2082140381431263,6.84331941968474,0.0001882314353213,-3.179758643688328e-06,8.25833994235003e-07,0.9999999999946036,-0.3705362648165765,-0.9288179996402848,8.112424678337943,17,29,False
0,2,SUCCESS,0.092,59.7,81,3,4,2.5652493139994617,-0.0408843280802272,-0.0182117777664673,0.9989978993311311,-0.0336173758733893,0.9994347762807668,-0.1024541943935801,0.0339471273393816,0.107931781248313,2.508766778549987,3.38075977459034,-0.0539413255463633,-0.0238312954319614,0.9982596870335572,-0.09017008664688,0.9959263805493326,4.651385216393063,18,29,False
0,1,SUCCESS,0.092,47.1,81,3,4,3.2617637122720016,0.05186986489765,0.023385327360627,0.9983800096054288,0.6714614113855479,0.7410395219015838,-0.1205058139492128,0.0777111697710622,0.143389947704674,3.3629625623137773,4.360173940022624,0.0695028456370261,0.0308107352441696,0.997105838435454,0.6822411934449976,0.7311271804322047,3.68625928627711,18,29,False
0,38,SUCCESS,0.092,54.2,81,3,4,0.0,0.0,1.0501149173175571e-10,1.0,-0.9811734629100366,-0.1931285470383054,0.0990564538824722,0.0766963812204784,0.1252777552005435,0.0,0.0,0.0,0.0,1.0,-0.9811734628384337,-0.1931285474020782,4.195080490269829,18,29,False
114,21,SUCCESS,0.074,76.39999999999999,80,3,4,0.0,-6.459606098271877e-11,1.6776783307876178e-11,1.0,-0.0354934263663192,-0.9993699098355816,0.0152805173973513,0.1829965843474457,0.1836334503699219,0.0,0.0,0.0,0.0,1.0,-0.0354934263562726,-0.9993699098359384,5.913359999999996,19,29,False
114,22,SUCCESS,0.074,76.2,80,3,4,0.0,0.0,0.0,1.0,0.2045093187737156,-0.9788646170613744,0.084610152,0.1795890564802975,0.1985223086430002,0.0,0.0,0.0,0.0,1.0,0.2045093188270694,-0.9788646170502272,5.897880000000008,19,29,False
114,1,SUCCESS,0.074,47.1,80,3,4,0.0,5.172843686564586e-15,2.0691374746258338e-15,1.0,-0.872028822617996,-0.4894545254908487,-0.0295936870000015,0.2814916234798934,0.2830429656423211,0.0,0.0,0.0,0.0,1.0,-0.8720288224392738,-0.4894545258092661,3.645540000000002,19,29,False
111,25,GRASP_FAILED,0.05,90.3,79,2,3,16.16345534851009,-0.2576001689783533,-0.1055308974658419,0.9604714376921252,0.9614175907290904,-0.2750931046694391,-0.0061487702366763,0.1109490519943121,0.111119303065939,16.682715539217487,0.4170160336764609,-0.0071428987461426,-0.0013970519184583,0.9999735132709464,0.9756705828472328,-0.2192416788992026,16.59232648224055,20,29,False
111,24,GRASP_FAILED,0.05,53.400000000000006,79,2,3,0.0419724568270335,-0.0007325575011598,-1.050457094181894e-08,0.9999997316797176,0.5843659116231924,-0.8114902841887851,-0.0402580907622819,0.1587530897683935,0.1637780735716345,0.0106385570454567,0.0,1.3345500797542836e-14,4.562564375228321e-16,1.0,0.5845773184913327,-0.8113380052145241,4.133220096931732,20,29,False
41,42,GRASP_FAILED,0.068,73.3,94,1,2,0.0133209577293454,0.0002147164687747,-8.916592840567557e-05,0.9999999729731373,-0.9820211628968222,-0.1887708548022529,-0.0639578331047054,0.0387472114543655,0.0747793474893882,6.514466358846979e-05,0.0,-8.276459840889175e-11,2.679506838083253e-10,1.0,-0.9820870644073112,-0.1884276994601106,5.673427000431627,1,30,True
96,36,SUCCESS,0.054,60.1,94,3,4,0.0,1.250280058165154e-08,0.0,1.0,0.7402642593066179,-0.6723160167608864,-0.0930543124488776,0.0379371229632944,0.1004904491186374,0.0,0.0,0.0,0.0,1.0,0.7402642403450245,-0.6723160376388502,4.6517400000000215,2,30,False
96,92,SUCCESS,0.054,85.5,94,3,4,4.214899215309342,-0.0477492154284966,-0.0558739681973789,0.997295398617602,-0.3010612164352575,0.953604815402336,0.0051611120756041,0.1502759045998272,0.1503645057224387,3.826801015660064,5.58600305269893,-0.0644852818081407,-0.0729155624216568,0.995251209085856,-0.3090512154071445,0.9510453965270884,6.748057042351562,2,30,False
96,91,SUCCESS,0.054,60.6,94,3,4,7.67153467087549,0.0928505345293944,0.0959134098157941,0.9910496435876022,-0.0753783946268526,0.9971550018043728,-0.0240388537817803,0.179859830001213,0.1814591550162379,8.455707604143054,11.948545080690725,0.1377205547876444,0.1545826120476191,0.9783339229739092,-0.0667471263714547,0.997769923940962,5.410721082692099,2,30,False
115,117,SUCCESS,0.088,51.8,93,3,4,0.0,-2.1208049957646718e-12,-9.113017696371813e-13,1.0,-0.9843680067886992,-0.1761238973303841,-0.0121460699343452,0.087751371723655,0.0885879803033859,0.0,0.0,0.0,0.0,1.0,-0.9843680067887428,-0.1761238973301395,4.00932000000001,3,30,False
115,116,SUCCESS,0.088,88.4,93,3,4,0.3266723481329983,-0.0056122471285954,0.0010047507033833,0.9999837464470068,-0.923856406274956,0.3827392592676161,-0.1007635408203947,0.0687635630756232,0.1219906503200903,0.0,0.0,0.0,1.3780596020203182e-16,1.0,-0.922814076125303,0.3852456111430778,6.8473360337862665,3,30,False
115,65,SUCCESS,0.088,68.3,93,3,4,0.0004546535057846,7.934899854186813e-06,6.943494651048778e-08,0.9999999999685164,-0.6555225815921173,-0.7551755723160052,-0.1530049288390447,0.0583368097087254,0.1637488675259562,0.0,0.0,0.0,0.0,1.0,-0.6555373545049862,-0.7551627485837766,5.286419607520766,3,30,False
29,107,NEIGHBOR_KNOCKED,0.05,71.7,92,3,4,4.18636074494898,0.0573533072846873,-0.0451631782721234,0.9973318833126056,-0.6751057622388557,-0.7377209565898841,0.037874216131217,0.0451853220389437,0.0589590499865559,3.752159317142452,4.521021862658937,0.0766334798500291,0.0184572029226704,0.9968884799346146,-0.6715796608664715,-0.7409323579858521,6.075631315238187,4,30,True
29,30,NEIGHBOR_KNOCKED,0.05,76.6,92,3,4,5.290367250946374,-0.0898840857721202,-0.020549400148509,0.9957402137497744,-0.8636108203958552,-0.5041590531719108,-0.0040064165072554,0.0883481852678287,0.0884389801690872,4.4623338199747815,3.561746677781844,-0.0607004375255246,-0.013223849803208,0.99806842785482,-0.8609252946872901,-0.5087313996281367,6.075337759243598,4,30,True
29,117,NEIGHBOR_KNOCKED,0.05,51.8,92,3,4,0.0,0.0,0.0,1.0,0.815746935586682,-0.5784089704360901,-0.0174299654284038,0.1161819986126919,0.1174821709727688,0.0,0.0,0.0,0.0,1.0,0.8157469355634058,-0.578408970468917,4.009320014945121,4,30,False
30,107,APPROACH_BLOCKED,0.082,71.7,91,3,4,4.840766067459195,0.0819465768439933,0.0201468465932929,0.9964330700633623,0.970669630450848,0.2404172799954568,0.0541732730021179,0.0424705368160763,0.0688366908356851,42.79215621735665,0.0015795117042734,-2.752426759636556e-05,1.5464731839339287e-06,0.9999999996200116,0.9852619514812846,0.1710522930664501,7.790440170601665,5,30,True
30,106,APPROACH_BLOCKED,0.082,76.0,91,3,4,0.0017700451213184,-3.805447041311667e-11,3.0893114826560367e-05,0.9999999995228076,0.4198220994733954,0.907606415134749,-0.047952075646388,0.1032048925234709,0.1138009288168515,0.0,0.0,0.0,0.0,1.0,0.4198325069292602,0.9076016009932402,5.882400505027628,5,30,False
30,108,APPROACH_BLOCKED,0.082,68.1,91,3,4,2.6328917496188493e-05,4.593981216283242e-07,0.0,0.9999999999998944,0.6952346350961837,0.7187828616228106,-0.1357074017557558,0.0969603217666958,0.1667866987754099,0.0,0.0,0.0,0.0,1.0,0.695234208200651,0.7187832745324657,5.270939991261159,5,30,False
106,108,SUCCESS,0.078,68.1,91,3,4,0.0,0.0,8.944234127650219e-17,1.0,0.7087119479993256,-0.7054979622670793,-0.086529543,0.0339805179918074,0.0929625592095032,0.0,0.0,0.0,0.0,1.0,0.7087119479993255,-0.7054979622670794,5.270940000000001,6,30,False
106,30,SUCCESS,0.078,76.6,91,3,4,12.541807991572403,-0.2140554208989784,-0.0365410017647564,0.9761378140271942,-0.359033192308076,-0.9333247917102984,0.0715246490038059,0.0989570176678365,0.1220994134336039,13.210450297120014,15.049412833203322,-0.2560160944610966,-0.0433002275275666,0.9657022572578712,-0.3485756263044762,-0.9372806584723928,6.250312278843206,6,30,False
106,107,SUCCESS,0.078,71.7,91,3,4,14.126242545414865,0.2406240362728166,0.0408040332614286,0.9697603332975516,-0.1805941358261666,-0.983557704512145,0.0944510714686582,0.0905825745733848,0.1308671376546473,13.426259908654693,14.71387694915032,0.2504429045546621,0.0423130385172435,0.9672062646249054,-0.1845213644597664,-0.9828285028721472,5.592687318049184,6,30,False
65,116,SUCCESS,0.064,88.4,90,3,4,0.0,0.0,0.0,1.0,-0.3286561035923894,0.9444496628044656,0.048749107,0.0743510844098191,0.0889075879000971,0.0,0.0,0.0,0.0,1.0,-0.3286561035923894,0.9444496628044656,6.84216,7,30,True
65,118,SUCCESS,0.064,71.5,90,3,4,0.0023334177313435,4.022159714936052e-05,-6.388713484553502e-06,0.9999999991707036,-0.1903000021613411,0.981725984772428,-0.0416379027528358,0.1213175077911784,0.1282639958925234,0.0,0.0,0.0,0.0,1.0,-0.1903255095521082,0.9817210400178508,5.534100014365675,7,30,False
65,117,SUCCESS,0.064,51.8,90,3,4,0.0,0.0,0.0,1.0,-0.8597129951977994,0.510777413251632,0.135394112,0.0559919696094913,0.1465150716650637,0.0,0.0,0.0,0.0,1.0,-0.8597129951977993,0.5107774132516321,4.00932000000001,7,30,False
64,75,SUCCESS,0.084,66.10000000000001,89,3,4,0.0001279094259979,2.2324839222527205e-06,0.0,0.999999999997508,-0.5674127175732286,-0.8234335479783195,-0.0029573952082233,0.1976277383442468,0.1976498650378485,0.0,0.0,0.0,0.0,1.0,-0.5674130286067278,-0.823433333650843,5.116140000590691,8,30,False
64,8,SUCCESS,0.084,63.2,89,3,4,2.0347774359157065e-05,-3.5493239972700815e-07,-4.533858032773928e-09,0.9999999999999368,-0.9807010384333716,-0.1955133581515769,-0.1127173966601039,0.1020294231380691,0.1520368859708668,0.0,0.0,0.0,0.0,1.0,-0.9807010193798106,-0.1955134537248024,4.891679600014334,8,30,False
64,74,SUCCESS,0.084,85.2,89,3,4,0.2341329393686188,0.0040319226987676,-0.0006649023899045,0.9999916507172264,-0.1271282139296654,-0.9918862924867212,-0.0693864849203244,0.1846907831850304,0.197294626594589,0.0,0.0,0.0,7.149088545692253e-17,1.0,-0.1297131028952436,-0.9915515674624732,6.597020828038531,8,30,False
68,69,SUCCESS,0.08,59.7,88,3,4,6.93231911301087,-0.1179585358622138,0.0255637159673672,0.9926894178156545,-0.9997301387611184,0.0232303605799609,-0.092366854455796,0.0275099298789044,0.09637651188957,6.771090081207966,0.0,-2.9400273612108006e-09,-2.2374716136315027e-11,1.0,-0.9756293173900568,-0.219425237949083,6.349534244466292,9,30,False
68,67,SUCCESS,0.08,58.3,88,3,4,0.0,2.912376574860612e-09,0.0,1.0,0.6449717577031644,0.7642064065193976,-0.0746529208742623,0.0650805070144849,0.0990380279908747,0.0,0.0,0.0,0.0,1.0,0.6449717546848862,0.7642064090667514,4.512419998066578,9,30,False
68,110,SUCCESS,0.08,50.1,88,3,4,0.863898326817887,-0.0096690537439676,0.0115686793540449,0.9998863310685367,-0.7733262092015842,-0.6340083391895629,0.0747981304346753,0.2508079404048002,0.2617238683930461,0.0,0.0,0.0,0.0,1.0,-0.7750502621347557,-0.6318995894640589,3.897660723926183,9,30,False
8,75,SUCCESS,0.058,66.10000000000001,87,2,3,0.0,0.0,0.0,1.0,-0.084275633219084,-0.9964424808515152,0.109311367,0.1432949695982272,0.1802288080956137,0.0,0.0,0.0,0.0,1.0,-0.084275633219084,-0.9964424808515152,5.116140000000005,10,30,False
8,74,SUCCESS,0.058,85.2,87,2,3,0.0,0.0,0.0,1.0,0.4227104910160777,-0.9062647741057502,0.039899228,0.1800420425267025,0.1844101013290296,0.0,0.0,0.0,7.149088545692253e-17,1.0,0.4227104910160777,-0.9062647741057502,6.594479999999986,10,30,False
26,18,SUCCESS,0.05,83.3,86,3,4,28.841546289688985,-0.0642019430193279,-0.4780975143505193,0.8759571206882207,0.6810390243148403,0.732247121783548,-0.0646779878957701,0.1021751927068184,0.1209256470849789,28.84563659748908,33.26609953528537,-0.0418040976148035,-0.5469329017779551,0.8361320579761058,0.7390229086042802,0.6736802955097244,7.743417244211135,11,30,False
26,49,SUCCESS,0.05,83.2,86,3,4,22.22856498183526,0.0476192159519952,0.37529330826672,0.9256820961012144,0.4567387415127779,0.8896008779229726,0.0790484110337409,0.170469349541151,0.187905429458391,22.173073276771103,24.398184597985825,0.0312367753206845,0.411892819064562,0.910696749456488,0.4604052884365046,0.8877088319824801,6.876463851015193,11,30,False
26,57,SUCCESS,0.05,92.5,86,3,4,0.0,-1.1171677132324451e-09,0.0,1.0,-0.9411224456962812,-0.3380658844170028,0.0615095875205698,0.2097884603290207,0.2186198239962967,0.0,0.0,0.0,0.0,1.0,-0.9411224454452872,-0.3380658851157306,7.159499995691448,11,30,False
48,47,APPROACH_BLOCKED,0.058,78.7,85,3,4,0.0018277453335567,-3.190017437651509e-05,0.0,0.9999999994911896,0.959399804853916,-0.2820496666303075,-0.054793323050374,0.0684658481681773,0.0876919643769631,0.0,0.0,0.0,0.0,1.0,0.9594034970680664,-0.2820371071571347,6.091380144084458,12,30,True
48,49,APPROACH_BLOCKED,0.058,83.2,85,3,4,26.405897551032822,0.0326448615751389,0.443527620506257,0.8956659884470314,-0.2884655837889291,-0.9574902646864418,0.0772768895034479,0.0595145649633515,0.0975382032544433,123.38279776402186,18.663148288357394,-0.1705861719168891,0.2707447546796701,0.9474162948589108,-0.1989952837274216,-0.9800004474765522,19.698607910599137,12,30,True
48,18,APPROACH_BLOCKED,0.058,83.3,85,3,4,38.70921680275789,-0.0459481896720945,-0.6236779122665311,0.7803298184849264,-0.4471406009522735,-0.8944636845507143,0.1056735702597375,0.033846448574621,0.1109616399146757,15.842960096459946,45.552500055950375,0.3508366948150767,-0.621736247054194,0.7002554195935929,-0.7606152425108046,-0.6492029365770229,21.47581807195099,12,30,False
66,98,SUCCESS,0.074,85.5,85,3,4,0.1523396259381658,0.0008669561535358,0.0025135108890547,0.9999964653187724,-0.422433691867813,-0.9063938305035674,0.0807087570983683,0.0671072273547881,0.1049632480233469,0.0,0.0,0.0,0.0,1.0,-0.4225544744704979,-0.9063375287965082,6.618779055833996,13,30,False
66,14,SUCCESS,0.074,62.5,85,3,4,1.198328416961092e-05,2.088061414628654e-07,-6.52519626970528e-09,0.999999999999978,0.3937863626189526,-0.9192019911941745,0.0008882548918718,0.1472035578437661,0.147206237770741,0.0,0.0,0.0,0.0,1.0,0.3937863215730304,-0.9192020087782564,4.837499900004995,13,30,False
66,15,SUCCESS,0.074,83.4,85,3,4,0.215964771799481,-0.001584293585676,-0.0034201668701429,0.9999928962109756,0.6743395390432696,-0.7384214149677071,0.115387236055307,0.1586867587339422,0.1962032151672534,0.0,0.0,0.0,0.0,1.0,0.6732412761628573,-0.7394228722933902,6.457292857798454,13,30,False
10,11,NEIGHBOR_KNOCKED,0.05,80.3,84,3,4,17.749678668444457,-0.0500542616111806,0.3007217235074914,0.9523975093968082,0.3831425070135151,0.9236892439123662,-0.0520859166225061,0.0520377969630966,0.0736265918210202,34.667949882091634,13.380991955262092,-0.1871180402592654,0.1361780014226507,0.9728527077302423,0.1818641490144616,0.983323665586894,12.69299303532964,14,30,True
10,72,NEIGHBOR_KNOCKED,0.05,59.1,84,3,4,21.77525511915473,0.2418906549497389,-0.2812566137817073,0.9286461264938513,0.8951953156711409,-0.4456740364890538,-0.0393782687805535,0.0888492984373126,0.0971845969532012,0.5230884769402423,28.34491201759036,0.3844636816104726,-0.2785714476577575,0.8801054630397329,0.907737985537486,-0.4195375425541159,7.835838110415244,14,30,False
10,9,NEIGHBOR_KNOCKED,0.05,52.7,84,3,4,0.0,-1.0888946876980615e-11,-8.834295573196765e-13,1.0,0.7575328825006498,0.6527970066799147,0.1055736998997301,0.030576893131803,0.1099124765625449,0.0,36.368339365649184,-0.4745752884087354,0.3555228418600012,0.8052215872339452,0.9820533490291478,-0.1886033394737078,20.3699100873368,14,30,False
11,72,NEIGHBOR_KNOCKED,0.08,59.1,83,3,4,31.519420420962746,0.4173733559451024,-0.314811516514045,0.8524630143397717,0.7482110367586492,-0.663460808543012,0.0323829515087876,0.0599357129164017,0.0681244833464285,129.01386253675687,6.057005280002175,0.0618256088536859,0.0855080077110809,0.9944174046682576,0.7941004244110482,-0.6077865710512147,19.29371172404555,15,30,True
11,73,NEIGHBOR_KNOCKED,0.08,57.5,83,3,4,0.0,-6.821827611297839e-10,-2.1825535275971849e-10,1.0,-0.962008459020528,-0.2730196417347089,-0.1029641995705002,0.1106421037156753,0.1511400063114463,0.0,0.0,0.0,0.0,1.0,-0.96200845913696,-0.2730196413244506,4.450499965860763,15,30,False
11,9,NEIGHBOR_KNOCKED,0.08,52.7,83,3,4,1.0811244684345145,-0.0056423833939557,0.0180046457773316,0.999821982274879,0.9025931258351024,-0.4304946564072765,0.1720375377651332,0.0094105509230561,0.1722947267590192,0.0,0.0,0.0,0.0,1.0,0.9816892512269162,-0.1904894065966314,4.11279571782294,15,30,False
101,100,SUCCESS,0.048,63.70000000000001,82,1,2,2.0383566426149207e-05,-4.3517273562033257e-08,-3.532190512703296e-07,0.9999999999999368,-0.9810320135822984,-0.1938457849081621,0.1465715797122181,0.076574924139686,0.1653691234370363,0.0,0.0,0.0,0.0,1.0,-0.9810319191929964,-0.1938462626013365,4.930380000014536,16,30,False
35,34,SUCCESS,0.082,54.9,81,1,2,0.0,-3.047919283464318e-11,1.2347946833612272e-10,1.0,0.9590582410568932,-0.2832089162806457,-0.1243031223090435,0.027765446042111,0.1273663464565676,0.0,0.0,0.0,0.0,1.0,0.9590582408826684,-0.2832089168706411,4.249260000000005,17,30,False
73,72,SUCCESS,0.054,59.1,80,1,2,0.0,9.477286182398763e-10,1.1318077591423446e-09,1.0,0.9997163150936892,-0.0238178364990542,0.1115037094327957,0.1442644065608876,0.1823329268608345,0.0,0.0,0.0,0.0,1.0,0.9997163151085204,-0.0238178358765381,4.574340000000025,18,30,False
32,31,SUCCESS,0.088,74.89999999999999,79,3,4,0.0064427453101727,0.0001124471183691,0.0,0.9999999936778228,-0.9809937850129192,0.1940391552394178,-0.0844524133503381,0.0770438352071484,0.1143151899973167,0.0,0.0,0.0,-1.057152183784812e-17,1.0,-0.9810007682127894,0.1940038472966892,5.797261680686247,19,30,False
32,5,SUCCESS,0.088,63.70000000000001,79,3,4,2.1548272614399955e-05,-3.763840729485192e-07,0.0,0.9999999999999292,-0.2735126031250672,-0.9618684192402563,0.1024058182748445,0.2184389941463694,0.2412520378778553,0.0,0.0,0.0,0.0,1.0,-0.2735127081733737,-0.9618683893691832,4.930379600016306,19,30,False
32,4,SUCCESS,0.088,51.0,79,3,4,0.0,1.9214193160329176e-12,0.0,1.0,-0.3290041287762946,-0.9443284827051186,0.0302701766273124,0.2422427314113248,0.2441266567064481,0.0,0.0,0.0,0.0,1.0,-0.3290041283915216,-0.9443284828391736,3.94740003999996,19,30,False
23,54,SUCCESS,0.084,57.0,78,3,4,0.0,1.5707950140906415e-09,-1.1897884609331174e-10,1.0,-0.8926557543355942,0.4507390644836006,0.0447673891983665,0.2651337985391354,0.2688866866608105,0.0,0.0,0.0,0.0,1.0,-0.8926557543230097,0.450739064508523,4.4118,20,30,False
23,50,SUCCESS,0.084,53.0,78,3,4,0.0,1.7261730581653878e-11,0.0,1.0,0.719754850139164,-0.694228316694983,0.2432113984854839,0.0912375039475364,0.2597615569706987,0.0,0.0,0.0,0.0,1.0,0.7197548512344915,-0.6942283155593807,4.10219990000005,20,30,False
23,53,SUCCESS,0.084,88.4,78,3,4,0.3212639798150911,0.0013490536079231,0.005442375833082,0.999984280176271,-0.9736448043917924,0.2280697149576601,0.0550912859561429,0.3140439824640388,0.3188395720580729,0.0,0.0,0.0,0.0,1.0,-0.9736246225617518,0.2281558553740981,6.847166756905019,20,30,False
55,53,APPROACH_BLOCKED,0.088,88.4,77,3,4,21.22709866614098,-0.3051145065707047,0.1949270412283308,0.9321526626460304,0.3209895894142155,-0.9470827226212574,0.0823812507437243,0.0516236012740828,0.0972196825884854,0.0,0.0,0.0,0.0,1.0,0.146382617300125,-0.9892280471925397,18.543527239949867,21,30,True
55,54,APPROACH_BLOCKED,0.088,57.0,77,3,4,0.0,0.0,0.0,1.0,0.9953344860467368,0.0964845111200682,0.0896903320105657,0.0754437098750016,0.1172011476730024,0.0,0.0,0.0,0.0,1.0,0.9953344860962396,0.0964845106093959,4.411799999999993,21,30,False
55,61,APPROACH_BLOCKED,0.088,54.7,77,3,4,0.0,-6.334664378566996e-12,0.0,1.0,-0.3965958966914296,-0.917993297757408,0.2097008697108955,0.1312566338664795,0.2473919131488841,0.0,0.0,0.0,0.0,1.0,-0.396595896701961,-0.917993297752858,4.233779999999965,21,30,False
12,13,SUCCESS,0.076,52.7,91,3,4,2.812504481868482,0.0250014313953247,0.0422205253321518,0.9987954523669308,-0.8378716614083899,0.5458672723370991,0.1456527682904365,0.0591868635426673,0.1572189992548163,0.0,0.0,0.0,0.0,1.0,-0.7819597165047094,0.6233289675314909,4.302272078217896,1,31,False
12,111,SUCCESS,0.076,76.39999999999999,91,3,4,0.0063024893427713,0.0001065292023494,-2.741078108491567e-05,0.9999999939500892,0.5910274555115854,-0.8066514407298243,0.0354215768732242,0.1464724161824983,0.1506945812248229,0.0,0.0,0.0,0.0,1.0,0.5910243457150977,-0.8066537192451545,5.913361451800252,1,31,False
12,30,SUCCESS,0.076,51.8,91,3,4,0.0,4.7975628646705765e-14,1.284053590250066e-13,1.0,-0.961471611128036,0.2749042396814913,-0.0292893396490582,0.2165999507294257,0.2185712791586936,0.0,0.0,0.0,0.0,1.0,-0.9614716110582656,0.2749042399255118,4.009319999999988,1,31,False
16,15,NEIGHBOR_KNOCKED,0.05,54.5,90,3,4,11.287378478265468,-0.0592230999361775,0.1865553681187502,0.980657799163412,-0.2898533377872958,0.9570710749853244,0.0060545679567155,0.0524063826641805,0.0527549688378924,13.55549804372558,0.0,-2.9518803963690325e-11,2.344624917640481e-11,1.0,-0.2788145652531729,0.9603449579201654,7.65288345137819,2,31,True
16,90,NEIGHBOR_KNOCKED,0.05,86.2,90,3,4,24.149812008383865,0.3862671344986341,0.1348335036705001,0.9124788365184978,0.5885630074532757,0.8084513505818114,-0.0501982669280039,0.0692568256876351,0.085535804824077,24.132228139988733,45.958678489763535,0.6911310182123112,-0.1976534569436018,0.695176975038053,0.998700281361884,0.0509681077507685,27.069637315147496,2,31,True
16,14,NEIGHBOR_KNOCKED,0.05,75.89999999999999,90,3,4,16.596479149804086,-0.2854826139426468,0.0091583607799627,0.9583401283282974,-0.92800536189579,0.3725668373495737,-0.0331005063984433,0.0747883090335079,0.0817859076609465,16.616337755847347,3.0815674787410745,-0.0483927368031629,-0.0234098196274516,0.9985540162503528,-0.8890902279369634,0.457731981171295,12.631238717184155,2,31,True
15,14,NEIGHBOR_KNOCKED,0.05,75.89999999999999,89,3,4,8.607446255462417,-0.149661219068467,-0.0008861678438322,0.9887369388333244,-0.9312034848399892,-0.3644997528419744,-0.0438951807497487,0.0467214170770936,0.0641067680260427,6.19427559819279,32.270682567978604,-0.5093318462631665,-0.1601605204131172,0.8455351430207698,-0.9031123175820288,-0.4294044036006343,20.322429805458107,3,31,True
15,90,NEIGHBOR_KNOCKED,0.05,86.2,89,3,4,43.9821012327979,0.6666244805106671,-0.1945503917756242,0.719556771244517,0.9152381155306928,-0.4029133801201273,-0.0287025862269717,0.0826625494147571,0.0875039172372523,49.307624240182975,27.337811137448483,0.4381000013684188,0.1377170327031104,0.8883143631082647,0.9794098737990692,0.2018818939501283,20.068918298889567,3,31,True
15,100,NEIGHBOR_KNOCKED,0.05,82.0,89,3,4,13.292390159310091,-0.1350724147675716,0.1860614688879172,0.9732094186577356,-0.7005928567982094,0.7135612440451933,-0.1176669406098902,0.0829881648842323,0.1439880009700251,13.27057689071514,0.0064536683314942,0.0001123307437258,8.310777836333632e-06,0.9999999936563674,-0.8101246758870134,0.5862576306701359,13.15524182097854,3,31,False
14,90,NEIGHBOR_KNOCKED,0.078,86.2,88,3,4,31.82450663014147,0.5039675002638149,0.1551849395299835,0.8496672249892407,0.940315313600116,0.3403044387149773,0.0287977992959727,0.0719043668707942,0.0774567700035375,79.70903511616747,0.2863055898429534,-0.0026069126054602,0.0042630458693455,0.999987515145356,0.9667110113380104,0.2558707106291008,32.92861941201442,4,31,True
14,100,NEIGHBOR_KNOCKED,0.078,82.0,88,3,4,3.91248236030638e-06,-6.714913334034196e-08,-4.968019072140816e-09,0.9999999999999976,0.3130598584771933,0.94973339680683,-0.0760361324736448,0.0506031074383664,0.0913354691451712,2.446017049021848,0.0154298330495359,0.0002688273020836,-1.5972421166835316e-05,0.999999963738381,0.3186854373799951,0.9478605340459751,6.347710265011346,4,31,True
14,102,NEIGHBOR_KNOCKED,0.078,53.0,88,3,4,0.0,-1.0233838780526731e-11,-4.384157777822453e-12,1.0,0.9666838643068502,0.2559732534636685,-0.0702010581726424,0.1381213437238667,0.1549377105828186,32.79813088137604,0.0,1.8128494709795256e-11,6.059706386445775e-13,1.0,0.9671623792637472,0.2541592652981356,4.131986860563311,4,31,False
90,100,SUCCESS,0.092,82.0,87,3,4,9.195423586105984e-06,-1.606997885466743e-07,9.54798008079086e-09,0.9999999999999872,-0.5837207296862785,0.8119544997932573,-0.0748653256402571,0.0456002153241404,0.0876595495130434,0.0,0.0,0.0,0.0,1.0,-0.583720459297198,0.8119546941781102,6.346800000003676,5,31,True
90,102,SUCCESS,0.092,53.0,87,3,4,0.0,0.0,0.0,1.0,0.9665370027734878,0.2565272349471747,-0.0639175632712456,0.091780654666369,0.1118442822209565,0.0,0.0,0.0,0.0,1.0,0.9665370025583894,0.2565272357576168,4.102200000000026,5,31,False
90,101,SUCCESS,0.092,87.9,87,3,4,0.0252580723085048,-0.00031314524032,0.0003102851708637,0.9999999028315808,0.9584904737786258,0.2851245546697534,-0.1524699053603023,0.0525581045310327,0.1612743823193085,0.0,0.0,0.0,0.0,1.0,0.9589139176522854,0.2836971951443053,6.803490859450249,5,31,False
89,102,SUCCESS,0.078,53.0,86,3,4,0.0,0.0,0.0,1.0,-0.9512266389473062,-0.3084929194600925,-0.0348473801305242,0.0892837836014717,0.0958432778871616,0.0,0.0,0.0,0.0,1.0,-0.9512266389473062,-0.3084929194600925,4.1022,6,31,False
89,101,SUCCESS,0.078,87.9,86,3,4,0.0,0.0,0.0,1.0,-0.9595129723123234,-0.2816644385867168,-0.1287910973305241,0.1283970633464507,0.1818597058932874,0.0,0.0,0.0,6.929491969203409e-17,1.0,-0.9595129723123236,-0.2816644385867168,6.803459800000022,6,31,False
89,100,SUCCESS,0.078,82.0,86,3,4,0.0,0.0,0.0,1.0,-0.9975435315307508,-0.0700492876563212,-0.0502843473305242,0.200749418504503,0.2069513097720159,0.0,0.0,0.0,0.0,1.0,-0.9975435315429722,-0.0700492874822803,6.34680000000002,6,31,False
101,102,APPROACH_BLOCKED,0.086,53.0,85,3,4,0.0,0.0,0.0,1.0,0.9755506167178136,0.2197748716789377,0.099346237,0.0392286508195297,0.1068108695366757,0.0,0.0,0.0,0.0,1.0,0.9755506167178136,0.2197748716789375,4.102200000000014,7,31,False
101,100,APPROACH_BLOCKED,0.086,82.0,85,3,4,0.0,0.0,0.0,1.0,-0.9612398413599228,0.2757135603889494,0.0794200698,0.0801648383518748,0.1128447995922678,0.0,0.0,0.0,0.0,1.0,-0.9612398413599224,0.2757135603889497,6.346800000000013,7,31,False
101,38,APPROACH_BLOCKED,0.086,49.8,85,3,4,0.4698097795050213,0.003158669621142,0.0075668243412376,0.999966382422736,0.6140366064081653,0.7892775468684918,-0.2150794724952733,0.074089199988157,0.2274827225169642,8.537736462515939e-07,0.0,0.0,0.0,1.0,0.6197702825319372,0.7847832802056135,3.860393420971593,7,31,False
24,23,NEIGHBOR_KNOCKED,0.082,82.8,85,3,4,12.00824955861215,0.0603441615149525,0.199109103323777,0.9781176550623442,0.4506310658375375,0.8927102791511504,-0.0624241532849,0.0584783334256334,0.0855364857448344,16.16067723023795,0.0584591867176843,0.000178099057316,-0.0010046408519735,0.9999994794886066,0.5956712396452185,0.8032283450299355,12.82778631512043,8,31,True
24,22,NEIGHBOR_KNOCKED,0.082,54.4,85,3,4,0.0,9.054351131879214e-12,-3.5943980276731003e-11,1.0,-0.9682228927344908,0.2500888441831317,-0.1422997278939818,0.0674047343250365,0.1574566948977719,0.0,0.0,0.0,0.0,1.0,-0.9682228926002164,0.2500888447029774,4.210560284512333,8,31,False
24,64,NEIGHBOR_KNOCKED,0.082,51.3,85,3,4,0.0,5.262264306082045e-13,6.440099638129292e-13,1.0,-0.7701840278193423,0.6378217331605868,-0.0851227948927834,0.2880198990646019,0.3003353999573516,0.0,0.0,0.0,0.0,1.0,-0.7701840275210524,0.6378217335207783,3.97061998451232,8,31,False
22,23,SUCCESS,0.05,82.8,84,1,2,0.00019904098827,-6.063897112173952e-07,3.4205890465926357e-06,0.999999999993966,0.9927880646979764,0.1198826867952441,0.0657702658121707,0.0858983596960206,0.1081862101354444,0.0,0.0,0.0,0.0,1.0,0.99278797462069,0.1198834327526044,6.408720001805971,9,31,False
110,29,NEIGHBOR_KNOCKED,0.084,48.1,83,3,4,0.0,5.065300158777385e-16,-6.8698133403418265e-15,1.0,0.7332803832094335,-0.6799263780735576,-0.1219735530312984,0.085890459470554,0.1491801550714499,0.0,0.0,0.0,0.0,1.0,0.7332803832094391,-0.6799263780735517,3.7229400000000217,10,31,False
110,28,NEIGHBOR_KNOCKED,0.084,65.0,83,3,4,3.6302953402898905e-05,3.280651842120168e-07,-5.42170100349583e-07,0.9999999999997992,0.9778169530654686,-0.2094612286265958,-0.0064752878275046,0.093366364654445,0.0935906373588502,37.7275673466258,5.466152001728029e-05,8.59632358277879e-07,4.139124737821129e-07,0.9999999999995448,0.9821169734400784,-0.1882717463691795,5.076162347631414,10,31,False
110,23,NEIGHBOR_KNOCKED,0.084,82.8,83,3,4,0.0,0.0,0.0,1.0,-0.975312572628211,-0.2208288605987465,0.0560632187687011,0.2081642923132819,0.2155816715145253,0.0,0.0,0.0,0.0,1.0,-0.9753125727143036,-0.2208288602185104,6.408719800000065,10,31,False
73,94,SUCCESS,0.074,53.900000000000006,82,3,4,0.0,3.4686513897082695e-11,-3.865935285977896e-12,1.0,0.9754862822427794,-0.2200602489232442,-0.031475164507628,0.1708428318081192,0.173718045006843,0.0,0.0,0.0,0.0,1.0,0.9754862822424702,-0.2200602489246153,4.171860000000007,11,31,False
73,81,SUCCESS,0.074,74.89999999999999,82,3,4,31.90519381458928,0.0728583395034523,-0.5234692687433935,0.8489237816471256,-0.8676655449026893,-0.497148370397328,-0.0337993067025434,0.1750535876482465,0.1782867120177354,31.88679716149112,14.720219589944405,0.1881383334824503,-0.1707934704740842,0.9671781417701004,-0.927996914471013,-0.3725878778654496,18.601049761335197,11,31,False
73,5,SUCCESS,0.074,77.3,82,3,4,0.0139461764744694,-0.000240227852256,3.920967017761351e-05,0.99999997037659,-0.9935427432629432,-0.1134584386881187,-0.0028832056964928,0.1809554238491448,0.1809783917917052,0.0,6.88845374277039,-0.0936446103531983,0.0749367541675594,0.9927815317715316,-0.9960113979307594,-0.089226090310037,8.221074913959152,11,31,False
87,115,SUCCESS,0.056,56.1,81,2,3,0.0,-1.3736289316029122e-09,4.1669418807833106e-10,1.0,-0.8367592729773463,0.5475709260784605,-0.0330833614102918,0.1377125554616166,0.1416307054772122,0.0,0.0,0.0,0.0,1.0,-0.8367592728730036,0.5475709262379098,4.342139999999995,12,31,False
87,116,SUCCESS,0.056,93.0,81,2,3,1.708911311305139,0.0298082613195537,0.000895413354708,0.999555233987612,-0.9656166312588268,0.2599702318273282,-0.1130378046050161,0.1181709728047158,0.1635295816772448,0.0,0.0,0.0,0.0,1.0,-0.9685441853148036,0.2488416385834238,7.345544304564148,12,31,False
33,34,NEIGHBOR_KNOCKED,0.084,58.3,80,3,4,37.01465955093003,-0.586086303474967,-0.137586812418634,0.798481505062909,-0.9458982027330728,-0.3244635419678808,-0.030809480022804,0.0584957229693885,0.0661133395389085,36.7988541395686,0.0,-5.508445571093019e-09,2.9221230481840687e-10,1.0,-0.7642790530582483,-0.6448856713064629,22.914305784035136,13,31,True
33,98,NEIGHBOR_KNOCKED,0.084,84.7,80,3,4,0.2886438779969786,0.0031060093488835,0.003966330719297,0.9999873103827616,-0.4846244554950905,0.8747223200170937,-0.0538165561062784,0.2909612157089674,0.2958963513765935,0.0,0.0,0.0,0.0,1.0,-0.4860468005355076,0.8739327821344136,6.559628672055981,13,31,False
33,2,NEIGHBOR_KNOCKED,0.084,47.7,80,3,4,0.0,1.915416176393022e-15,4.086221176305113e-15,1.0,-0.1474550374635249,0.9890687599588972,0.1952804479549279,0.1898882678481214,0.2723820985671364,0.0,0.0,0.0,0.0,1.0,-0.1474550372477262,0.9890687599910694,3.691979981221294,13,31,False
98,116,SUCCESS,0.082,93.0,79,3,4,0.0,0.0,1.6373718927230644e-17,1.0,0.9994114064852544,0.0343051102194103,-0.0332120035999999,0.2079838369375934,0.2106188823691025,0.0,0.0,0.0,0.0,1.0,0.9994114064852544,0.0343051102194102,7.198199999999995,14,31,False
98,99,SUCCESS,0.082,86.2,79,3,4,0.111692259410312,-0.0016874336757442,-0.0009760707321535,0.9999980999249528,-0.999423327478416,-0.0339560376364941,-0.0776092440930268,0.2315483056068594,0.2442085432537088,0.0,0.0,0.0,7.066152483677261e-17,1.0,-0.9994403329395608,-0.0334517696640935,6.672447269425001,14,31,False
98,115,SUCCESS,0.082,56.1,79,3,4,0.0,0.0,0.0,1.0,0.9711507625602712,0.2384663422342937,0.0490059184,0.2179216442584686,0.2233638804161093,0.0,0.0,0.0,0.0,1.0,0.971150762507136,0.2384663424506866,4.342139999999988,14,31,False
82,81,SUCCESS,0.056,74.89999999999999,78,2,3,19.86032644512624,0.3192691304246751,-0.1161145780973034,0.9405235920013688,-0.0890334074167263,0.9960286403330816,0.1111277095294222,0.0740674917409834,0.1335490964329458,19.3436194577917,22.056347369955912,0.3040071117898983,-0.2204396309081107,0.926815000475424,-0.033210654915122,0.9994483740544624,7.276078426727738,15,31,False
82,5,SUCCESS,0.056,77.3,78,2,3,4.730416667773429,-0.0695140626272636,0.0443700048896289,0.9965937476038804,0.0570212886446141,0.9983729626954588,0.175835207738704,0.0742025801748763,0.1908508401478027,5.035354006574402,5.701863693794228,-0.0804430433738955,0.058307459356102,0.995052338802428,0.0786584481002315,0.9969016243052587,6.042610064780421,15,31,False
83,84,NEIGHBOR_KNOCKED,0.068,58.3,77,3,4,0.0,-1.790851786837369e-09,6.949910716064621e-09,1.0,0.6949456339419159,-0.7190622823268291,-0.0582691003652183,0.0552327763124327,0.0802866591442881,15.621687599139452,0.0,5.362613044591051e-10,-1.892231961581084e-09,1.0,0.7030418794143782,-0.7111484484898345,4.513988006622622,16,31,False
83,66,NEIGHBOR_KNOCKED,0.068,49.1,77,3,4,0.0,3.0765250781071094e-14,1.2777503348590012e-13,1.0,-0.9408259726657212,-0.3388900841830573,0.1869893085795277,0.2073588569569428,0.2792180099519723,0.0,0.0,0.0,0.0,1.0,-0.9408259725015556,-0.3388900846388136,3.800340053328281,16,31,False
83,67,NEIGHBOR_KNOCKED,0.068,61.400000000000006,77,3,4,4.436338000413295e-06,-7.81371875268862e-08,-4.000505230943102e-09,0.999999999999997,-0.966037939986284,-0.2584002680088719,0.2129513246416966,0.1445707716020501,0.2573887617365323,0.0,0.0,0.0,0.0,1.0,-0.9660379451255904,-0.2584002487954039,4.752360053329113,16,31,False
91,92,SUCCESS,0.078,73.3,76,1,2,0.0057833484916468,0.0001009229622484,-1.7694543984062547e-06,0.9999999949057125,0.1687995071240287,-0.9856504077991776,-0.1490293101249301,0.048747291563048,0.1567993421894538,0.0,0.0,0.0,0.0,1.0,0.1684168923820142,-0.9857158568068108,5.673421340698631,17,31,False
26,25,SUCCESS,0.044,51.1,75,3,4,3.066167461277701,-0.0355752934434348,0.039943594110809,0.998568429195478,0.998823192795875,-0.0484997890001041,0.0051523712650598,0.1020233376220248,0.1021533570138087,3.028490976183611,4.500657146555932,-0.0467303139734593,0.0630388911167334,0.9969164337910748,0.9990637240433876,-0.0432628628335846,4.034610915836732,18,31,False
26,27,SUCCESS,0.044,81.4,75,3,4,1.3216774133370877,0.0098246317119623,-0.0208685755282169,0.999733954193388,0.9316223684577511,-0.36342779556491,0.031679683566825,0.1484412694390278,0.1517840993765955,1.3280929861933692,1.9607529100367769,0.0203710519067535,-0.0274896461626461,0.9994144983929668,0.9313958608722122,-0.3640078987468698,6.32954755633281,18,31,False
26,35,SUCCESS,0.044,54.9,75,3,4,0.0247619469463311,0.0004321774865776,5.309252488799877e-08,0.9999999066113042,0.9486359776631292,0.3163696917897143,-0.0828014146295166,0.038751178748905,0.091420611018953,2.1565179853261896e-05,0.0,0.0,9.985284329393109e-16,1.0,0.9485084454381252,0.3167518412457157,4.249278817057778,18,31,False
71,27,SUCCESS,0.056,81.4,74,2,3,2.548134211752919,0.0264691132198089,-0.0357205771111723,0.9990112243694772,0.2979910781959078,0.9545686551084946,0.0610668343978902,0.1567354328836774,0.1682116351047486,2.4099381997559037,3.112566532484898,0.0323231374250722,-0.0436287501262761,0.9985247853455712,0.2979031090357188,0.9545961123044936,6.321380524759013,19,31,False
71,25,SUCCESS,0.056,51.1,74,2,3,6.139133577560154,-0.0636794273256615,0.0859172637848887,0.9942651328087462,0.074721021399327,0.997204477006116,0.0656364189983435,0.1942219079525859,0.2050128996616282,6.385962343016981,7.916404729986664,-0.081991390021201,0.1106636905885368,0.9904700699908684,0.080229402352303,0.9967764257837324,4.069867207592512,19,31,False
35,25,SUCCESS,0.052,51.1,73,2,3,9.80328643096404,-0.1013586013599472,0.1368099112506839,0.9853981338088352,0.937448230365635,-0.3481247124010871,0.0743538440612286,0.0766201193884035,0.1067667402414006,10.072432300842433,11.808592045697072,-0.1217824694615628,0.1644619168450565,0.9788367116324832,0.9327330654663172,-0.3605676477248156,4.105746736902824,20,31,False
35,27,SUCCESS,0.052,81.4,73,2,3,3.6766143737969865,0.0381730080465196,-0.0515251080238883,0.9979418744094304,0.845132024794203,-0.5345576308194009,0.1024314331872887,0.1168764471799619,0.1554101103860763,3.515972407435495,4.252876607010994,0.0441336446279199,-0.0595962514100422,0.9972464631322226,0.8457678660122336,-0.5335510442507939,6.32281812423635,20,31,False
74,28,SUCCESS,0.08,66.8,93,3,4,0.000108385547189,1.3287471128318176e-07,-1.8869685954852324e-06,0.9999999999982108,-0.9980385187090932,0.0626028367804424,-0.1046542163880709,0.1871961040480034,0.2144641843724776,0.0,0.0,0.0,0.0,1.0,-0.9980384292290804,0.0626042632889297,5.170320000427687,1,32,False
74,94,SUCCESS,0.08,51.0,93,3,4,0.0,2.2883139044748094e-12,-4.748609647281755e-13,1.0,-0.2676359765880069,-0.963520100483526,-0.1394478504495988,0.1675822149371345,0.2180126183463921,0.0,0.0,0.0,0.0,1.0,-0.2676359743743484,-0.9635201010984116,3.9473999999998983,1,32,False
74,93,SUCCESS,0.08,80.60000000000001,93,3,4,26.89761215223428,0.4461899224999074,-0.0746866089359787,0.8918163844117077,0.4888094139255073,-0.8723905987903595,-0.1681001162002878,0.1933552794584888,0.2562106812001026,26.55654660399273,9.337980038818282,0.1504237084358911,0.0608305024756088,0.9867483761876474,0.1905295775813328,-0.981681455496985,17.56765242309362,1,32,False
28,94,SUCCESS,0.064,51.0,92,2,3,0.0,0.0,0.0,1.0,0.6339825612704941,-0.773347342405018,-0.0323478409999999,0.2239460841248974,0.2262702618821945,0.0,0.0,0.0,0.0,1.0,0.6339825612704941,-0.773347342405018,3.947399999999997,2,32,False
28,93,SUCCESS,0.064,80.60000000000001,92,2,3,10.203420034086372,0.1636425634590144,0.0678301303386079,0.9841850358762876,0.7921199135129957,-0.6103654992020471,-0.0782317290102468,0.2463605893275595,0.258483545700215,10.202981708733748,10.985492475881072,0.1760083595412295,0.0730365499251979,0.9816754655926924,0.7964747530132401,-0.6046717851963148,6.280065739858656,2,32,False
58,93,SUCCESS,0.09,80.60000000000001,91,2,3,11.665365778830422,0.1867508590119978,0.0775052952329747,0.979345212817794,-0.6271956425984094,-0.7788617501877777,0.0921277067924328,0.1773222484821498,0.1998266602973631,11.668204088458438,12.219156913612876,0.1954599113391469,0.0811900019755534,0.9773451829515007,-0.6273901383002534,-0.7787050881839602,6.261421104583365,3,32,False
58,94,SUCCESS,0.09,51.0,91,2,3,0.0,0.0,0.0,1.0,-0.6661241617031899,-0.7458408685471872,0.1925935345339919,0.1932537067183751,0.2728356001417111,0.0,0.0,0.0,0.0,1.0,-0.666124161724296,-0.745840868528337,3.947399981695715,3,32,False
46,44,GRASP_FAILED,0.086,54.7,90,3,4,15.326895818066282,-0.2457356138964428,0.0973762738659164,0.9644334447492624,0.9998100158949776,0.0194918474261581,-0.0658836105588435,0.0680097119375675,0.0946888116838535,22.429867247396967,19.788154931295765,-0.3342132500737761,0.0539734831897701,0.9409507779833582,0.998319063988722,-0.0579572814811235,5.956749795653883,4,32,False
46,45,GRASP_FAILED,0.086,84.6,90,3,4,5.316176660496158,0.092632419232784,-0.0018907059844766,0.9956985789574886,0.9998474764798716,-0.0174649299120519,0.010438171361912,0.1288131176549125,0.1292353461764968,9.434394480127944,6.769866885378985,0.1176720266249724,0.007028249897005,0.9930276420389096,0.999900410974203,-0.0141126940595927,6.778684396066454,4,32,False
46,69,GRASP_FAILED,0.086,86.5,90,3,4,0.3358815739732549,-0.0058622057453265,6.893566373963406e-07,0.9999828171240364,0.5301336430028725,-0.847914099750973,-0.0988768608229241,0.2484797426381717,0.2674300209545068,0.1344432358287146,0.0006076247718618,-1.0605062715553478e-05,4.019120623921756e-09,0.9999999999437664,0.5325829250100241,-0.8463778281522781,6.699690198210512,4,32,False
13,11,SUCCESS,0.06,88.4,90,3,4,0.3212639798162256,0.0013490536079238,0.0054423758330819,0.9999842801762708,0.1210019047956462,-0.9926522749864756,-0.1282336975177107,0.0433800781217098,0.1353724948315181,0.0,0.0,0.0,0.0,1.0,0.1130084322920961,-0.993594028882462,6.847166726930441,5,32,False
13,12,SUCCESS,0.06,57.9,90,3,4,0.0,-6.930656820393849e-09,3.711939063658395e-09,1.0,-0.7551605442515555,-0.6555398938323238,-0.0095369251207084,0.0747353805587278,0.0753414231881498,0.0,34.296486302838254,-0.5109814491320781,-0.2374920426128952,0.8261328515066061,-0.7327210387804662,-0.6805291171790331,21.195543239342875,5,32,False
13,86,SUCCESS,0.06,50.0,90,3,4,0.0,0.0,-5.613487203160908e-13,1.0,-0.8981133311176414,-0.4397640781928122,-0.123945450229968,0.1294784906690967,0.1792404925753577,0.0,0.0,0.0,0.0,1.0,-0.8981133306412046,-0.439764079165821,3.8699999999999184,5,32,False
31,30,NEIGHBOR_KNOCKED,0.076,66.10000000000001,89,3,4,9.536426742823474,-0.1267356924471853,0.1067058758469254,0.9861804704615038,-0.3779810147473655,-0.925813346463828,-0.095142649778253,0.0328429401961958,0.1006517884965697,9.641647442657517,11.057544355043651,-0.1488830187256596,0.1209094134239075,0.9814350515854942,-0.4807586429053361,-0.8768529678753556,5.234006732281395,6,32,False
31,23,NEIGHBOR_KNOCKED,0.076,78.0,89,3,4,6.2408069523990015,-0.1039278008803953,-0.0318795588091136,0.9940737930024618,-0.9537079406697008,-0.3007343743298361,-0.0270783983031119,0.0700058981606085,0.0750604118822663,3.0238766866612203,0.003609179825323,-5.56549482202444e-05,-2.9504709564630516e-05,0.9999999980159996,-0.9542535117016546,-0.2989987214104102,7.725161870193792,6,32,True
31,22,NEIGHBOR_KNOCKED,0.076,90.1,89,3,4,4.521389912835787,0.0599646683011865,-0.0511723236861616,0.9968879735677862,0.5651962275399874,-0.8249564984740507,-0.0731606234941694,0.113168124697793,0.1347571937882013,4.445759572627734,5.238277918494542,0.0708761712843802,-0.0575488692328453,0.9958236269511224,0.5698598020354491,-0.8217419339574433,7.011539745537768,6,32,False
23,30,NEIGHBOR_KNOCKED,0.08,66.10000000000001,88,3,4,12.786765109218711,-0.1718698989858368,0.1394443050476998,0.9752005043130167,0.9592023698655888,-0.2827203806665492,-0.0679687735569026,0.0491891315251026,0.0839006843775625,59.39386247504592,13.248068509663415,-0.1777158923963354,0.1446887697479624,0.9733869844509916,0.9355831579405092,-0.3531064351977526,5.28138252954146,7,32,False
23,22,NEIGHBOR_KNOCKED,0.08,90.1,88,3,4,5.979315165965447,0.080893657673516,-0.0656314201870503,0.9945595672620272,0.8541288160256516,-0.5200615017809129,-0.0347482533008253,0.1422762391151589,0.1464580804333178,4.376429415176257,5.954704076993812,0.0817139665867781,-0.0639161279303632,0.9946042209115364,0.8554333782863573,-0.5179128645955704,6.979491120228501,7,32,False
23,106,NEIGHBOR_KNOCKED,0.08,58.4,88,3,4,0.0,-4.3901009731162956e-10,6.400416976611838e-09,1.0,-0.5117918462010438,-0.8591094843860864,0.1612312792017643,0.1323926429656147,0.2086224755496349,0.0,0.0,0.0,0.0,1.0,-0.5117918498885584,-0.8591094821893467,4.520159772188062,7,32,False
69,68,SUCCESS,0.088,61.2,87,3,4,1.7075472925031875e-06,-3.083498129385292e-08,0.0,0.9999999999999996,0.9917182261835528,0.1284327055517709,0.0135837845696691,0.1350681210934585,0.1357494623891835,0.0,0.0,0.0,0.0,1.0,0.99171822626367,0.128432704933129,4.736880000000113,8,32,False
69,32,SUCCESS,0.088,56.6,87,3,4,0.0,8.061643860783919e-10,-1.9531415501142623e-10,1.0,0.989859279381479,0.1420514238660745,-0.1025139379219692,0.1013064445807693,0.1441253037529005,0.0,0.0,0.0,0.0,1.0,0.9898592793233104,0.1420514242714109,4.380840300000036,8,32,False
69,33,SUCCESS,0.088,74.89999999999999,87,3,4,12.004238781499907,0.0474922146809618,0.2024891512702762,0.9781322166059866,0.926834871937747,0.3754692000153144,-0.0200782899924638,0.1630215275408445,0.1642533292532355,11.998162265541977,10.747914001044876,0.0808433617663483,0.1680542313923397,0.9824571879575442,0.9342936099305164,0.3565044886716068,6.200976477811094,8,32,False
11,89,NEIGHBOR_KNOCKED,0.088,87.2,86,3,4,0.2583767216446387,0.0004248024301733,0.0044894561243444,0.9999898321116084,-0.9878395110416648,-0.1554770093131609,-0.0503166980060049,0.0769544821743238,0.0919443441705134,4.243369158318503,0.006440120899293,-9.231526513523144e-06,-0.000112021579203,0.9999999936829724,-0.9879155528962756,-0.1549930977355,6.74416890322772,9,32,True
11,86,NEIGHBOR_KNOCKED,0.088,50.0,86,3,4,0.0,0.0,0.0,1.0,-0.9943857644770806,-0.1058156482063596,0.0100024599999999,0.1219793236519082,0.122388743782378,0.0,0.0,0.0,0.0,1.0,-0.9943857644729276,-0.1058156482453875,3.870000023203395,9,32,False
11,88,NEIGHBOR_KNOCKED,0.088,90.3,86,3,4,0.6636614656208273,-0.0093183358596648,0.0068797024244654,0.999932916905608,0.8628034554550472,-0.5055395110719147,-0.1124311199490506,0.0425946042383645,0.1202291854884691,3.600276969051406,0.0938657981460975,0.0005530582135269,-0.0015420907032043,0.9999986580405372,0.8622338502878095,-0.5065104020825826,8.16321133355453,9,32,False
79,80,SUCCESS,0.082,77.0,85,3,4,0.0332082989717577,0.0005498470177609,-0.0001832964948343,0.9999998320353118,-0.0270476253696557,-0.9996341460563772,-0.0266658448130056,0.120692492405202,0.1236031755359507,0.0,0.0,0.0,0.0,1.0,-0.0273716087339347,-0.9996253273278526,5.959846702324199,10,32,False
79,49,SUCCESS,0.082,80.5,85,3,4,0.0314423574282613,-0.000147645551399,0.0005285377898369,0.9999998494242868,0.9511592564856132,0.308700613542856,-0.2223012080845909,0.0740126362956587,0.234298308673584,0.0,0.0,0.0,0.0,1.0,0.9517706655116406,0.3068103653260898,6.2307435199378665,10,32,False
79,50,SUCCESS,0.082,82.8,85,3,4,0.247787598099061,-0.0036366574455443,0.0023404524555695,0.9999906484587378,-0.9959782234377992,0.0895956384970004,-0.1909134837623737,0.0684283367832439,0.2028063005855765,0.0,0.0,0.0,0.0,1.0,-0.9965875064207428,0.0825429709065879,6.411506947771128,10,32,False
80,50,SUCCESS,0.08,82.8,84,3,4,8.537784363333587,-0.0111510163124775,0.1480422256690055,0.9889181736898992,-0.3896123448250009,0.920978946968911,-0.1436486026539593,0.1696951508606269,0.2223316560232618,8.674685093133217,9.227459786961909,-0.1051969701774192,0.1210251572792515,0.9870595264577632,-0.4877320885254751,0.8729933618433636,7.845559876792436,11,32,False
80,49,SUCCESS,0.08,80.5,84,3,4,0.0,0.0,0.0,1.0,0.4574567739930795,0.8892318594876393,-0.196158497,0.161196908849612,0.2538948588844782,0.0,0.0,0.0,7.566488746496644e-17,1.0,0.4574567734158793,0.8892318597845742,6.230700005351948,11,32,False
80,51,SUCCESS,0.08,59.2,84,3,4,47.79957245214175,-0.0493545868308542,-0.7391536701720178,0.6717261172754796,-0.5859911581329927,-0.8103174455668308,-0.2173982930184773,0.1221216021396859,0.2493505634974813,46.22736890500892,54.06175311416083,0.5015570469265828,-0.6355892621970377,0.5869129564578642,0.62429971767055,-0.7811849092989901,19.21770792858273,11,32,False
34,33,NEIGHBOR_KNOCKED,0.054,74.89999999999999,83,3,4,12.1634203578733,0.098744336625461,0.1861299450389479,0.9775506122673115,-0.96606902182412,0.2582840395219736,0.0067384037357981,0.0650961514228285,0.065443983795078,12.159567869003004,13.763723261536668,0.1068772734230994,0.2125617062040357,0.9712851123543864,-0.9620129455888092,0.2730038324264751,5.950229969597749,12,32,True
34,68,NEIGHBOR_KNOCKED,0.054,61.2,83,3,4,0.0,0.0,0.0,1.0,-0.9819306218291656,-0.189241258488174,0.0641411567,0.0808167290412065,0.1031767012252948,0.0,0.0,0.0,0.0,1.0,-0.9819306219154622,-0.189241258040401,4.736880007557496,12,32,False
34,32,NEIGHBOR_KNOCKED,0.054,56.6,83,3,4,0.0,0.0,0.0,1.0,-0.987213414846142,-0.1594041202347651,-0.0512444902999999,0.1144907608647583,0.1254357688599949,0.0,0.0,0.0,0.0,1.0,-0.9872134148964126,-0.1594041199234309,4.380840007557479,12,32,False
49,70,SUCCESS,0.082,52.2,82,3,4,0.0,-1.5278900562362981e-12,0.0,1.0,0.999665814664382,-0.0258507058201096,-0.1085027830000938,0.0614765960766813,0.1247085633945836,0.0,0.0,0.0,0.0,1.0,0.999665814664384,-0.0258507058200209,4.040279999999993,13,32,False
49,51,SUCCESS,0.082,59.2,82,3,4,62.056993270519584,0.8595063987189808,-0.2041306172216578,0.4685930448415059,-0.8075509504675852,-0.5897978148475115,-0.1004055254882164,0.052546238090952,0.1133242105027689,60.66325436127833,59.87971355306319,-0.445543285748012,0.7413979047268896,0.5018170258086537,-0.9819604648762552,0.1890863438220984,57.28616319259096,13,32,False
49,50,SUCCESS,0.082,82.8,82,3,4,8.92187495748707,-0.1530444320401502,0.0250909474742084,0.9879007268831996,-0.9912456847778696,-0.1320302708065552,0.0511594527597044,0.1387912694061116,0.147919931280515,9.843541988531976,11.709984418031013,0.1058018454832182,-0.1731989950732306,0.9791874578434756,-0.9861567435189088,-0.1658157930119474,17.512654820759664,13,32,False
51,50,NEIGHBOR_KNOCKED,0.058,82.8,81,2,3,12.189415095169403,0.180652742811956,-0.1092999070763086,0.977454918053834,0.8701784188610752,-0.4927367647623214,0.0588943011549025,0.0304089921073543,0.0662815623647292,15.962424925923612,0.0565165074041566,-0.0009775249301351,-0.0001320149642443,0.9999995135084118,0.8532161033752775,-0.5215575528559699,12.351235882508888,14,32,True
51,70,NEIGHBOR_KNOCKED,0.058,52.2,81,2,3,0.0,0.0,0.0,1.0,0.9999994080511228,0.0010880704959,-0.0822499343219143,0.2257697002855397,0.2402852664292625,0.0,0.0,0.0,0.0,1.0,0.999999408050978,0.0010880706291152,4.0402797383356654,14,32,False
70,71,SUCCESS,0.052,75.7,80,1,2,0.0037412434249016,-6.266118242263395e-11,6.529701590008531e-05,0.99999999786815,0.345946294475019,0.9382543159181328,-0.098192389505418,0.0285778578323786,0.1022665112100308,0.0,0.0,0.0,0.0,1.0,0.346051126912081,0.938215656212834,5.8591805526323455,15,32,False
0,2,SUCCESS,0.068,51.8,79,3,4,0.0,-2.5598760677421218e-12,-5.3622171998702895e-12,1.0,-0.9986992184046328,0.0509889317202846,-0.0481190968984364,0.0626996250068725,0.0790360073784319,0.0,0.0,0.0,0.0,1.0,-0.9986992184042864,0.0509889317270672,4.009319999999997,16,32,False
0,1,SUCCESS,0.068,90.8,79,3,4,0.4019661332257568,0.0016418512273309,0.0068207489698353,0.9999753905512064,-0.2218611633289261,-0.9750782656824712,-0.1292406634434348,0.0560019006599037,0.1408522700023713,0.0,0.0,0.0,0.0,1.0,-0.2221363264533612,-0.9750156165261178,7.035731192969612,16,32,False
0,73,SUCCESS,0.068,92.5,79,3,4,0.7054483142890875,0.0123120847062142,0.0,0.999924203412532,-0.0635256852816753,0.9979802038665364,-0.1766598632169988,0.1381372035083126,0.2242556448898126,0.0,0.0,0.0,5.267912165128472e-16,1.0,-0.083836243112048,0.9964795453700278,7.1847604127166855,16,32,False
1,2,SUCCESS,0.092,51.8,78,3,4,0.0,0.0,0.0,1.0,-0.6455101925210529,0.7637516555474254,0.08676118,0.0772975043277456,0.1161998559822268,0.0,0.0,0.0,0.0,1.0,-0.6455101925210529,0.7637516555474254,4.009319999999997,17,32,False
1,73,SUCCESS,0.092,92.5,78,3,4,0.0,0.0,0.0,1.0,0.0057996475822593,0.9999831819025368,-0.04795443,0.1937005626749417,0.1995483283247793,0.0,0.0,0.0,5.267912165128472e-16,1.0,0.0057996475852534,0.9999831819025192,7.159499999999972,17,32,False
1,72,SUCCESS,0.092,84.6,78,3,4,0.186411217854345,0.0031472830737497,-0.0008244791835508,0.9999947074076592,0.2863941791994025,0.9581118797513684,-0.2046378886099067,0.2322546520221275,0.3095462628439247,0.0,0.0,0.0,0.0,1.0,0.2829992677758303,0.9591201251346694,6.549646245718075,17,32,False
38,71,SUCCESS,0.062,75.7,77,1,2,0.0,0.0,0.0,1.0,-0.8583770774005914,0.5130192910536786,0.1245790452,0.082316239164672,0.1493181225878464,0.0,0.0,0.0,0.0,1.0,-0.8583770774005914,0.5130192910536786,5.859180000000006,18,32,False
73,72,SUCCESS,0.09,84.6,76,3,4,0.0,0.0,0.0,1.0,0.9120875578929228,0.4099954716053873,-0.1554850619999999,0.0708231797934289,0.1708552817480226,0.0,0.0,0.0,0.0,1.0,0.9120875578929228,0.4099954716053873,6.548040000000005,19,32,False
73,2,SUCCESS,0.09,51.8,76,3,4,0.0,0.0,0.0,1.0,-0.3542980460452043,-0.9351325545443012,0.14101597,0.1440022672140011,0.2015493903682506,0.0,0.0,0.0,0.0,1.0,-0.3542980460452042,-0.9351325545443012,4.009320000000066,19,32,False
73,8,SUCCESS,0.09,90.1,76,3,4,0.7618370008102331,0.0078909071339505,0.0107014849689346,0.9999116019949278,0.9928016043209053,0.1197705074625503,-0.2728409123072237,0.1058433169968368,0.2926516208421389,0.0,0.0,0.0,0.0,1.0,0.99599913813267,0.0893628381318461,7.002166103206234,19,32,False
72,8,SUCCESS,0.082,90.1,75,3,4,0.0,0.0,0.0,1.0,0.8860781073899239,-0.463535961500605,-0.1191430359999999,0.0427990191651486,0.1265970736976019,0.0,0.0,0.0,0.0,1.0,0.8860781073899239,-0.463535961500605,6.973740000000007,20,32,False
72,6,SUCCESS,0.082,81.60000000000001,75,3,4,0.019709169148986,-0.0001169744091722,0.0003234903869592,0.9999999408354768,0.8682289345799972,0.4961638007332688,-0.1173737685532656,0.1308630807262646,0.1757889286660693,0.0,0.0,0.0,0.0,1.0,0.868439408661534,0.4957953141000883,6.3158540793939455,20,32,False
72,7,SUCCESS,0.082,58.2,75,3,4,29.67840053543289,0.445281043733771,0.2165171414316196,0.8688182315983265,0.9040690985148604,0.4273863183473795,-0.0870202270441808,0.231611818335643,0.2474197936858805,29.54356961815485,7.3317505072200175,0.0912107336659883,-0.0892524421009957,0.9918238773306078,0.985348736531926,0.1705516561483272,17.673617438091622,20,32,False
7,6,APPROACH_BLOCKED,0.058,81.60000000000001,74,2,3,0.0,0.0,0.0,1.0,-0.7062658930902868,0.707946670489649,0.0643902231689754,0.0302122500898888,0.0711258103310215,1.3062455065929603,0.0006660966678764,5.362062679218746e-06,-1.0315145219792756e-05,0.999999999932423,-0.705260870610395,0.7089478855218255,6.316728004687707,21,32,True
7,8,APPROACH_BLOCKED,0.058,90.1,74,2,3,0.0,0.0,0.0,1.0,-0.8374866711874777,-0.5464577527891041,0.0613128561689754,0.1158858883740687,0.1311060847399715,0.0,0.0,0.0,0.0,1.0,-0.837486671339144,-0.5464577525566644,6.973739963684222,21,32,False
54,43,NEIGHBOR_KNOCKED,0.092,78.0,74,3,4,18.98706172639468,0.0931238796027636,0.3117428115354043,0.9455920698185508,0.1948066143461206,0.9808416707129656,0.036410596917928,0.0765999664390165,0.0848132444042691,25.30699180007483,0.0295476300050361,-0.0001546699818149,0.0004919626007862,0.9999998670249892,0.2194590950941495,0.9756217020856276,16.915667741122643,22,32,True
54,42,NEIGHBOR_KNOCKED,0.092,56.0,74,3,4,0.0,4.3468915091022806e-11,4.129117842799408e-10,1.0,0.2023219266299326,0.9793190685393356,-0.1162142433807553,0.0404141951535793,0.1230408774939167,0.0,0.0,0.0,0.0,1.0,0.2023219267120745,0.9793190685223656,4.334400089420071,22,32,False
54,52,NEIGHBOR_KNOCKED,0.092,92.5,74,3,4,0.1913580934353999,-0.0033306271990365,0.0002476636269663,0.9999944227770418,0.8861786935720619,-0.4633436338819314,-0.110385050339574,0.0752105285306059,0.1335720140610426,0.0,0.0,0.0,0.0,1.0,0.8874954497482107,-0.4608164783036965,7.161351960415865,22,32,False
52,42,SUCCESS,0.09,56.0,73,2,3,0.0,0.0,0.0,1.0,-0.6211103219970807,0.7837231449361967,-0.0004105359999999,0.095017026460361,0.0950179133488851,0.0,0.0,0.0,0.0,1.0,-0.6211103219970807,0.7837231449361967,4.334399999999992,23,32,False
52,43,SUCCESS,0.09,78.0,73,2,3,3.536725770231473e-05,-1.8512953864246029e-07,5.888459347084081e-07,0.9999999999998096,-0.4607559833987427,0.8875268580512128,0.125055112866404,0.1136117071937988,0.1689568029572012,0.0,25.38504833395719,-0.3816754257999691,-0.1952102323065874,0.9034471952157584,-0.2433969443593741,0.9699267639757756,21.667393330778932,23,32,False
20,21,SUCCESS,0.084,77.7,72,3,4,0.0124257798748135,0.00021687076947,0.0,0.9999999764835344,-0.9382319787925238,0.3460068698321827,0.0505135819090325,0.0921087472600629,0.1050506700554484,0.0,0.0,0.0,0.0,1.0,-0.9382302127467488,0.3460116586029875,6.0139866008610205,24,32,False
20,16,SUCCESS,0.084,51.4,72,3,4,0.0,1.783342641294797e-12,-4.692695102350585e-13,1.0,0.0382659508101289,0.9992675902923084,-0.0824740897847059,0.1826116994049478,0.2003721743291187,0.0,0.0,0.0,0.0,1.0,0.0382659506496501,0.9992675902984538,3.978359600000013,24,32,False
20,14,SUCCESS,0.084,84.6,72,3,4,0.3373611821176612,-0.0058880293739482,0.0,0.9999826654048016,-0.7257623756182802,0.6879454732294636,0.0403272954477272,0.2031218795112399,0.2070864280784883,0.0,0.0,0.0,0.0,1.0,-0.7256485505288905,0.6880655354799572,6.553260567416643,24,32,False
17,16,SUCCESS,0.058,51.4,71,3,4,0.0,0.0,0.0,1.0,0.9997290000583317,0.0232793136146315,-0.0100201362,0.0901951283769939,0.0907500099857238,0.0,0.0,0.0,0.0,1.0,0.9997290000583317,0.0232793136146315,3.978360000000002,25,32,False
17,14,SUCCESS,0.058,84.6,71,3,4,0.0,0.0,0.0,1.0,-0.8448783100858022,-0.5349585415212653,0.1067741114,0.0759712989803424,0.1310433101459979,0.0,0.0,0.0,0.0,1.0,-0.844878309213425,-0.5349585428990403,6.548039999999995,25,32,False
17,21,SUCCESS,0.058,77.7,71,3,4,0.0,0.0,0.0,1.0,-0.0217791007424989,-0.999762807255225,0.1189150368,0.1485432463803267,0.1902784328881016,0.0,0.0,0.0,0.0,1.0,-0.0217791004937266,-0.9997628072606444,6.01398000000001,25,32,False
56,55,NEIGHBOR_KNOCKED,0.068,83.4,70,1,2,0.0700825899755793,0.001122385377016,-0.0004862097512904,0.9999992519252916,0.9984841080329994,0.055040766760154,0.0574339239399871,0.0696246269480302,0.0902565471131962,4.708523737161556,0.0270630506030445,-0.0004682955634231,6.167413776462941e-05,0.9999998884477768,0.9984073818732796,0.0564154218360836,6.462721357548372,26,32,True
48,50,SUCCESS,0.086,56.6,91,3,4,0.0,1.8171695676294885e-09,-1.4418399498926084e-10,1.0,-0.6321326261660729,0.7748602086417806,-0.0694189944111127,0.0816567456079805,0.1071765874075889,0.0,0.0,0.0,0.0,1.0,-0.6321326274364427,0.7748602076054104,4.380839999999997,1,34,False
48,49,SUCCESS,0.086,62.5,91,3,4,2.907212968889696,-0.0047685596869382,-0.0504940013671515,0.99871298012214,-0.9411794304416676,0.3379072057732686,-0.1158951562944245,0.0764268989138768,0.1388263596371418,2.903106098111744,1.2074182697257331e-06,-8.354240169500453e-10,-1.4751169815915513e-08,0.9999999999999998,-0.903835258198882,0.4278806212444775,5.206517371114821,1,34,False
48,98,SUCCESS,0.086,90.9,91,3,4,0.306589201190642,0.0037847144482245,0.0037826932297319,0.9999856834817562,0.6246168032361409,0.7809313984692023,-0.2985956872562603,0.0875788948288004,0.3111743036747612,0.0,0.0,0.0,-8.375994830761553e-18,1.0,0.6227268882423965,0.782439277298847,7.040306726072523,1,34,False
43,13,SUCCESS,0.086,57.6,90,3,4,0.0,-2.2987750086346103e-09,-4.5118780277481186e-12,1.0,-0.1036025537653316,0.9946187766442486,-0.0900833927960334,0.0380133167634609,0.0977754054402418,0.0,0.0,0.0,0.0,1.0,-0.1036025464119408,0.9946187774102004,4.458240000000003,2,34,False
43,42,SUCCESS,0.086,51.0,90,3,4,8.627875659576071,0.1037679477267254,-0.1083380198387851,0.9886835117882742,0.9936740844669418,0.1123023323835492,-0.1413997564242206,0.0431877172560852,0.1478481316710511,8.612206960718417,0.0,-4.0833743420664743e-13,8.413972576735393e-14,1.0,0.712702559684698,0.7014663651372598,6.104995077863795,2,34,False
43,20,SUCCESS,0.086,84.7,90,3,4,0.2206536438257754,-0.0013399850324457,0.0036104832123589,0.9999925843980474,-0.9210583496167724,0.3894245968107654,-0.2557953622141611,0.1019693384725472,0.2753706834773862,0.0,0.0,0.0,0.0,1.0,-0.9243091613834992,0.3816445652469487,6.558031622624548,2,34,False
13,42,NEIGHBOR_KNOCKED,0.064,51.0,89,2,3,0.0,0.0,0.0,1.0,0.9021851649604476,-0.4313489632829665,-0.0522207055999999,0.0315960054621932,0.061035314814694,58.433317677506494,0.0,-2.8486880610403454e-12,2.604808259738803e-13,1.0,0.8519053183817121,-0.5236958358751325,4.018052232585501,3,34,True
13,20,NEIGHBOR_KNOCKED,0.064,84.7,89,2,3,0.0,0.0,0.0,1.0,-0.9999599034903982,0.0089549657438681,-0.1701739919999999,0.0895775319463697,0.19231048276893,0.0,0.0,0.0,0.0,1.0,-0.9999599034899764,0.0089549657909731,6.555779698870667,3,34,False
20,42,SUCCESS,0.084,51.0,88,3,4,0.0,0.0,0.0,1.0,0.9895898446345004,-0.1439164319883769,0.1250140338,0.1168386060415812,0.1711133206640773,0.0,0.0,0.0,0.0,1.0,0.9895898446345004,-0.1439164319883769,3.947400000000004,4,34,False
20,106,SUCCESS,0.084,90.3,88,3,4,0.4406553263207951,0.0064316121442184,0.0042169812959172,0.999970425279656,-0.975920501730126,-0.2181265098579695,-0.1203214358241136,0.2987060341661259,0.3220287918277356,0.0,0.0,0.0,0.0,1.0,-0.9755856053632904,-0.219619504161043,6.998830953148853,4,34,False
20,77,SUCCESS,0.084,61.2,88,3,4,1.2074182697257331e-06,1.5942813551279154e-08,-1.3729111300053824e-08,0.9999999999999998,-0.9906938885812324,0.1361088502919521,-0.0163184210270609,0.329900209288796,0.3303035557689439,0.0,0.0,0.0,0.0,1.0,-0.990693888339861,0.1361088520488182,4.7368799999999975,4,34,False
98,99,NEIGHBOR_KNOCKED,0.088,87.3,87,3,4,0.102799975404159,0.0017935073372494,4.974525062583565e-05,0.9999983904271252,0.3846818196643335,0.9230492390006814,-0.080274663552168,0.0552289668025411,0.0974384953829335,4.909596908541262,0.0121228130494833,-0.0001134356895825,0.000178604900948,0.9999999776163166,0.3889215707739369,0.9212708677618836,7.056920228446189,5,34,True
98,97,NEIGHBOR_KNOCKED,0.088,85.3,87,3,4,0.2079827533118475,0.0035060894331167,0.0009402455193207,0.9999934116159218,0.9062670779962306,-0.4227055515842843,-0.0613767467603551,0.0990094070467713,0.1164902044235394,16.824187540141573,0.1476263579800663,-0.0020514145173036,0.0015589663847104,0.9999966806556356,0.9086723535745798,-0.4175099446111836,10.39449296049014,5,34,False
98,106,NEIGHBOR_KNOCKED,0.088,90.3,87,3,4,0.0,0.0,0.0,1.0,-0.1407755313003963,0.990041539425034,-0.104544508,0.1693669480751082,0.1990344624763221,0.0,0.0,0.0,0.0,1.0,-0.1407755312324912,0.9900415394346894,6.989219972163217,5,34,False
97,99,SUCCESS,0.084,87.3,86,3,4,2.9612533075669345e-05,-2.770099108698011e-07,4.361529744192515e-07,0.9999999999998664,-0.5874657445411723,0.8092490339757509,-0.0159703585959383,0.1118669351526794,0.1130011660742341,0.0,0.0,0.0,0.0,1.0,-0.5874657597753428,0.8092490229166664,6.757020000041164,6,34,False
97,106,SUCCESS,0.084,90.3,86,3,4,0.0,0.0,0.0,1.0,-0.4708725258415741,0.8822012607152497,-0.0403861115846113,0.2354943936307491,0.2389323072345782,0.0,0.0,0.0,0.0,1.0,-0.4708725265471609,0.8822012603386447,6.989220000000064,6,34,False
97,118,SUCCESS,0.084,56.0,86,3,4,0.0,0.0,8.701462058471121e-16,1.0,-0.5632326885779791,0.8262983350565468,-0.2955197931846112,0.1332593414276758,0.3241758785622601,0.0,0.0,0.0,0.0,1.0,-0.5632326885779803,0.8262983350565459,4.334400100000025,6,34,False
14,15,SUCCESS,0.084,81.4,85,3,4,0.0160798901987217,-6.295459938998182e-05,0.0002734949180992,0.9999999606186232,0.2643966101129071,0.9644140358584604,-0.1514825931064882,0.0112737534368302,0.1519015257685726,0.0,0.0,0.0,0.0,1.0,0.266657136561533,0.963791456447298,6.300370472614028,7,34,False
14,92,SUCCESS,0.084,60.6,85,3,4,2.2588727439225506e-06,-3.7021609553807555e-08,1.3802540550573238e-10,0.9999999999999992,0.6228781305846092,-0.7823188828345014,0.0498185835732421,0.1644715866006438,0.1718510810794544,0.0,0.0,0.0,0.0,1.0,0.6228781289273948,-0.7823188841539669,4.690440500000166,7,34,False
14,4,SUCCESS,0.084,54.6,85,3,4,0.0,8.033814492733474e-11,-3.732034765437097e-12,1.0,-0.9978571500588116,-0.0654301771089295,-0.1020790891364533,0.2522697754331185,0.2721400008010657,0.0,0.0,0.0,0.0,1.0,-0.9978571500495756,-0.0654301772497886,4.226039999999991,7,34,False
106,99,SUCCESS,0.092,87.3,84,3,4,0.0,0.0,0.0,1.0,0.3595561076411749,-0.9331234674242888,0.0248800953,0.1256267515418707,0.1280667788503325,0.0,0.0,0.0,0.0,1.0,0.3595561076411749,-0.9331234674242888,6.757019999999995,8,34,False
106,77,SUCCESS,0.092,61.2,84,3,4,0.0,0.0,0.0,1.0,-0.2951405259334374,0.9554538554800718,0.1343097946,0.1159384625062203,0.1774284306806563,0.0,0.0,0.0,0.0,1.0,-0.2951405259334375,0.9554538554800718,4.736879999999999,8,34,False
106,75,SUCCESS,0.092,51.1,84,3,4,0.0,3.1945093584524225e-13,-6.527288524957263e-13,1.0,-0.756946294515211,0.6534770900495988,0.2028243049998929,0.1601667963480851,0.258439744139903,0.0,0.0,0.0,0.0,1.0,-0.7569462950486477,0.6534770894316996,3.955139700000004,8,34,False
5,4,SUCCESS,0.052,54.6,83,1,2,0.0,0.0,0.0,1.0,0.2314145118859738,0.9728552429259846,-0.0528878377999999,0.1680207636132612,0.1761479502927653,0.0,0.0,0.0,0.0,1.0,0.2314145118859738,0.9728552429259846,4.22604,9,34,False
4,3,SUCCESS,0.052,73.3,82,1,2,0.0046825389019152,-7.808575716615521e-11,8.17257223698478e-05,0.9999999966604532,0.527840321644536,0.8493436258936622,-0.0929224533571871,0.0508131169402137,0.1059082394863518,0.0,0.0,0.0,0.0,1.0,0.5279374450589398,0.8492832590512067,5.673420879193528,10,34,False
32,31,SUCCESS,0.054,52.3,81,2,3,0.0,0.0,2.7424745695413967e-12,1.0,-0.896149334668955,-0.4437525999612727,-0.0637453206000508,0.0417234715950577,0.0761860484626079,0.0,0.0,0.0,0.0,1.0,-0.89614933466651,-0.4437525999662101,4.048019999999999,11,34,False
32,33,SUCCESS,0.054,86.5,81,2,3,0.0619797305558165,-4.9616363426440906e-05,-0.0010806116869779,0.999999414908128,0.1550087390811053,0.9879130988141042,-0.0924065826825784,0.046071972748306,0.103255039567049,0.0,0.0,0.0,0.0,1.0,0.1546500442040647,0.9879693132014176,6.695272122427135,11,34,True
72,17,SUCCESS,0.054,85.3,80,3,4,0.180534686157713,0.0027151833573815,0.0015987722992801,0.999995035840914,-0.8780589523212238,-0.478552480140428,0.08407886346179,0.1248233571808576,0.1504995873048371,0.0,0.0,0.0,0.0,1.0,-0.8780742968356138,-0.4785243246028799,6.603734015942488,12,34,False
72,10,SUCCESS,0.054,60.6,80,3,4,1.9090959104164224e-06,-3.5214804544587854e-08,7.537522904063836e-10,0.9999999999999994,0.4020992722143862,-0.9155960764904256,-0.1970012468820112,0.0997988598623591,0.2208377316105513,0.0,0.0,0.0,0.0,1.0,0.4020993400554193,-0.9155960466969024,4.690439599999976,12,34,False
72,73,SUCCESS,0.054,57.9,80,3,4,0.0,2.105385080545414e-09,-8.817315037558874e-10,1.0,0.9698312008658684,-0.2437774432285884,0.1452163008206914,0.0977889351780014,0.1750726988062185,0.0,0.0,0.0,0.0,1.0,0.9698312009891188,-0.2437774427382558,4.48145999999995,12,34,False
40,19,SUCCESS,0.072,54.4,79,3,4,19.44288237563924,-0.1959791689466972,-0.2690587180531892,0.942973791565034,-0.2060692184460784,0.9785374173781106,-0.0351020851627247,0.1032517871752246,0.10905543515868,19.46173060715623,3.412438301042569,-0.0339487090962195,-0.0488925569820468,0.998226929621946,-0.0758029757561759,0.997122815337463,10.128097964380952,13,34,False
40,41,SUCCESS,0.072,91.1,79,3,4,0.3725217614703642,-0.0002967529669976,-0.0064949096661467,0.9999788638196836,0.9268861933479968,0.3753424897088797,0.1050866120618603,0.0721143151577057,0.1274506590226383,0.0,0.0,0.0,0.0,1.0,0.9285199358296364,0.3712825457342799,7.0579881053589,13,34,False
40,18,SUCCESS,0.072,64.5,79,3,4,22.617058631788773,0.2320630851927742,0.3066609560234999,0.9230957602229382,0.0708316861612115,0.997488281753505,0.0044025585631825,0.1503582597839395,0.1504227004383211,22.602078577613376,34.940372113608454,0.3245665719515809,0.4718780551874646,0.8197485232704571,0.027454714468579,0.9996230482804248,9.856711524517854,13,34,False
37,38,SUCCESS,0.08,75.7,78,3,4,0.0041501518934125,-8.638130462745614e-06,-7.191689908782313e-05,0.9999999973766712,0.7112167852383883,-0.7029727479747504,-0.0132527338515751,0.1261133904263411,0.1268078160026716,0.0,0.0,0.0,0.0,1.0,0.7112347660929661,-0.7029545557862781,5.859180618893184,14,34,False
37,18,SUCCESS,0.08,64.5,78,3,4,33.32222396426038,0.3127520686306713,0.4516284289858677,0.8355943427878103,-0.9551949773996532,0.2959772882342091,-0.0422548581207895,0.1560291968649108,0.1616495694677754,33.3448022793932,44.86666241520684,0.3998986771652395,0.5811659629851809,0.7087504296076292,-0.9415376533281152,0.3369077727886162,9.39546303061956,14,34,False
37,19,SUCCESS,0.08,54.4,78,3,4,12.24271597932094,-0.1206312282214775,-0.1743982971116191,0.9772580727435028,-0.9958892327709732,0.0905794460727303,0.0436688292329047,0.1737381119920719,0.1791421173402345,12.186962048170958,0.0,-1.0870685364577084e-11,-4.921636514145417e-12,1.0,-0.994806623473978,0.1017830137709775,8.203241414485614,14,34,False
18,19,NEIGHBOR_KNOCKED,0.064,54.4,77,3,4,3.677089138740389,-0.0365057641906767,-0.0527295464472728,0.997941343021883,-0.5687415977603796,-0.8225162581839769,0.0483926122550247,0.0300889935410097,0.0569841421202083,1.695471308694776,0.0,-2.7606685502170317e-12,-7.2014315699658515e-12,1.0,-0.5703087849283962,-0.8214303925674384,4.648902541630774,15,34,True
18,22,NEIGHBOR_KNOCKED,0.064,51.3,77,3,4,0.0,-3.642740724517082e-13,0.0,1.0,-0.9427282133895952,0.3335618618476371,-0.1741378769177697,0.1165637675369344,0.2095497842514584,0.0,0.0,0.0,0.0,1.0,-0.9427282134855978,0.3335618615763097,3.97062045957472,15,34,False
18,41,NEIGHBOR_KNOCKED,0.064,91.1,77,3,4,0.0,0.0,0.0,1.0,0.4287286378306653,-0.903433315250142,0.1617444610821903,0.1295623081422407,0.2072381779062755,0.0,0.0,0.0,0.0,1.0,0.4287286375490514,-0.9034333153837832,7.0511399595748205,15,34,False
38,41,SUCCESS,0.08,91.1,76,3,4,0.0,0.0,0.0,1.0,-0.9969227480344892,0.0783902701319642,0.1434600646999999,0.1897784862197313,0.2379005338278603,0.0,0.0,0.0,0.0,1.0,-0.9969227480344892,0.0783902701319642,7.051140000000011,16,34,False
38,80,SUCCESS,0.08,51.0,76,3,4,0.0,1.9539047743845452e-13,-6.352579153393273e-13,1.0,-0.9724318826363842,0.2331871214974306,-0.2090884890000362,0.1068831440595802,0.2348233436359751,0.0,0.0,0.0,0.0,1.0,-0.9724318826360868,0.2331871214986703,3.947400300000015,16,34,False
38,79,SUCCESS,0.08,66.10000000000001,76,3,4,0.000131597513702,2.175821634675388e-06,-7.35644084052497e-07,0.9999999999973624,-0.9442448064591294,-0.329244203403737,-0.2246987870736224,0.0883257575835257,0.2414352591587667,0.0,0.0,0.0,0.0,1.0,-0.9442461866842774,-0.3292402450068954,5.116140300629089,16,34,False
39,79,SUCCESS,0.09,66.10000000000001,75,3,4,0.0,0.0,0.0,1.0,-0.981118432782045,-0.1934079131144943,0.0149789215520276,0.1139241524562735,0.114904658755605,0.0,0.0,0.0,0.0,1.0,-0.981118432782045,-0.1934079131144943,5.116140000000005,17,34,False
39,80,SUCCESS,0.09,51.0,75,3,4,0.0,0.0,0.0,1.0,-0.972025058045766,0.2348771732866464,0.0329265395520276,0.1361157849983044,0.140041650706409,0.0,0.0,0.0,0.0,1.0,-0.972025058045766,0.2348771732866464,3.947400000000018,17,34,False
39,45,SUCCESS,0.09,53.7,75,3,4,0.0,-5.484325746686855e-11,-2.5177137637547517e-11,1.0,0.6607440270937931,-0.7506113046443392,-0.3575866792505677,0.1496864642118813,0.3876522549214737,0.0,0.0,0.0,0.0,1.0,0.6607440268299068,-0.7506113048766314,4.156380200000032,17,34,False
112,111,NEIGHBOR_KNOCKED,0.086,52.7,93,3,4,0.0,9.288406220244456e-12,-1.363834470644624e-14,1.0,0.8599657903484388,-0.5103516821079215,-0.0179780005341378,0.0718502748428984,0.0740653123817452,52.3275292771403,0.0,7.984441771277282e-12,-1.593143588420805e-12,1.0,0.867373802874253,-0.4976571973632617,4.109189956365139,1,36,False
112,83,NEIGHBOR_KNOCKED,0.086,81.69999999999999,93,3,4,0.0204802791981313,7.746149677852189e-05,0.0003489541528177,0.9999999361153558,-0.1311948196031152,0.9913566055205898,-0.1328060879843829,0.2243750618699364,0.2607328621306748,0.0,0.0,0.0,0.0,1.0,-0.1312919785798459,0.9913437427858156,6.323598110551629,1,36,False
112,85,NEIGHBOR_KNOCKED,0.086,52.6,93,3,4,0.0,5.256344791457903e-12,-3.1775224946599585e-12,1.0,-0.2210880223952597,0.9752538573896302,-0.1610520340361173,0.3297632572653524,0.3669898684016028,0.0,0.0,0.0,0.0,1.0,-0.221088021323962,0.9752538576324912,4.071240337334712,1,36,False
39,40,NEIGHBOR_KNOCKED,0.066,57.0,92,1,2,0.0,1.515615898438957e-09,7.428724391621376e-11,1.0,0.9981606653309136,-0.0606241386425234,0.0077847388327443,0.0879987387470178,0.0883424030676092,25.941379705654555,0.0,1.3585320371394294e-09,1.4253504106750925e-13,1.0,0.9980858863232596,-0.0618430555706433,4.416837632549728,2,36,False
69,97,SUCCESS,0.056,77.3,91,1,2,0.0089351627094327,-0.0001096942212046,0.0001108465563768,0.9999999878401094,0.6897841925595337,0.7240150327824638,-0.1282439036625994,0.0285963853344286,0.1313935009078349,0.0,0.0,0.0,0.0,1.0,0.6904638071351505,0.72336694079591,5.9830234014275145,3,36,False
6,5,NEIGHBOR_KNOCKED,0.056,51.4,90,3,4,0.0,3.2635561393619984e-13,-3.0247738001893613e-13,1.0,0.9449263690199028,0.3272829924253053,-0.0364867576999886,0.0543268965115612,0.0654423041467487,23.16281075766025,0.0,-9.772300545841949e-13,4.4112518986111275e-13,1.0,0.9488109918930367,0.3158444263604338,3.9943028251053536,4,36,False
6,90,NEIGHBOR_KNOCKED,0.056,54.9,90,3,4,0.0,9.31164376425115e-11,8.290670631091435e-12,1.0,0.0610395520235975,-0.9981353480809896,-0.162036099600034,0.0131657329080259,0.1625700897969784,0.0,0.0,0.0,0.0,1.0,0.0610395500694571,-0.9981353482004924,4.2492595416128704,4,36,False
6,4,NEIGHBOR_KNOCKED,0.056,80.0,90,3,4,0.037986389912242,-0.0006629875261583,0.0,0.9999997802237458,0.9723598593262,-0.2334872672569808,-0.1403884718220857,0.092809034749832,0.1682927210301624,0.0,0.0,0.0,0.0,1.0,0.9724321266796252,-0.2331861037912459,6.192062373850647,4,36,False
5,4,SUCCESS,0.048,80.0,89,3,4,0.0,0.0,-1.5227558602324498e-16,1.0,0.723144342859957,-0.6906969374404675,-0.1085751559999999,0.0555619248033702,0.1219659460188773,0.0,0.0,0.0,0.0,1.0,0.7231443428599571,-0.6906969374404672,6.1919999999999895,5,36,False
5,91,SUCCESS,0.048,52.7,89,3,4,0.0,-6.022831717397559e-12,4.967131373764681e-12,1.0,0.6299662563895676,0.7766225053463964,-0.1195005999999967,0.0499207490561517,0.1295085888529657,0.0,0.0,0.0,0.0,1.0,0.6299662564077263,0.7766225053316669,4.078980000000024,5,36,False
5,89,SUCCESS,0.048,53.400000000000006,89,3,4,0.0,0.0,-5.029656903142319e-12,1.0,0.9716402073739908,0.2364641778668139,-0.0968054270001172,0.0985776797553833,0.1381624031443791,0.0,0.0,0.0,0.0,1.0,0.9716402073724996,0.2364641778729422,4.1331599999999415,5,36,False
56,58,SUCCESS,0.058,77.5,88,3,4,0.0087098296385983,-0.0001218800972794,-9.085078017022213e-05,0.9999999884456888,0.9511292132940712,0.3087931664052833,0.0818337787764887,0.0495830135861731,0.0956830318558411,0.0,0.0,0.0,0.0,1.0,0.9511406653939806,0.3087578899945651,5.998503238774343,6,36,False
56,57,SUCCESS,0.058,81.60000000000001,88,3,4,0.630449322232839,-0.0099538039786295,-0.0046895707037173,0.9999394630241222,-0.9820276465060032,0.1887371227339237,-0.0451950080644322,0.082595714878928,0.0941522218022775,0.629817410040602,7.976890700296801,-0.0990266798813048,-0.09722063231406,0.990324121348228,-0.9975169884809042,0.0704262571203933,8.981620481433058,6,36,True
56,43,SUCCESS,0.058,53.900000000000006,88,3,4,0.0,-1.4636311206351497e-11,-3.8914746421495094e-11,1.0,-0.8017945482919066,0.5975997844120909,0.0077017016992122,0.0683833168937779,0.0688156540218757,0.0,0.0,0.0,0.0,1.0,-0.8017945461949143,0.5975997872256074,4.171860500000034,6,36,False
89,91,SUCCESS,0.052,52.7,87,3,4,0.0,0.0,0.0,1.0,-0.9723206868891872,0.2336503409955546,-0.0225868129999999,0.0661650530195208,0.0699140784289757,0.0,0.0,0.0,0.0,1.0,-0.9723206868891872,0.2336503409955546,4.078980000000003,7,36,False
89,4,SUCCESS,0.052,80.0,87,3,4,0.0,0.0,0.0,1.0,-0.6695290720505275,-0.7427858518302294,-0.0158874089999999,0.0830475447910106,0.0845535597154147,0.0,0.0,0.0,0.0,1.0,-0.6695290720505275,-0.7427858518302295,6.192000000000003,7,36,True
89,11,SUCCESS,0.052,47.2,87,3,4,0.0,-4.129507417579527e-15,5.6780726991718506e-15,1.0,0.6590237175920483,-0.752122157399419,-0.035473353100001,0.1516666340404343,0.1557598364833258,0.0,0.0,0.0,0.0,1.0,0.659023718991636,-0.7521221561730734,3.653279999999978,7,36,False
43,57,SUCCESS,0.054,81.60000000000001,86,3,4,9.037491116700158,-0.112152572866888,-0.1099825106205541,0.9875857672915994,-0.7095500465573914,-0.7046550442808195,-0.051136785695553,0.0505234447271928,0.0718859465985851,9.033418478756149,0.0049440046669811,-4.908515210850831e-05,-7.096806906655106e-05,0.9999999962770904,-0.7138870977290656,-0.7002608169075087,10.038211181811176,8,36,True
43,26,SUCCESS,0.054,75.30000000000001,86,3,4,0.0003095220914601,5.402181387399294e-06,0.0,0.9999999999854082,-0.935094703136833,0.3543979347646347,-0.0644098003205614,0.1006262974519982,0.1194749936858446,0.0,0.0,0.0,0.0,1.0,-0.9350954265461549,0.3543960260111066,5.828219987173877,8,36,False
43,65,SUCCESS,0.054,52.3,86,3,4,19.706924092573644,0.2287371889199116,-0.2477684987829466,0.9414298005777496,0.2705425652185334,-0.9627080140961616,-0.101135373280258,0.0727978304934857,0.1246109459601981,19.623027611836623,22.307178747003903,0.2752784613465833,-0.2613364337434961,0.9251621680099598,0.3338176389261936,-0.9426376737335196,4.382638657366896,8,36,False
90,4,NEIGHBOR_KNOCKED,0.06,80.0,85,2,3,0.0,0.0,0.0,1.0,0.9954968411516248,-0.0947947216733962,-0.0069459799999999,0.0899685592134978,0.0902362913971594,23.986134632442177,0.0537651524075989,0.0009312723635756,-0.0001152672846945,0.999999559722522,0.9958120804840732,-0.0914237406912527,6.4676870600116905,9,36,True
90,91,NEIGHBOR_KNOCKED,0.06,52.7,85,2,3,0.0,0.0,0.0,1.0,0.7623587291325109,0.647154670936912,-0.0094193439999999,0.1060294966281548,0.1064470675810764,0.0,0.0,0.0,0.0,1.0,0.7623587291717506,0.647154670890687,4.078979974911819,9,36,False
91,4,SUCCESS,0.054,80.0,84,2,3,0.0001317386845765,2.281897946268792e-06,-2.8243927440086977e-07,0.9999999999973568,0.0799754498568512,-0.996796833572516,-0.0014855001407697,0.076847045465851,0.076861401935554,0.0,0.0,0.0,0.0,1.0,0.0799740753715785,-0.9967969438498802,6.192000000756225,10,36,True
91,11,SUCCESS,0.054,47.2,84,2,3,0.0,0.0,0.0,1.0,0.7852727018255174,-0.6191500494772264,-0.0038771800999999,0.209208289831146,0.2092442139214383,0.0,0.0,0.0,0.0,1.0,0.785272701202512,-0.6191500502673889,3.653280000000007,10,36,False
26,27,NEIGHBOR_KNOCKED,0.07,53.3,83,3,4,4.010296746271719,0.0119515689728273,-0.068906956859065,0.9975514980668972,0.1711266171634032,-0.9852490451140818,-0.0841479997145625,0.0295234775283586,0.0891769117054942,4.010123439378695,0.0,7.414149721924462e-13,-4.277001239326436e-12,1.0,0.1717852410099824,-0.9851344227927183,4.705945799832554,11,36,False
26,57,NEIGHBOR_KNOCKED,0.07,81.60000000000001,83,3,4,0.0019304883194414,2.5101629630707946e-05,-2.2475584330491705e-05,0.9999999994323782,0.764307837238972,-0.6448515565113301,0.0056527252167873,0.0917563071059185,0.0919302626782505,4.092549311136263,5.34995668694539,-0.071065993994723,0.0603579810017954,0.9956437809914392,0.7644380035175984,-0.64469724582786,8.101368467654549,11,36,True
26,65,NEIGHBOR_KNOCKED,0.07,52.3,83,3,4,25.07525017388588,0.3277067361575477,-0.2687409393650331,0.905751954227076,0.7359832602212537,-0.6769997346189246,0.0048539169372657,0.1284709039909647,0.1285625671876909,28.278959666820978,28.50592783593543,0.3515010674228586,-0.322822330381226,0.8787677409917967,0.7194160957644613,-0.6945793555491117,4.400409815632195,11,36,False
65,57,NEIGHBOR_KNOCKED,0.048,81.60000000000001,82,3,4,6.46994636610096,-0.0877112908180464,0.0707387482677055,0.993631098022073,-0.777919085085502,0.6283644619643408,0.0563226906439921,0.0267959577952051,0.0623720196525754,6.690298366197685,0.0035157675178581,-4.371164619413461e-05,4.306451290650336e-05,0.9999999981173696,-0.7793147484509195,0.6266326857473046,8.450660891056465,12,36,True
65,27,NEIGHBOR_KNOCKED,0.048,53.3,82,3,4,0.0,0.0,0.0,1.0,-0.8461647307701093,0.5329214279804747,-0.0339255378970409,0.1044458757026476,0.1098174989375394,0.0,0.0,0.0,0.0,1.0,-0.8461647310487087,0.5329214275381191,4.125420436946858,12,36,False
65,24,NEIGHBOR_KNOCKED,0.048,76.39999999999999,82,3,4,0.0043875388649578,7.65769996874187e-05,0.0,0.9999999970679816,0.9678236932697604,0.2516292883304348,-0.1284821065608283,0.1267437448865077,0.1804761163538383,0.0,0.0,0.0,0.0,1.0,0.9678171121781382,0.2516545993523054,5.913360725375915,12,36,False
27,57,SUCCESS,0.058,81.60000000000001,81,2,3,1.7075472925031875e-06,-2.2295051030105866e-08,2.1964983396404957e-08,0.9999999999999996,0.8667727211209443,-0.498703368667782,0.0828245652476862,0.0776885935256864,0.113558029977926,0.0,0.0,0.0,0.0,1.0,0.866772722968762,-0.4987033654561775,6.315840000000143,13,36,False
27,8,SUCCESS,0.058,85.8,81,2,3,0.2270002489852023,-0.0015056377929279,-0.0036646470725247,0.9999921516775372,-0.0506351028140884,0.9987172204197778,0.016899933015407,0.1562172122662385,0.1571286897551184,0.0,0.0,0.0,0.0,1.0,-0.0502903339856765,0.998734640586582,6.643304627284432,13,36,False
78,79,SUCCESS,0.048,74.89999999999999,80,2,3,0.0090386534585174,0.0001175281982322,-0.0001052308400118,0.9999999875567964,-0.8973056833659161,-0.441409685665399,-0.0283387372084968,0.1082511433066262,0.1118990350886189,0.0,0.0,0.0,0.0,1.0,-0.8973480304096165,-0.4413235913929616,5.797263321710316,14,36,False
78,19,SUCCESS,0.048,56.0,80,2,3,0.0,7.154885945853628e-10,0.0,1.0,-0.9657157687350004,-0.2596017219060131,-0.093678183077156,0.1116652192719086,0.1457556969030047,0.0,13.357276053049477,-0.1132298326466371,0.2013712609767383,0.9729484160280304,-0.9998583357767258,-0.0168317669243848,9.022994141677524,14,36,False
20,19,SUCCESS,0.058,56.0,79,3,4,15.124876858375751,-0.1262564393399493,0.2283428917274697,0.9653594332282328,0.9816915937395696,0.1904773340349556,-0.0115197729307975,0.0835940772274499,0.0843840916043183,15.545159163418155,17.0892327166093,-0.1406600990342058,0.2580093977935678,0.955848255315606,0.9789035131019528,0.2043230580151317,4.516098665692773,15,36,False
20,79,SUCCESS,0.058,74.89999999999999,79,3,4,0.0,0.0,0.0,1.0,0.9947979050636458,-0.1018681897403778,0.0587330286,0.0975962053656906,0.1139060487871934,0.0,0.0,0.0,8.132207531281444e-17,1.0,0.9947979051085096,-0.1018681893022568,5.797260001237335,15,36,False
20,31,SUCCESS,0.058,80.0,79,3,4,0.038670366426718,-0.0002841149598126,0.000612211294451,0.9999997722379844,-0.6367254374703389,-0.7710906025093325,-0.0644359364218717,0.1361613196535496,0.1506382915209795,0.0,0.0,0.0,0.0,1.0,-0.6363461370060751,-0.7714036517397656,6.192064745933598,15,36,False
2,30,SUCCESS,0.052,87.1,78,1,2,0.0183485193897148,0.0003202420708038,0.0,0.9999999487225067,0.7974657166175115,0.6033642604759738,0.106180971037429,0.130711743413057,0.1684041521950459,0.0,0.0,0.0,-4.606458426985976e-18,1.0,0.7975161478838912,0.6032975997502719,6.741554278430697,16,36,False
67,66,SUCCESS,0.056,51.4,77,1,2,0.0,-2.6751917155445584e-12,0.0,1.0,-0.9967873574641402,-0.0800934703933865,0.0960474245001135,0.0425939938346282,0.1050683399692284,0.0,0.0,0.0,0.0,1.0,-0.9967873574641672,-0.0800934703930518,3.978360000000028,17,36,False
81,82,SUCCESS,0.088,53.0,76,3,4,34.40357028778596,-0.1403731809639498,-0.5473035561554612,0.8250782917309413,0.5230354418860405,0.8523109330115826,0.0770695540164965,0.0993877519034939,0.1257682049833428,0.0,0.0,0.0,0.0,1.0,0.7394177917855438,0.6732468560572639,17.063805513601146,18,36,False
81,1,SUCCESS,0.088,80.4,76,3,4,0.058328707377072,-0.0010180278163954,0.0,0.9999994818095485,-0.7357831314748103,-0.6772172350414024,0.0827912245452986,0.1361954723351971,0.1593850480638554,0.0,0.0,0.0,0.0,1.0,-0.7359097420117854,-0.677079649385615,6.223107694554348,18,36,False
81,0,SUCCESS,0.088,55.9,76,3,4,0.0,6.919742592995284e-10,8.052398366620549e-11,1.0,-0.9740937567693152,-0.2261445401132698,0.0990210616202467,0.2308842131641003,0.2512223925783814,0.0,0.0,0.0,0.0,1.0,-0.9740937568527804,-0.2261445397537525,4.326660000000031,18,36,False
72,88,SUCCESS,0.084,70.0,93,3,4,4.752843708313682e-05,-2.902835757934977e-07,-7.770474679983508e-07,0.999999999999656,0.5829954246535194,0.8124754364490427,-0.1194533413743701,0.2188425843048622,0.2493214340379353,0.0,0.0,0.0,0.0,1.0,0.582995296197043,0.8124755286235532,5.41800000006304,1,37,False
72,87,SUCCESS,0.084,75.1,93,3,4,0.006099563348744,0.0001064574632292,0.0,0.9999999943334044,0.8198751503444159,0.5725423458991672,-0.133074822615362,0.293343923297472,0.3221173167491361,0.0,0.0,0.0,0.0,1.0,0.8198542277699377,0.5725723056590836,5.812741504497993,1,37,False
72,86,SUCCESS,0.084,58.0,93,3,4,0.0,4.192272484323992e-09,7.859134126774543e-10,1.0,0.6538065521743252,0.7566617423485356,-0.1882531342540737,0.276498503181287,0.3345006200561883,0.0,0.0,0.0,0.0,1.0,0.6538065505645168,0.7566617437395179,4.4892,1,37,False
88,86,SUCCESS,0.068,58.0,92,2,3,0.0,0.0,0.0,1.0,0.8610704147193705,0.508485733226618,-0.066942369,0.0617745768414721,0.0910899506601859,0.0,0.0,0.0,0.0,1.0,0.8610704147193705,0.508485733226618,4.489199999999999,2,37,False
88,87,SUCCESS,0.068,75.1,92,2,3,0.0,0.0,0.0,1.0,0.9962139414153252,-0.0869355101770443,-0.014436739,0.1133314796213342,0.114247291898386,0.0,0.0,0.0,0.0,1.0,0.9962139414153252,-0.0869355101770443,5.812739999999997,2,37,False
92,102,SUCCESS,0.076,78.7,91,3,4,0.0586924136089554,-0.0006090800857865,-0.0008236303731665,0.9999994753270912,0.8031670837007119,0.5957538381409672,-0.1224676121672322,0.1478641935526591,0.1919951451597718,0.0,0.0,0.0,0.0,1.0,0.8029661938393391,0.5960245729423956,6.091528499636473,3,37,False
92,85,SUCCESS,0.076,89.2,91,3,4,0.6945932205358119,-0.0121226417199818,0.0,0.999926518079068,-0.9999997924960926,0.0006442109683899,-0.059514315680444,0.1644005357732028,0.1748413278759563,0.0,0.0,0.0,0.0,1.0,-0.999999789047098,0.0006495427312181,6.9275865216664325,3,37,False
92,101,SUCCESS,0.076,59.1,91,3,4,0.0,2.647124982763313e-09,2.344347318861857e-10,1.0,0.9078174279465436,0.4193656131784318,-0.2137588578225706,0.0927530759891096,0.2330149832157827,0.0,0.0,0.0,0.0,1.0,0.9078174269427702,0.41936561535134,4.574339999999955,3,37,False
32,31,SUCCESS,0.094,65.19999999999999,90,3,4,0.0001107571827445,-1.9153987465290693e-06,-2.609699366949091e-07,0.9999999999981316,-0.9297118088949186,0.3682878662151911,0.0815775720903466,0.0575669426968099,0.0998441443431386,0.0,0.0,0.0,0.0,1.0,-0.9297120784280992,0.3682871858005704,5.046480000437034,4,37,False
32,2,SUCCESS,0.094,80.0,90,3,4,0.0626418698582171,-0.000955295970612,-0.0005317227314594,0.999999402340094,0.9989279823691,0.046291317112381,0.0729342706345829,0.2569609488355696,0.267111094976369,0.0,0.0,0.0,0.0,1.0,0.9989304046208192,0.046239017334785,6.192170804909855,4,37,False
32,10,SUCCESS,0.094,80.0,90,3,4,0.078023214708043,-0.0003017898426613,0.0013278996427052,0.9999990728022852,-0.3509044199395446,-0.9364112814713904,-0.120734152330213,0.2671682899595544,0.2931819071818853,0.0,0.0,0.0,0.0,1.0,-0.3504685774733772,-0.936574490472481,6.192262643923633,4,37,False
98,97,SUCCESS,0.074,76.2,89,3,4,6.714566754597005,-0.0914781517134132,-0.0728202623788296,0.9931409553261692,0.9998808396471308,-0.0154371793585607,-0.0934641808834969,0.0392992205421649,0.1013902453071534,4.888040191180834,7.381671885887733,-0.1003954253572996,-0.0801713770444447,0.9917123115450994,0.9985534047809164,-0.0537689296940085,6.218552090686603,5,37,False
98,18,SUCCESS,0.074,80.0,89,3,4,5.717343485007532,0.0781363217585448,0.0617984529408051,0.9950254601949482,0.8873902873694205,0.4610189560987894,-0.0982998229225166,0.1280368759440302,0.1614196295005819,8.025761698774703,6.728871035532623,0.0918356211832718,0.0727688331530702,0.9931117336953698,0.8852586912579001,0.4650989674814919,6.226325675382136,5,37,False
98,67,SUCCESS,0.074,82.3,89,3,4,0.0617123473769833,0.0010427652803468,-0.0002697208039957,0.9999994199454606,-0.2161299504999152,-0.97636460633152,-0.1427910258167469,0.191394592449171,0.2387910531669542,0.0,0.0,0.0,0.0,1.0,-0.2171712461685077,-0.976133520496872,6.370192618409588,5,37,False
80,81,NEIGHBOR_KNOCKED,0.052,58.1,88,1,2,0.0018099429424998,-2.6223051563871587e-05,1.761379106193045e-05,0.9999999995010528,0.7358019730779402,0.6771967634407374,-0.0179266848001336,0.0603461677989818,0.0629525694149668,12.894877733545492,0.0,8.29846196809221e-10,7.56548959393674e-10,1.0,0.7389089412056582,0.6738052957689877,4.505322969179121,6,37,True
97,18,NEIGHBOR_KNOCKED,0.076,80.0,87,3,4,7.275762352621191,0.098495121378992,0.0796094650659167,0.991948105566242,0.7748097767029145,0.6321944399673091,-0.0117424720910861,0.0760984337103616,0.0769990731371504,43.08378813096065,0.0728688172832475,0.0007852248674217,0.0010004490335453,0.9999991912614924,0.7910360107376566,0.6117695887474742,11.046842065448466,7,37,True
97,67,NEIGHBOR_KNOCKED,0.076,82.3,87,3,4,0.0,0.0,5.920800428607337e-16,1.0,-0.4210790927947658,-0.9070239233951534,-0.0540631011615119,0.2121025640475722,0.2188842538483623,0.0,0.0,0.0,0.0,1.0,-0.4210790939583711,-0.9070239228549584,6.370019991382766,7,37,False
97,66,NEIGHBOR_KNOCKED,0.076,59.2,87,3,4,0.0,4.362879916491751e-09,1.054889533731668e-09,1.0,-0.735650157160667,-0.6773616805440695,-0.0086130602502365,0.2774460501057482,0.2775797102206059,0.0,0.0,0.0,0.0,1.0,-0.7356501573438043,-0.6773616803451727,4.582079991382748,7,37,False
112,26,SUCCESS,0.044,55.2,86,1,2,23.95978972864153,-0.3652110962355817,0.1775791133367638,0.9138306810853604,0.95919705495032,0.2827384122729577,0.1190445897710571,0.0226523000180532,0.1211806133416858,0.0,0.0,0.0,0.0,1.0,-0.450009461080367,0.8930237874425058,12.85675399437967,8,37,False
60,37,GRASP_FAILED,0.08,81.69999999999999,85,3,4,0.1289396279530582,-0.0022307098543793,0.0002971865943649,0.9999974678036307,0.6096875685783759,0.7926418287732413,0.0501746607070256,0.098608927336909,0.1106400340184372,0.0010384513122211,0.0,4.2988233306648435e-09,1.7284415793121014e-09,1.0,0.6096289547236614,0.7926869101748406,6.324326224483482,9,37,False
60,74,GRASP_FAILED,0.08,73.3,85,3,4,0.0099063814713677,-0.000172898963195,5.687139628735901e-08,0.9999999850529724,0.1296496451563598,0.9915598668314636,-0.0272256734045901,0.1674512150457341,0.1696500713605098,0.0002380176380056,0.0,-1.0247313474628884e-09,9.689131421724625e-13,1.0,0.1297195307123989,0.9915507265650888,5.673423754239143,9,37,False
60,10,GRASP_FAILED,0.08,80.0,85,3,4,0.0,0.0,0.0,1.0,-0.8820953444877463,0.4710709110452952,0.0732334481390278,0.1275325535078796,0.1470635581324342,0.0,0.0,0.0,7.61377930116225e-17,1.0,-0.8820953447665391,0.4710709105232467,6.192000036252009,9,37,False
67,54,SUCCESS,0.08,51.1,85,3,4,0.0,1.662336847499159e-12,1.3606464301020294e-13,1.0,-0.9668444750812292,0.255365935482598,-0.0573276273000854,0.054342551107242,0.0789909470300281,0.0,0.0,0.0,0.0,1.0,-0.9668444750814552,0.2553659354817428,3.95514000000001,10,37,False
67,66,SUCCESS,0.08,59.2,85,3,4,0.0,0.0,0.0,1.0,-0.9992491821538412,0.0387436699975597,0.049025922,0.1148775270974673,0.1249015102389856,0.0,0.0,0.0,0.0,1.0,-0.9992491821538412,0.0387436699975599,4.582079999999989,10,37,False
67,18,SUCCESS,0.08,80.0,85,3,4,0.0001785489541166,1.9240373646496443e-06,2.4513993253689844e-06,0.9999999999951444,0.5172702158617003,0.8558221332627417,0.0348583261593206,0.2704826555168977,0.2727195809583579,0.0,0.0,0.0,0.0,1.0,0.5172702015670169,0.8558221419026372,6.1920000013861465,10,37,False
71,111,SUCCESS,0.062,56.6,84,1,2,0.0,1.2932663286461816e-10,-1.589552003406381e-09,1.0,-0.7434971193994737,0.6687391370666778,-0.0699690002872979,0.0753121324386152,0.1027987271013382,0.0,0.0,0.0,0.0,1.0,-0.7434971184053789,0.6687391381719018,4.380839999999997,11,37,False
109,104,SUCCESS,0.052,83.8,83,2,3,18.15432876043478,0.2308737833365712,0.2092316584640386,0.9502207160782412,0.9768240798916524,0.214043726709817,0.1082587512101027,0.1273696684907121,0.1671615675477016,18.117256011244145,3.4962431677077244,0.0516846747609968,0.0323671435126194,0.9981387991735836,0.973528071537226,0.2285674822213573,14.560648336331823,12,37,False
109,103,SUCCESS,0.052,77.3,83,2,3,0.0406385726798555,-0.00070707726706,5.581549842711785e-05,0.9999997484631524,0.993529789231032,0.1135718182937173,0.1558244136236934,0.1015084550418172,0.1859710039929465,0.0,0.0,0.0,0.0,1.0,0.9935127768093076,0.1137205448309983,5.9830901992717,12,37,False
69,68,NEIGHBOR_KNOCKED,0.088,68.2,82,3,4,2.691757534399324e-05,4.698817663228401e-07,0.0,0.9999999999998896,0.9015268088391988,-0.4327232521418402,-0.0862774599647932,0.062984849009658,0.1068217735424099,12.777678005585315,0.000169191571895,2.8480471309508137e-06,-7.801233622099211e-07,0.99999999999564,0.8993382838326789,-0.4372535319844675,7.502946082386163,13,37,False
69,34,NEIGHBOR_KNOCKED,0.088,49.5,82,3,4,0.0,7.348604442269255e-13,-3.9868517067904194e-14,1.0,0.967473803972658,0.2529712209455351,0.051097239954237,0.1304932662991978,0.140140716711362,0.0,0.0,0.0,0.0,1.0,0.967473803965553,0.2529712209727081,3.831299916191647,13,37,False
69,70,NEIGHBOR_KNOCKED,0.088,87.0,82,3,4,0.0398909442020114,2.8356087715680027e-05,0.0006956505767088,0.9999997576330744,0.9856535718332836,-0.1687810307241018,-0.0476998915685274,0.1391757606205478,0.1471229825688608,0.0,0.0,0.0,0.0,1.0,0.9855720312483938,-0.169256524899087,6.73387217128555,13,37,False
117,40,SUCCESS,0.05,49.1,81,1,2,0.0,-3.671981544837519e-14,0.0,1.0,0.992686976270705,0.1207168883898378,-0.0647278840000077,0.2137990752103705,0.2233825049728114,0.0,0.0,0.0,0.0,1.0,0.9926869762707052,0.1207168883898359,3.800340000000013,14,37,False
91,90,SUCCESS,0.052,86.0,80,3,4,0.1847979565805921,-0.0020248762701496,-0.0025105002779536,0.9999947986186952,-0.7991678460236813,0.6011079386282216,0.0496999832425549,0.1216062961062818,0.1313703908306545,0.0,0.0,0.0,0.0,1.0,-0.7991775957982814,0.6010949761677258,6.657983929481157,15,37,False
91,6,SUCCESS,0.052,58.5,80,3,4,0.0,-9.307519039586603e-10,-9.422065681096084e-10,1.0,0.2229126367469858,-0.9748384257806554,-0.0327801680604585,0.125933253260937,0.1301296418766885,0.0,0.0,0.0,0.0,1.0,0.2229126402727879,-0.9748384249744236,4.527899600000006,15,37,False
91,5,SUCCESS,0.052,59.1,80,3,4,0.0,-2.187771944379125e-09,3.989904395443594e-09,1.0,0.5844786777610255,-0.8114090677597358,-0.0388958841301596,0.1506060504696353,0.1555476526352266,0.0,0.0,0.0,0.0,1.0,0.5844786766171427,-0.8114090685837038,4.574340300000021,15,37,False
6,5,NEIGHBOR_KNOCKED,0.062,59.1,79,3,4,0.0,0.0,0.0,1.0,0.999956152736173,0.0093644329818466,-0.006208596,0.0599565399302244,0.0602771378276691,56.829053658170125,1.2074182697257331e-06,1.1119393121912674e-08,-5.520182618094091e-09,0.9999999999999998,0.9994764197880304,-0.0323556221961639,5.018251179531826,16,37,True
6,4,NEIGHBOR_KNOCKED,0.062,78.89999999999999,79,3,4,23.68338521111459,0.1924396776923464,0.3525841560054434,0.9157791127687916,0.8306629799267418,0.5567755506298971,-0.0370354158512408,0.1052165974505216,0.1115444055358199,38.19242997347628,0.002899827327593,-4.033939326164534e-05,3.056568463648935e-05,0.9999999987192364,0.978125414359312,0.2080160421323909,22.049040918471444,16,37,False
6,61,NEIGHBOR_KNOCKED,0.062,49.8,79,3,4,0.0,4.09737520624796e-13,-1.5998109760514425e-13,1.0,-0.8889862272216249,-0.4579339338925009,0.2236333399999923,0.0261015282234459,0.2251514169068263,0.0,0.0,0.0,0.0,1.0,-0.8889862262728455,-0.4579339357343646,3.8545202369084657,16,37,False
4,5,APPROACH_BLOCKED,0.076,59.1,78,3,4,0.0,0.0,0.0,1.0,-0.6478138578895918,-0.7617986646917961,0.069091597702875,0.0397258254121093,0.0796981184082115,0.0,0.0,0.0,0.0,1.0,-0.6478138578895918,-0.7617986646917961,4.574340000000003,17,37,False
4,61,APPROACH_BLOCKED,0.076,49.8,78,3,4,0.0,0.0,0.0,1.0,-0.933839069290926,-0.3576934339149334,0.2985445132028749,0.112908995870271,0.3191821857685269,0.0,0.0,0.0,0.0,1.0,-0.9338390692909262,-0.3576934339149336,3.8545204999999583,17,37,False
4,108,APPROACH_BLOCKED,0.076,85.3,78,3,4,21.663649166356333,0.3657297779050631,0.0501873455374162,0.9293669672962458,-0.6991595263351166,-0.714965703187821,-0.2229083265607257,0.0733924423758198,0.2346797235552981,21.6648679849141,0.1878134974882036,-0.0032637512302339,-0.0003048554131322,0.9999946274811102,-0.916934119129361,-0.3990386211589833,20.707158353795624,17,37,False
78,79,SUCCESS,0.052,84.0,78,1,2,0.0392242302037196,-2.5578013240599303e-09,0.0006845919099298,0.9999997656669308,0.5366624003511428,-0.843797053828318,-0.0256104777279208,0.1082881731036652,0.1112754465440678,0.0,0.0,0.0,0.0,1.0,0.536452264977814,-0.84393066504315,6.501670814588765,18,37,False
36,35,SUCCESS,0.084,81.4,77,3,4,37.64275935682552,0.4617915598718214,0.399684063234446,0.7918340765763704,0.7873039417521734,0.6165650844002524,0.0955225710633314,0.076119749736491,0.122142449142365,37.13659576713129,0.028353033336117,-9.273865868235272e-06,0.0004947668579009,0.9999998775598684,0.8378785583375045,0.5458566858418653,32.336638322275924,19,37,False
36,16,SUCCESS,0.084,75.39999999999999,77,3,4,0.0105062740654455,-7.015501337750378e-05,0.0001694180956556,0.9999999831878912,-0.9985105199616716,0.0545595227790035,-0.0288929750841474,0.2118053770078794,0.2137669800008016,0.0,0.0,0.0,0.0,1.0,-0.9985135788511776,0.0545035122704301,5.835964716326853,19,37,False
36,15,SUCCESS,0.084,83.5,77,3,4,0.1561797349523911,-0.0026657972300973,-0.0005690063424387,0.999996284871554,-0.9999426756975894,0.0107072554254317,0.0229510376912421,0.289803211813967,0.2907105978611647,0.0,0.0,0.0,0.0,1.0,-0.9999421142633896,0.0107595595849636,6.464017095930385,19,37,False
56,55,NEIGHBOR_KNOCKED,0.08,57.8,99,3,4,0.0,-4.089831810470121e-09,3.6348213998057117e-10,1.0,0.9625771315276797,0.2710078704760146,-0.0170550574881857,0.0828776325807651,0.084614283475768,30.302547467338155,0.0,2.829995714732604e-09,1.1233730910957026e-10,1.0,0.9631854680079832,0.2688377842086975,4.4848208639031615,1,38,False
56,27,NEIGHBOR_KNOCKED,0.08,57.0,99,3,4,0.0,5.667844778668488e-10,0.0,1.0,-0.978903825324177,0.2043215621653598,0.018969602978963,0.0918448288020292,0.0937833589441833,0.0,0.0,0.0,0.0,1.0,-0.9789038254600118,0.2043215615145762,4.411800003409408,1,38,False
56,28,NEIGHBOR_KNOCKED,0.08,51.3,99,3,4,0.0,-4.863320080711208e-13,0.0,1.0,-0.9836977320111152,0.1798298418955759,0.0686246286299981,0.1610465832164707,0.1750581092674794,0.0,0.0,0.0,0.0,1.0,-0.9836977319892534,0.1798298420151646,3.970619973409391,1,38,False
95,94,SUCCESS,0.052,85.5,98,3,4,0.1219324811399169,0.0015111377579246,-0.0014984540211534,0.9999977355465476,0.7578632287326998,-0.6524134628706305,0.0358676449417144,0.1149524415439262,0.1204182368687346,0.0,0.0,0.0,0.0,1.0,0.7578749797731112,-0.6523998122577183,6.618391696879497,2,38,False
95,80,SUCCESS,0.052,91.1,98,3,4,6.134872823541829,0.1047148299340225,-0.0213504380679522,0.994273082802806,-0.2421519593196847,-0.9702383359760828,0.0270526874103312,0.0722101323795921,0.0771112904469852,6.07233304949394,7.014048105507076,0.1200399426389675,-0.0224036414279132,0.9925162411880236,-0.2356061162881647,-0.9718486291432468,7.110776749805841,2,38,True
95,81,SUCCESS,0.052,83.5,98,3,4,7.067429673221027,-0.1206578786464291,0.0240804355465877,0.9924020399739364,-0.8595813278427917,-0.510998963623238,0.0083709011831055,0.1088732666919716,0.1091945977912758,7.149757140685949,8.26731058078464,-0.1413429668823286,0.0264233683341952,0.9896079887100632,-0.8623660778322556,-0.5062852435181302,6.549752520505465,2,38,False
81,80,NEIGHBOR_KNOCKED,0.086,91.1,97,3,4,8.076133707341556,0.1381110503163685,-0.0257380869105194,0.9900822635835348,0.982744334935153,-0.1849691113479863,0.0388441966862076,0.0764771348583706,0.0857765922168874,58.10943175914577,0.5022394849013265,-0.0087639992025397,-0.0001685786842805,0.9999615812116008,0.98254621010145,-0.1860186684590481,14.957683590971769,3,38,True
81,94,NEIGHBOR_KNOCKED,0.086,85.5,97,3,4,0.0,0.0,0.0,1.0,0.9944063445012286,-0.1056220716313781,0.0371249903221959,0.1823260188903527,0.1860673052173014,10.315437719642356,0.0917048276508092,-0.001594795626202,0.0001356053489018,0.9999987191182296,0.9943930648609608,-0.1057470215014344,6.65070212981442,3,38,False
81,113,NEIGHBOR_KNOCKED,0.086,76.8,97,3,4,0.0043924484359938,-7.026545048773101e-05,-3.065834667064152e-05,0.9999999970614162,-0.6115964504306516,-0.7911698817704244,0.1080500648477165,0.1486174175855417,0.1837442606542883,0.0,0.0,0.0,0.0,1.0,-0.6116090630555905,-0.7911601316979153,5.944320760501842,3,38,False
64,118,SUCCESS,0.054,53.7,96,3,4,45.98374261553216,-0.1395256557607952,0.7054776856174717,0.6948624514825477,-0.6710535255004098,0.7414089060117035,0.0103516461727001,0.1438644541400966,0.144236395349831,48.7642925483009,61.28555036782567,0.2759808144769156,0.8324707124790769,0.480444692868218,-0.6047212401712923,0.7964372051114226,16.6917322501336,4,38,False
64,119,SUCCESS,0.054,77.0,96,3,4,32.694352794027,0.3415952975213872,-0.4184287803069222,0.8415640252067196,-0.9906601739033892,-0.1363540239292791,-0.0809490186066415,0.0594024524038312,0.1004061500355821,31.048238948679497,16.432757801915407,-0.1010043201998584,-0.264243849303203,0.9591523942556734,-0.9946919927560086,0.1028972280825891,23.38371326701344,4,38,False
64,114,SUCCESS,0.054,51.7,96,3,4,0.0,-5.44304222380961e-14,-3.298813468975521e-14,1.0,-0.1573959914466125,-0.9875355699297812,0.0793235239000058,0.1420692877016817,0.1627141787060304,0.0,0.0,0.0,0.0,1.0,-0.1573959906230877,-0.9875355700610368,4.001580305912733,4,38,False
112,111,NEIGHBOR_KNOCKED,0.07,56.0,95,2,3,27.43489230820389,-0.4606407935003023,0.0095783328331363,0.8875349654540656,-0.999103727638314,0.0423289666685337,0.0372806695002845,0.0508414114225741,0.0630452015131119,4.662251497457393,4.733329091398603,-0.0129830748249403,0.0814904894961944,0.9965895543752004,-0.9973613556591332,0.0725970125953949,14.508350443026652,5,38,True
112,108,NEIGHBOR_KNOCKED,0.07,80.0,95,2,3,6.196078117720661,-0.059416021951632,-0.0901049563739824,0.9941583541731598,-0.5225238492835282,-0.8526246694354582,0.0135135329954272,0.0750291316418006,0.0762363834985707,1.907764736225809,1.9420317660409376,0.0052351330820861,-0.0334815507885355,0.9994256246156626,-0.5123826446535859,-0.8587572564222077,7.215616105720164,5,38,True
85,84,NEIGHBOR_KNOCKED,0.06,82.8,94,3,4,6.4417696668553495,-0.1113856051135803,-0.0134387839366117,0.9936863922082192,-0.9961941114459903,-0.0871624478794276,-0.0229524869139138,0.062447892287466,0.0665323673611599,1.225479082458954,0.0041733674124472,1.9357103269475166e-05,7.02198199275252e-05,0.99999999734724,-0.9968873410865264,-0.0788392616748528,8.11872796756871,6,38,True
85,86,NEIGHBOR_KNOCKED,0.06,49.5,94,3,4,26.237283763797134,0.4359079440540335,-0.0736715875137769,0.8969708810790824,0.679961336676383,-0.7332479666697113,-0.0880796735515114,0.0413911814126232,0.0973203924759529,26.23306984924804,0.0,-5.497917724055431e-13,-3.32237642232535e-15,1.0,-0.797365463861599,-0.6034967415328577,14.16597301649618,6,38,False
85,1,NEIGHBOR_KNOCKED,0.06,77.7,94,3,4,0.0018567162531255,-3.2405811399551944e-05,0.0,0.9999999994749316,-0.6828993577932004,0.7305124688365248,-0.1304153152305636,0.0795083213895633,0.1527407202316179,0.0,0.0,0.0,0.0,1.0,-0.6828613628766826,0.7305479854808988,6.013980087488676,6,38,False
86,84,APPROACH_BLOCKED,0.044,82.8,93,3,4,1.4209625421253986e-05,-6.590676464352436e-08,-2.390833517842572e-07,0.9999999999999692,-0.8572100371292476,0.5149669428661167,0.0557486629259265,0.0314311828690056,0.0639986927567544,0.3076770162948518,0.0010475907012439,-4.444819671105498e-06,-1.77354104743291e-05,0.9999999998328494,-0.8577485872992504,0.5140694126148143,6.40893292125086,7,38,True
86,1,APPROACH_BLOCKED,0.044,77.7,93,3,4,0.0,0.0,0.0,1.0,-0.3278488986075756,0.9447301729498216,-0.0443677853,0.0831377918784558,0.0942358361285787,0.0,0.0,0.0,1.5678310015263319e-16,1.0,-0.3278488984203346,0.9447301730147996,6.013979963185117,7,38,False
86,0,APPROACH_BLOCKED,0.044,74.89999999999999,93,3,4,0.0069913886013181,5.318997418605125e-06,0.0001219067672757,0.9999999925552242,0.472733633109098,0.8812053745452718,-0.0925533557397975,0.1139292365601041,0.1467855394848746,0.0,0.0,0.0,0.0,1.0,0.472789011933445,0.881175663642044,5.797262241575087,7,38,False
35,36,SUCCESS,0.07,56.0,93,3,4,0.0,4.984071295892426e-10,0.0,1.0,-0.8133862056618929,0.5817240586729664,-0.0272229067224753,0.0911578231345975,0.0951358784531848,0.0,6.772885997817958,0.1175115910544599,0.0099733337258681,0.9930214290649731,-0.7770084810136854,0.6294901273513395,5.911058426411031,8,38,False
35,34,SUCCESS,0.07,53.7,93,3,4,0.0,7.004472788685772e-11,-4.368749699270988e-12,1.0,-0.8889539655152395,0.4579965580599162,0.0375870602573142,0.1114973190409885,0.11766239523363,0.0,0.0,0.0,0.0,1.0,-0.8889539655144288,0.4579965580614899,4.156379950000032,8,38,False
35,83,SUCCESS,0.07,68.2,93,3,4,0.0003673618451508,5.217897023605225e-06,3.726014086644184e-06,0.9999999999794452,-0.1513285351671126,0.9884835225961917,-0.0905683657723355,0.1709757178479491,0.193482105044092,0.0,0.0,0.0,0.0,1.0,-0.1513328159644657,0.988482867232541,5.278680204931459,8,38,False
83,82,NEIGHBOR_KNOCKED,0.064,57.9,92,3,4,0.0,1.0439997345909975e-09,-6.785430357914956e-11,1.0,0.9986387098200906,0.0521605909558604,-0.0396608360268157,0.0704345596502149,0.080833217846784,24.085903251068373,0.0,2.4713037871548747e-09,-2.0647617413592446e-10,1.0,0.9989377466537036,0.0460801292361592,4.648291689142797,9,38,False
83,36,NEIGHBOR_KNOCKED,0.064,56.0,92,3,4,7.637334809613714,0.1324733233048358,0.0106690004577952,0.9911291495268436,-0.4119160741572435,-0.9112217885075424,0.0572622102184247,0.1277111297875952,0.1399610424036741,7.637399976549523,8.614538585157307,0.1493102005545973,0.0119322772992639,0.988718405193713,-0.413934576940299,-0.910306632961254,4.377136831719292,9,38,False
83,34,NEIGHBOR_KNOCKED,0.064,53.7,92,3,4,0.0,0.0,0.0,1.0,-0.5275560884899013,-0.8495202019359137,0.130400521,0.1388322593520821,0.1904696619251351,0.0,0.0,0.0,0.0,1.0,-0.5275560883333742,-0.8495202020331177,4.156380105142257,9,38,False
7,8,NEIGHBOR_KNOCKED,0.09,84.4,91,3,4,18.95010854384393,-0.1144508880949543,-0.3039080708549864,0.945801712138161,-0.8015580402122617,-0.5979169743125529,0.0779858718865466,0.0356097016901067,0.0857312490773536,1.0878935150776563,0.0096619370923069,9.255479748932972e-05,0.0001409630013959,0.9999999857815208,-0.7465314531047025,-0.6653501255169204,16.224958450873213,10,38,True
7,17,NEIGHBOR_KNOCKED,0.09,51.0,91,3,4,0.0,6.401546204585042e-14,5.971591608754705e-17,1.0,-0.9978465569134544,-0.0655915303676022,-0.1226000631854968,0.1442125209247854,0.1892829276098863,0.0,0.0,0.0,0.0,1.0,-0.9978465568863828,-0.0655915307794409,3.9474004268140823,10,38,False
7,16,NEIGHBOR_KNOCKED,0.09,77.8,91,3,4,0.0268214617527134,-0.0002695263864696,0.0003827459779334,0.9999998904305156,-0.8809813923008134,-0.4731509129439782,-0.1388397351585374,0.1849703612507701,0.2312801474405731,0.0,0.0,0.0,0.0,1.0,-0.8807635321277648,-0.4735563329465923,6.021751116973249,10,38,False
19,18,SUCCESS,0.088,76.2,90,3,4,0.0044119841759899,-7.626608319208018e-05,1.0632344238093338e-05,0.9999999970352188,0.9893884711320448,-0.1452943673753226,-0.0852046710435663,0.1515236372472738,0.173836844806519,0.0,0.0,0.0,0.0,1.0,0.9893885404295744,-0.1452938954899215,5.89788078237342,11,38,False
19,48,SUCCESS,0.088,58.3,90,3,4,0.0,2.611931149626849e-15,4.0050875832136424e-09,1.0,0.2469581499049033,-0.9690261462909796,0.1324155003380603,0.1027028426201531,0.1675760681363505,0.0,0.0,0.0,0.0,1.0,0.246958149002143,-0.96902614652105,4.512419800000006,11,38,False
19,20,SUCCESS,0.088,53.400000000000006,90,3,4,0.0,3.8563478484086036e-11,-3.624814815982174e-11,1.0,0.988555124242512,0.1508600886048775,-0.1121652720617123,0.0500434101202535,0.1228226003353692,0.0,0.0,0.0,0.0,1.0,0.9885551243312428,0.1508600880234437,4.133160000000035,11,38,False
115,114,NEIGHBOR_KNOCKED,0.09,76.30000000000001,95,3,4,19.106102462118063,0.2839946335070333,0.1627405172107291,0.9449140554554104,0.8459695902453737,0.5332311434828938,-0.0025684884863561,0.0793637330748332,0.0794052848409847,65.26138592302667,0.0253529522308775,6.811135751145158e-05,0.0004372189785111,0.9999999021001992,0.8918547510584337,0.4523219019840842,18.01760137221317,1,39,True
115,116,NEIGHBOR_KNOCKED,0.09,54.4,95,3,4,0.0,1.3578503579566891e-11,-3.5373898551556476e-11,1.0,0.9919961564205124,0.1262680705757784,-0.0463343359199537,0.1471153734211163,0.1542394365328712,0.0,0.0,0.0,0.0,1.0,0.9919961564129588,0.126268070635125,4.210559998762166,1,39,False
115,61,NEIGHBOR_KNOCKED,0.09,48.9,95,3,4,0.0,-8.370486201032362e-14,4.085594455265795e-14,1.0,-0.7915618206825253,0.6110890966444791,-0.187449052421256,0.2436489696416327,0.3074117233630755,0.0,0.0,0.0,0.0,1.0,-0.7915618207271152,0.6110890965867205,3.78485959876218,1,39,False
95,96,SUCCESS,0.09,57.2,94,2,3,0.0,2.342701323434537e-15,9.051346022360711e-16,1.0,-0.8719017429968571,0.4896808660332182,0.1301211415878861,0.0317764359836308,0.1339449639663862,0.0,0.0,0.0,0.0,1.0,-0.8719017429968543,0.4896808660332233,4.427280000000006,2,39,False
95,108,SUCCESS,0.09,88.4,94,2,3,0.5268298584152268,0.009194786061427,0.0,0.9999577270611416,-0.8496179509519145,0.5273986513257977,-0.2376618935913599,0.1021516487319054,0.2586853977403391,0.0,0.0,0.0,0.0,1.0,-0.856587428179408,0.5160019165516612,6.855604979750831,2,39,False
116,114,SUCCESS,0.052,76.30000000000001,93,1,2,0.0,-1.7850045152470107e-09,-1.1458271461857345e-08,1.0,-0.9972823179131513,0.0736748150847509,0.0203585114894962,0.0956189707050852,0.0977622450067913,0.0,0.0,0.0,0.0,1.0,-0.9972823177074056,0.0736748178697806,5.905620000000026,3,39,False
3,4,SUCCESS,0.096,78.0,92,3,4,0.0550465841408647,-0.0009559182261022,-9.61735634704116e-05,0.9999995384853888,-0.6651383845849909,0.7467201144683788,-0.0630607781306519,0.1174275305253957,0.1332887341966156,0.0,0.0,0.0,0.0,1.0,-0.6646061164355885,0.7471938904972423,6.037329635150646,4,39,False
3,79,SUCCESS,0.096,48.4,92,3,4,0.0,-1.1577978441436821e-14,-8.859670459534263e-14,1.0,-0.0017675537438305,0.9999984378756612,-0.2603895621625832,0.1233032423813721,0.2881083366808069,0.0,0.0,0.0,0.0,1.0,-0.0017675539060032,0.9999984378753743,3.746160099999951,4,39,False
3,80,SUCCESS,0.096,55.9,92,3,4,0.0,-2.0280057098433207e-10,-2.6654057066663467e-11,1.0,-0.3474872663971544,0.9376847016411396,-0.2772264501560406,0.1436257365855003,0.3122224477449486,0.0,0.0,0.0,0.0,1.0,-0.3474872659947546,0.9376847017902608,4.326660099999852,4,39,False
4,79,SUCCESS,0.076,48.4,91,3,4,0.0,0.0,0.0,1.0,0.9092602979957596,0.4162279549581725,-0.192680525,0.085547368637405,0.2108177814963901,0.0,0.0,0.0,0.0,1.0,0.9092602979957596,0.4162279549581725,3.7461599999999984,5,39,False
4,80,SUCCESS,0.076,55.9,91,3,4,0.0,0.0,0.0,1.0,0.5132428713985623,0.8582434124178052,-0.2106784129999999,0.0547394967677649,0.2176736231392924,0.0,0.0,0.0,0.0,1.0,0.5132428713985623,0.8582434124178052,4.32666000000001,5,39,False
4,52,SUCCESS,0.076,53.900000000000006,91,3,4,0.0,3.4333935174713466e-11,-4.058723523273372e-12,1.0,0.8268188683546462,0.5624682737121642,-0.147986017994569,0.2080432203348718,0.2553073501667998,0.0,0.0,0.0,0.0,1.0,0.8268188683436957,0.5624682737282617,4.171859999999972,5,39,False
60,61,SUCCESS,0.054,48.9,90,1,2,0.0,0.0,0.0,1.0,0.9995059429381116,0.0314303997969548,-0.0091097038634777,0.1570510961758786,0.157315077200265,0.0,0.0,0.0,0.0,1.0,0.9995059429381116,0.0314303997969548,3.784859999999997,6,39,False
52,51,SUCCESS,0.052,51.8,89,3,4,0.0,6.581127412006939e-12,8.595633465868125e-13,1.0,0.9037744891692884,0.4280089633720205,0.0578036543005244,0.0830371240825724,0.10117522634716,0.0,0.0,0.0,0.0,1.0,0.903774489169586,0.428008963371392,4.009319999999997,7,39,False
52,79,SUCCESS,0.052,48.4,89,3,4,0.0,0.0,0.0,1.0,-0.7567009942986508,-0.6537611224502671,-0.043843107,0.124526378067385,0.1320190776592336,0.0,0.0,0.0,0.0,1.0,-0.7567009964120344,-0.6537611200041146,3.7461597000000775,7,39,False
52,80,SUCCESS,0.052,55.9,89,3,4,0.0,0.0,0.0,1.0,-0.8991784199378596,-0.4375821855583864,-0.063001995,0.1600565580854865,0.172009747282393,0.0,0.0,0.0,0.0,1.0,-0.8991784192135052,-0.4375821870468473,4.326659700000018,7,39,False
79,80,NEIGHBOR_KNOCKED,0.05,55.9,88,3,4,0.0,0.0,0.0,1.0,-0.9747951719523016,0.2231017094028697,-0.0203198879999999,0.050974983698864,0.0548757397347134,0.2304923000056897,0.0,-3.4946676639905e-12,3.116242657569623e-12,1.0,-0.9748319134543616,0.2229411144470852,4.3266612384043714,8,39,True
79,34,NEIGHBOR_KNOCKED,0.05,53.8,88,3,4,0.0,-2.193674167127432e-12,6.582154661873174e-12,1.0,-0.9954673218954492,-0.0951042114645943,-0.0358981604997145,0.1832379747562458,0.1867212717395472,0.0,0.0,0.0,0.0,1.0,-0.9954673218680776,-0.095104211751093,4.164120028582122,8,39,False
79,35,NEIGHBOR_KNOCKED,0.05,72.9,88,3,4,0.0031269206578629,3.432772904683727e-05,-4.2426928147889095e-05,0.9999999985107814,-0.825789164610515,-0.5639789496176856,-0.086919865282775,0.1651945396546876,0.1866662768485511,0.0,0.0,0.0,0.0,1.0,-0.825813016592572,-0.5639440234866192,5.642460319550071,8,39,False
34,35,SUCCESS,0.054,72.9,87,2,3,0.0,0.0,0.0,1.0,0.5190254168683709,-0.8547588061228816,-0.0539776544,0.0886028782125379,0.1037499744678121,0.0,0.0,0.0,0.0,1.0,0.5190254168683709,-0.8547588061228816,5.642460000000002,9,39,False
34,80,SUCCESS,0.054,55.9,87,2,3,0.0,0.0,0.0,1.0,0.9772781582426592,0.2119608487948557,0.0152532262999999,0.1358162319299915,0.1366700763452639,0.0,0.0,0.0,0.0,1.0,0.9772781585476962,0.2119608473884369,4.326659999999986,9,39,False
35,80,SUCCESS,0.07,55.9,86,2,3,0.0,0.0,0.0,1.0,0.6386257673210789,0.7695174652427086,0.0718624807,0.1358277345492521,0.1536664882306483,0.0,0.0,0.0,0.0,1.0,0.6386257673210789,0.7695174652427086,4.326659999999996,10,39,False
35,111,SUCCESS,0.07,85.5,86,2,3,0.0,-2.9680455856628723e-09,0.0,1.0,0.983742087218028,-0.1795870425056265,-0.168707747319303,0.1093581882411404,0.2010510316833478,0.0,0.0,0.0,0.0,1.0,0.9837420867621344,-0.1795870450029225,6.617700299999988,10,39,False
24,23,NEIGHBOR_KNOCKED,0.086,73.3,85,3,4,0.0027080708191034,-4.47146746456751e-05,-1.5315173116117946e-05,0.9999999988830216,0.9976888544508252,0.0679481398170694,-0.0519715952600912,0.0659326833324484,0.0839533527936535,44.786173240787726,0.0100566556761082,-0.0001745712015511,1.824228637005777e-05,0.9999999845960572,0.9994755603337392,0.0323821601434824,13.185579910345687,11,39,True
24,84,NEIGHBOR_KNOCKED,0.086,45.3,85,3,4,0.0,-5.378387144308876e-16,1.075677428861775e-15,1.0,0.7890668941908298,0.6143072818158987,-0.0709322881967156,0.1031193931007076,0.1251598927064105,14.965589348072466,0.0,-9.748326699059844e-16,0.0,1.0,0.7928600544516126,0.6094037529052359,3.5174001930691934,11,39,False
24,14,NEIGHBOR_KNOCKED,0.086,48.9,85,3,4,0.0,-1.9830080404826666e-13,0.0,1.0,-0.5467581787121475,-0.8372905672533134,-0.064421838396687,0.2632654622455702,0.2710329811550295,0.0,0.0,0.0,0.0,1.0,-0.5467581775299009,-0.837290568025331,3.784860015277077,11,39,False
76,78,APPROACH_BLOCKED,0.062,66.10000000000001,84,3,4,4.649736246470542e-05,1.6782105734677108e-12,8.11506696604251e-07,0.9999999999996708,0.9008074063176224,-0.4342188580926881,0.0655622508361617,0.0847513970273936,0.1071503991257087,0.0,0.0,0.0,0.0,1.0,0.9008075108552462,-0.4342186412244129,5.116140000078111,12,39,False
76,77,APPROACH_BLOCKED,0.062,81.5,84,3,4,29.557677907708285,-0.4636458963803783,-0.1684542987002842,0.8698595472942922,0.9513460825667108,0.3081243761615964,0.1131848286774974,0.0416290478206407,0.1205976080409874,115.83340779511715,0.050097020132313,-0.0005396260605583,-0.0006879719025376,0.9999996177491148,0.9985547807240104,0.053743370690936,35.49641397840991,12,39,False
76,90,APPROACH_BLOCKED,0.062,59.0,84,3,4,0.0,4.129507417579525e-15,2.226541718387087e-09,1.0,-0.9721916232790192,-0.2341867793580709,-0.1126935867737935,0.1415270347607411,0.1809136425704555,0.0,0.0,0.0,0.0,1.0,-0.9721916228324992,-0.2341867812117318,4.566599600000018,12,39,False
56,39,SUCCESS,0.056,85.5,84,3,4,0.1512401042808202,0.0014567977943374,-0.0022012295693275,0.999996516158216,-0.4715085553874646,-0.8818614869674413,-0.0494979146669872,0.149059584751042,0.1570630553711897,0.0,4.577120519672444,-0.0678346257791696,0.0420314680336942,0.9968108241990216,-0.5230720681760483,-0.8522884555677328,7.886087379189123,13,39,False
56,38,SUCCESS,0.056,53.3,84,3,4,0.0,-2.130464011342704e-11,-4.305085085679315e-12,1.0,-0.3234314653029856,-0.9462515982823826,0.0371494844816682,0.1521494626262864,0.1566191022025136,0.0,0.0,0.0,0.0,1.0,-0.3234314653037781,-0.9462515982821116,4.1254200000000045,13,39,False
56,58,SUCCESS,0.056,60.0,84,3,4,0.0,1.58477839673571e-08,-1.201332553254586e-09,1.0,0.1520584386775534,-0.9883715046615544,-0.0439669044719294,0.2357616677360872,0.2398262968536707,0.0,0.0,0.0,0.0,1.0,0.1520584320124677,-0.9883715056869606,4.644000000000077,13,39,False
39,38,APPROACH_BLOCKED,0.086,53.3,83,3,4,0.0,0.0,0.0,1.0,0.8575190334791786,-0.5144522399804821,0.0918225571926454,0.0247048980081076,0.0950879277037187,0.0927383988893064,0.0,-6.831800062723522e-14,-7.342458061759906e-14,1.0,0.8576550264320776,-0.5142254910404503,4.125433964175563,14,39,False
39,55,APPROACH_BLOCKED,0.086,52.1,83,3,4,0.0,-5.845511939471984e-13,0.0,1.0,-0.9038507641688908,0.4278478656150012,-0.0235968459072834,0.1347075285706857,0.136758653804409,0.0,0.0,0.0,0.0,1.0,-0.9038507641973914,0.4278478655547924,4.032539660198689,14,39,False
39,58,APPROACH_BLOCKED,0.086,60.0,83,3,4,0.0,0.0,0.0,1.0,0.72219059257202,-0.6916941144758098,0.0096690073926453,0.1471140644240931,0.1474314676564513,0.0,0.0,0.0,0.0,1.0,0.7221905925695365,-0.6916941144784028,4.6439999601987285,14,39,False
58,38,SUCCESS,0.058,53.3,83,2,3,0.0,0.0,0.0,1.0,-0.6906859249577532,0.7231548610534627,0.0831907012,0.1231455902408935,0.1486120088079214,0.0,0.0,0.0,0.0,1.0,-0.6906859249577532,0.7231548610534627,4.125419999999991,15,39,False
58,39,SUCCESS,0.058,85.5,83,2,3,12.727924162207271,-0.1873405375928562,0.1159531827090875,0.975427281961117,-0.720776950577279,0.6931670704213512,0.0323971301745664,0.1537740840972201,0.1571497470042084,12.976856101142763,12.097458281541495,-0.1792931076571133,0.1085160841257749,0.9777925347601416,-0.7217319782429599,0.692172631343875,6.621358225223509,15,39,False
55,39,SUCCESS,0.054,85.5,82,2,3,10.614185619807312,-0.1577090923025034,0.0951605582283936,0.9828897752865176,0.901993624799056,-0.431749349532642,-0.0060504734354889,0.1302223981272484,0.1303628827650154,10.59238197811006,8.18904847401271,-0.1220503557872624,0.0734356291786737,0.9898034749481004,0.9024773563558226,-0.430737299598033,6.97372390371098,16,39,False
55,38,SUCCESS,0.054,53.3,82,2,3,0.0,0.0,0.0,1.0,0.8972551777025641,-0.4415123396757334,0.1069827942,0.1593136195279617,0.1919014007815985,0.0,0.0,0.0,0.0,1.0,0.8972551778098071,-0.4415123394577907,4.125419985661128,16,39,False
0,66,SUCCESS,0.058,83.4,81,1,2,0.0543201989016704,0.0003019972741302,0.0008986807700726,0.999999550585159,-0.2430612049462241,-0.970010953881496,-0.1189383036832525,0.1498470557224546,0.1913124674236836,0.0,0.0,0.0,0.0,1.0,-0.2431414934656332,-0.9699908319954892,6.455295131622126,17,39,False
53,54,SUCCESS,0.082,84.5,80,3,4,2.093764566980604,0.0298865525951003,-0.0210142034334844,0.9993323757529504,-0.2357704104752508,-0.9718087844552196,0.0705964490212455,0.0382906938832516,0.0803121152284647,0.0,0.0,0.0,0.0,1.0,-0.216408313900321,-0.9763029456448546,6.741184391939316,18,39,True
53,67,SUCCESS,0.082,80.3,80,3,4,3.481612262591324,-0.0607280953067555,0.000117215485321,0.998154339118427,0.752984472485621,0.6580382847491102,-0.1563266719636304,0.1682837440498959,0.2296898928526795,3.5778598685599627,4.064257605588724,-0.0708752037530641,-1.0243793011959442e-05,0.9974851905607554,0.7475420998078118,0.6642144299960123,6.234261600227267,18,39,False
53,66,SUCCESS,0.082,83.4,80,3,4,3.891216049794569,0.0678614548756627,-0.0003458240052243,0.9976946944571348,0.8842907985485052,0.4669365948417911,-0.0930461560648092,0.2370478783516706,0.2546552253331262,3.850925443987668,4.5492002344557205,0.0793151205904293,2.8401333428629875e-05,0.9968495928870564,0.8857168837326275,0.4642258091392195,6.485841331247565,18,39,False
68,66,NEIGHBOR_KNOCKED,0.09,83.4,79,3,4,11.088410973342466,0.0663626957954929,0.1805112558381887,0.9813315846962608,-0.2349168396721143,0.9720154723246264,0.0671803790486491,0.0398999542996414,0.078135841214091,4.777774973356936,5.872716313728424,0.1023187951579327,0.000112912571926,0.9947516531316648,-0.2151993055792629,0.9765701505156724,10.456151576855364,19,39,True
68,67,NEIGHBOR_KNOCKED,0.09,80.3,79,3,4,6.386102607971922,-0.1110941966981723,-0.0054517822282855,0.9937949273016656,-0.8582573834568205,0.5132195083410723,0.0269387636316154,0.081136796793462,0.0854919690959542,5.4673119799863565,5.784106170595372,-0.1007786722684755,-0.0005751974768674,0.99490870353197,-0.8568626331735731,0.5155447874538647,6.233411156272648,19,39,True
68,91,NEIGHBOR_KNOCKED,0.09,55.2,79,3,4,0.0,7.20660762549141e-11,8.977109243506027e-11,1.0,0.9716522083631296,-0.2364148599032078,-0.182312060864229,0.1312064997079713,0.2246170810561392,0.0,0.0,0.0,0.0,1.0,0.97165220819043,-0.2364148606129937,4.2724797021813465,19,39,False
41,40,NEIGHBOR_KNOCKED,0.088,48.0,78,3,4,4.737050952219753,-0.0479836146855016,-0.0672125062155169,0.9965841919928,-0.5755403632445534,-0.8177733734209786,0.0374761773251783,0.0555778823108856,0.067032565735401,0.0901898345914064,0.0,4.80694171699355e-16,1.3254717351111885e-15,1.0,-0.5769034915704729,-0.8168123171290926,4.263335401276491,20,39,False
41,42,NEIGHBOR_KNOCKED,0.088,53.900000000000006,78,3,4,3.0953510949663574,-0.0050697438395375,-0.0537592720281844,0.9985410549238328,-0.07420101241956,-0.9972433051948316,-0.002177177391493,0.0722187068673576,0.0722515170981714,0.3670302061698975,0.0,-3.672695024679378e-13,8.401996156458823e-13,1.0,-0.073636966097542,-0.997285113307097,4.438812723500822,20,39,False
41,94,NEIGHBOR_KNOCKED,0.088,52.1,78,3,4,0.0,5.23757869776689e-14,-8.642004851315369e-13,1.0,-0.7751267886968054,-0.6318057149508685,-0.0779493983454243,0.2046487212726824,0.2189913418858328,0.0,0.0,0.0,0.0,1.0,-0.7751267896755014,-0.6318057137501616,4.032540394203144,20,39,False
42,40,APPROACH_BLOCKED,0.054,48.0,77,2,3,0.0,0.0,0.0,1.0,-0.7472608651759417,0.6645308114576052,0.0397948583,0.036478058025419,0.0539840667643974,0.0,0.0,0.0,0.0,1.0,-0.7472608651759417,0.6645308114576051,3.7152000000000087,21,39,True
42,94,APPROACH_BLOCKED,0.054,52.1,77,2,3,0.0,0.0,0.0,1.0,-0.9331233506627264,-0.3595564106617575,-0.071642788,0.1644449920699452,0.1793734776640551,0.0,0.0,0.0,0.0,1.0,-0.9331233508199596,-0.3595564102537054,4.032539700000023,21,39,False
94,42,SUCCESS,0.056,53.900000000000006,77,2,3,0.0,0.0,0.0,1.0,0.9331233506626564,0.3595564106619388,0.0797078677,0.1644449920699438,0.182744355836684,0.0,0.0,0.0,0.0,1.0,0.9331233506626564,0.3595564106619388,4.17186,22,39,False
94,40,SUCCESS,0.056,48.0,77,2,3,0.0,0.0,0.0,1.0,0.8343557642465647,0.5512263225468563,0.112072326,0.1512410441773005,0.1882393680899148,0.0,0.0,0.0,0.0,1.0,0.8343557642465647,0.5512263225468563,3.715200000000016,22,39,False
25,26,SUCCESS,0.078,50.2,76,3,4,0.0,-1.7020891798677937e-12,-5.785258917600256e-13,1.0,0.8739865202087469,0.4859501646191773,0.0289652803535641,0.0931722347538552,0.0975707578887654,0.0,0.0,0.0,0.0,1.0,0.8739865202087465,0.4859501646191785,3.8854800000000176,23,39,False
25,49,SUCCESS,0.078,75.1,76,3,4,0.0013225587619443,-2.3083006051041445e-05,0.0,0.9999999997335874,-0.3582080687682834,0.9336417832709164,-0.0678363707103175,0.0906918132133365,0.1132553670916762,0.0,0.0,0.0,0.0,1.0,-0.3581835253884646,0.933651199399589,5.812740150944923,23,39,False
25,48,SUCCESS,0.078,85.5,76,3,4,0.0256347709038932,0.0003164180331864,-0.000316316861323,0.9999998999116309,-0.9804756181526212,0.1966406931645525,-0.0364398991161126,0.1517145687333133,0.1560294094506793,0.0,0.0,0.0,7.124004024479296e-17,1.0,-0.980448274510754,0.1967769829245415,6.617730761528659,23,39,False
81,82,SUCCESS,0.056,54.7,75,1,2,0.0,8.220899557188534e-11,9.530753547806986e-12,1.0,0.9784992853749688,0.2062502085348649,-0.0746589947945721,0.0658663545020623,0.0995607460755859,0.0,0.0,0.0,0.0,1.0,0.9784992853724408,0.2062502085468588,4.233780000000007,24,39,False
19,18,SUCCESS,0.052,56.1,73,2,3,0.0,2.422989581411156e-11,0.0,1.0,-0.9839447454877766,0.1784733532687566,-0.0031833751018902,0.0792850062530082,0.0793488884205626,0.0,0.0,0.0,0.0,1.0,-0.9839447454881188,0.1784733532668708,4.342139999999996,26,39,False
19,8,SUCCESS,0.052,81.69999999999999,73,2,3,0.0009603025695808,-1.6760438669385063e-05,0.0,0.9999999998595438,-0.4713380070873155,-0.8819526535335996,-0.0810009164181942,0.1891848468640439,0.2057961485148812,0.0,0.0,0.0,5.96428243909895e-16,1.0,-0.4713292174134013,-0.8819573509033589,6.32358021282286,26,39,False
99,5,SUCCESS,0.054,82.8,72,2,3,0.1394542136124104,-0.0002779239664212,0.0024180130370205,0.999997037981224,-0.5099770099787061,0.8601880313589456,0.0472558076052815,0.1822218496963492,0.188249605203268,0.0,0.0,0.0,0.0,1.0,-0.5099778127935838,0.8601875553960732,6.409605121290257,27,39,False
99,6,SUCCESS,0.054,48.9,72,2,3,0.0,2.5908647765100182e-14,0.0,1.0,-0.8288339859478907,0.559494614574378,0.0205502482199959,0.1887616528184504,0.1898769977555381,0.0,0.0,0.0,0.0,1.0,-0.828833985947891,0.5594946145743775,3.784860019999999,27,39,False
29,30,SUCCESS,0.088,53.1,71,3,4,0.0,-2.2835602476517887e-12,1.2021913760889013e-11,1.0,0.1842560522788363,-0.9828782768983242,-0.1670381193600295,0.0827377430237383,0.1864061893822134,0.0,0.0,0.0,0.0,1.0,0.1842560522789051,-0.9828782768983112,4.109940000000006,28,39,False
29,69,SUCCESS,0.088,74.89999999999999,71,3,4,0.0067124761360136,-2.714250765473021e-05,-0.0001139672485497,0.9999999931373752,-0.4376936726864524,-0.8991241565491638,-0.3186625840527295,0.0688042504825445,0.3260059314792104,0.0,0.0,0.0,0.0,1.0,-0.4378140457697566,-0.8990655489599839,5.797261825993406,28,39,False
29,70,SUCCESS,0.088,94.8,71,3,4,0.6675857667067975,-0.0036724215825311,0.0110574071129742,0.9999321212300654,-0.9759216243909477,-0.2181214868969447,-0.3232479644241707,0.1305569571603987,0.3486177929586385,0.0,0.0,0.0,0.0,1.0,-0.9680372269714418,-0.2508065533383068,7.360601966301425,28,39,False
30,69,SUCCESS,0.058,74.89999999999999,70,1,2,0.0,0.0,0.0,1.0,-0.9186830511695796,0.3949955081943987,-0.15500697,0.0493644762927369,0.1626776329685095,0.0,0.0,0.0,0.0,1.0,-0.9186830511695796,0.3949955081943987,5.797259999999999,29,39,False
71,69,APPROACH_BLOCKED,0.058,74.89999999999999,69,2,3,0.0,0.0,0.0,1.0,0.997938446715776,0.0641783185079198,0.0789642936999999,0.0458560538577654,0.0913134018364563,0.0,0.0,0.0,0.0,1.0,0.997938446715776,0.0641783185079198,5.797259999999999,30,39,False
71,70,APPROACH_BLOCKED,0.058,94.8,69,2,3,0.0,0.0,0.0,1.0,-0.8421894331111903,0.5391817492792684,0.0827735756999999,0.0595592798586492,0.1019743725229262,0.0,0.0,0.0,0.0,1.0,-0.8421894328824636,0.5391817496365343,7.337520000000014,30,39,True
54,52,NEIGHBOR_KNOCKED,0.078,65.19999999999999,89,3,4,7.874093258053844,-0.1363277021810235,-0.0135219789779988,0.99057150862649,0.6053324200194053,-0.795972776716296,-0.0674727440279478,0.0547618365369517,0.0868989639038394,16.24470205701964,4.716206467819788,-0.0821852613589622,0.0024038942599265,0.9966141701319252,0.6905363307181238,-0.7232977090785991,5.584372290294408,1,40,False
54,53,NEIGHBOR_KNOCKED,0.078,81.60000000000001,89,3,4,0.0275530660508075,-5.117318499248779e-05,-0.0004781612022947,0.9999998843715784,0.8318128181920501,-0.5550562453404153,-0.0055605169116133,0.0954532959112179,0.0956151193516949,10.716615089436225,2.005653951634323,0.0335310572568017,-0.0100267819940226,0.9993873782683498,0.8350875704935937,-0.5501170326458789,6.281689083236516,1,40,True
54,99,NEIGHBOR_KNOCKED,0.078,50.9,89,3,4,0.0,-3.878390367790466e-13,0.0,1.0,0.1307619336270694,-0.9914137969153496,-0.2586498447018971,0.094822317747805,0.2754832374344784,0.0,0.0,0.0,0.0,1.0,0.1307619335261858,-0.9914137969286556,3.9396596357030855,1,40,False
99,98,SUCCESS,0.052,90.1,88,1,2,0.730555318941882,0.012594885891317,0.0019843712751826,0.9999187122561648,-0.7913860244779338,-0.6113167429909077,-0.0660020499133291,0.0849266459138095,0.1075583831178731,0.0,0.0,0.0,0.0,1.0,-0.7964430031251168,-0.6047136039258957,6.99989329256812,2,40,True
74,75,SUCCESS,0.056,70.1,87,3,4,4.236300601823664e-05,-3.6280075010014185e-08,7.384313401111226e-07,0.9999999999997268,-0.9973454477738264,-0.0728152305827967,0.0305234498199593,0.1199844824282804,0.1238061267163055,0.0,0.0,0.0,0.0,1.0,-0.9973454435550112,-0.0728152883676086,5.425739999992147,3,40,False
74,73,SUCCESS,0.056,60.1,87,3,4,43.99162275701551,-0.4692730495891794,0.5120419278939156,0.7194413589778904,0.5293450578707823,-0.8484066299291737,0.1494193672457446,0.071058582808895,0.1654553398924534,0.0,0.0,0.0,0.0,1.0,-0.7195773918298595,0.6944122530365783,24.191392212046576,3,40,False
74,98,SUCCESS,0.056,90.1,87,3,4,0.0,0.0,0.0,1.0,0.973060336680445,-0.2305506043786027,-0.0283697270999999,0.1974589002809057,0.1994864875520975,0.0,0.0,0.0,0.0,1.0,0.973060336680445,-0.2305506043786027,6.973739970000007,3,40,False
11,10,SUCCESS,0.084,55.0,86,3,4,0.0,-1.1960754462956592e-10,1.9559715965275277e-11,1.0,0.6225161686354252,0.7826069382438868,0.0794295317806013,0.0675175462809949,0.1042481154491143,0.0,0.0,0.0,0.0,1.0,0.6225161685764462,0.7826069382908009,4.256999999999983,4,40,False
11,44,SUCCESS,0.084,59.3,86,3,4,0.0,2.829936328880087e-09,0.0,1.0,-0.8492126763819888,0.5280509731760178,-0.012541362257797,0.1424723558810156,0.143023277677335,0.0,0.0,0.0,0.0,1.0,-0.849212676638528,0.5280509727634513,4.5898203,4,40,False
11,84,SUCCESS,0.084,80.4,86,3,4,0.0531775542300409,-0.0001745802215192,0.0009115561211296,0.9999995692934992,0.8289268113223076,0.5593570786814372,-0.1057311160422814,0.0279824859671265,0.1093713327177045,0.0414268203261528,9.60941108168529e-05,-1.4865305289431429e-06,7.76531440358815e-07,0.9999999999985936,0.8315814624287864,0.5554028009875364,6.223105813488503,4,40,False
116,70,SUCCESS,0.056,90.9,85,1,2,0.3817695414546941,0.0008957713837336,0.0066025988098738,0.999977801394903,0.8422638128827756,-0.5390655521438638,0.0856713851117549,0.1634961638096601,0.1845821817170927,0.0,0.0,0.0,0.0,1.0,0.8429419693440349,-0.5380044947009271,7.04271521459564,5,40,False
84,85,SUCCESS,0.076,84.4,84,3,4,6.59999417635871,-0.0923844013278763,-0.0683787082705272,0.9933727772828004,-0.8763899894385206,0.4816021038284088,-0.0379638219946415,0.1207653412909435,0.1265919406501018,6.584030529422376,7.815913533278405,-0.1092401338632663,-0.0809942886668659,0.9907101081329918,-0.8839608800234426,0.4675608651161699,6.631331186826719,6,40,False
84,89,SUCCESS,0.076,53.0,84,3,4,20.47817962063464,0.2814623933020439,0.2077844764980985,0.9368054934099695,-0.3133939597181461,0.9496232021239692,-0.0482184447095382,0.1169793625994152,0.1265274266093018,20.503624061136097,23.704538540405643,0.3229366815302953,0.2394414901361762,0.9156307511893472,-0.2898203110291196,0.9570810766674808,4.518626814181341,6,40,False
84,3,SUCCESS,0.076,54.0,84,3,4,0.0,-2.833002680414684e-12,0.0,1.0,-0.9144513995795012,0.4046957348516182,-0.1555505269998019,0.0764344794073221,0.1733153083030592,0.0,0.0,0.0,0.0,1.0,-0.9144513996507292,0.4046957346906716,4.17959990759817,6,40,False
89,85,NEIGHBOR_KNOCKED,0.052,84.4,83,3,4,17.119536161505195,-0.0122307161410699,-0.2941120064683591,0.955692700209556,-0.7009119877031368,-0.713247772863006,0.0239131019828925,0.0633350313761038,0.0676990594163337,16.393941679807348,11.06478259176469,0.1414077396369953,-0.12975617561049,0.9814108141149124,-0.6974882195258031,-0.7165962486803327,13.136340231296016,7,40,True
89,88,NEIGHBOR_KNOCKED,0.052,84.5,83,3,4,32.240709418026654,0.341607531431376,0.4097589560458293,0.845814336843254,-0.9876631082448972,0.1565936927594103,0.0068004678199313,0.0822476719116378,0.0825283339069336,32.20976828298427,11.22155279514337,-0.1463174275911451,0.1283030419725069,0.9808820213479862,-0.997450222993255,0.0713656265348088,30.43041103464303,7,40,True
89,3,NEIGHBOR_KNOCKED,0.052,54.0,83,3,4,0.0,0.0,0.0,1.0,-0.2455567536259318,-0.9693822160266266,-0.0965893098454265,0.0727659530100192,0.1209312974125066,0.0,0.0,0.0,0.0,1.0,-0.2455567532600482,-0.9693822161193096,4.179600149232465,7,40,False
97,69,SUCCESS,0.05,61.400000000000006,82,2,3,1.2074182697257331e-06,-9.431238319124772e-09,0.0,0.9999999999999998,0.7325025588205698,0.6807642773540028,0.0678732449760528,0.1916429310995976,0.2033071332344844,0.0,0.0,0.0,0.0,1.0,0.7325025580702217,0.6807642781613776,4.752360000000008,8,40,False
97,68,SUCCESS,0.05,58.5,82,2,3,0.0,1.6215291457912736e-09,-3.7275647425690444e-10,1.0,0.7405041614176948,0.6720517739899781,-0.0381548562905102,0.220460458862782,0.2237378085629201,0.0,0.0,0.0,0.0,1.0,0.7405041611201069,0.6720517743178772,4.527900199999976,8,40,False
111,109,SUCCESS,0.048,52.2,81,2,3,0.0,3.36523210797731e-13,-6.838048959489817e-12,1.0,0.8747618846909296,0.4845530364077524,-0.0773963482002199,0.0728354983819937,0.1062788997839321,0.0,0.0,0.0,0.0,1.0,0.8747618846865504,0.4845530364156584,4.040280000000007,9,40,False
111,110,SUCCESS,0.048,57.2,81,2,3,0.0,-3.518419632310078e-09,0.0,1.0,0.9849600635700694,-0.1727821552477131,-0.1179672586810246,0.1388037292717926,0.1821613278950087,0.0,0.0,0.0,0.0,1.0,0.9849600636839948,-0.1727821545982711,4.427280000000035,9,40,False
91,105,SUCCESS,0.076,51.5,80,3,4,0.0,5.447149040688608e-12,0.0,1.0,0.434250841899256,-0.900791988369006,-0.1276793474999682,0.1304404057503206,0.182528669611998,0.0,0.0,0.0,0.0,1.0,0.4342508418939356,-0.9007919883715708,3.986100000000006,10,40,False
91,106,SUCCESS,0.076,83.8,80,3,4,0.3206119308613221,-0.0055906303473822,0.0002382486654485,0.9999843439223898,0.0322599146731688,-0.9994795134995412,-0.0684264398284189,0.1568036481294246,0.171083493459447,0.0,0.0,0.0,0.0,1.0,0.0363893160504174,-0.9993376895110996,6.490830228852302,10,40,False
91,34,SUCCESS,0.076,60.400000000000006,80,3,4,0.0,-7.843287450900337e-09,3.7406296017092204e-10,1.0,-0.9969334509098036,0.0782540379601599,-0.1338033121314912,0.1744007371271619,0.2198157033695607,0.0,0.0,0.0,0.0,1.0,-0.996933451011778,0.0782540366610355,4.67496000000012,10,40,False
6,5,APPROACH_BLOCKED,0.086,52.3,79,3,4,0.0,1.3036886500529298e-12,0.0,1.0,0.6975476828800194,-0.7165383661107867,0.0853395130844709,0.0422065313322302,0.0952062171320398,0.0,0.0,0.0,0.0,1.0,0.6975476828809004,-0.7165383661099292,4.0480200000000135,11,40,False
6,38,APPROACH_BLOCKED,0.086,82.3,79,3,4,0.0150528132024697,-0.0001748880331113,0.000196052488009,0.9999999654887984,0.7953435615697815,-0.6061589057907961,-0.1386760779734242,0.0693485434975895,0.1550492666455676,0.0,0.0,0.0,0.0,1.0,0.7952626615361806,-0.6062650403630331,6.370030052600869,11,40,False
6,39,APPROACH_BLOCKED,0.086,85.2,79,3,4,0.2345743840685716,0.0027006124559088,0.0030770465366617,0.9999916192033682,0.7155298230522168,-0.6985821872355917,-0.217807582956531,0.1660637719092253,0.273892897925604,0.0,0.0,0.0,0.0,1.0,0.7109329666555584,-0.7032597791160297,6.597032045366188,11,40,False
36,35,SUCCESS,0.084,57.3,79,3,4,0.0,8.8965467118104e-10,-2.3110108299089682e-10,1.0,-0.7914195583243696,0.6112733289631243,-0.0398351175799631,0.077427127492397,0.0870735129895044,0.0,0.0,0.0,0.0,1.0,-0.791419558530877,0.6112733286957577,4.435020000000005,12,40,False
36,119,SUCCESS,0.084,66.10000000000001,79,3,4,0.0001070286229679,-9.609947119737154e-07,-1.601922303242724e-06,0.9999999999982552,-0.0766523393324529,-0.9970578814065224,0.0184096229641122,0.1440437681802467,0.1452154308923312,0.0,0.0,0.0,0.0,1.0,-0.0766522278084419,-0.9970578899803174,5.116140000404293,12,40,False
36,118,SUCCESS,0.084,78.0,79,3,4,0.0455860770244551,-0.0001608339514437,0.0007792014166338,0.999999683488746,-0.4703719494513116,-0.8824682595818235,-0.0276138025327558,0.145341643495511,0.1479415946388785,0.0,0.0,0.0,0.0,1.0,-0.4701496784328888,-0.8825866982169238,6.037289157201751,12,40,False
35,118,SUCCESS,0.054,78.0,78,3,4,0.0,0.0,0.0,1.0,-0.0402515406147509,-0.999189578347442,0.0091059226,0.1757870926661368,0.1760227819755448,0.0,0.0,0.0,0.0,1.0,-0.0402515406147509,-0.999189578347442,6.0372,13,40,False
35,119,SUCCESS,0.054,66.10000000000001,78,3,4,0.0,0.0,0.0,1.0,0.2544284607041759,-0.967091597721593,0.0568822598,0.197446738705893,0.2054770208698478,0.0,0.0,0.0,0.0,1.0,0.2544284607041759,-0.967091597721593,5.116139999999998,13,40,False
35,34,SUCCESS,0.054,60.400000000000006,78,3,4,0.0,0.0,0.0,1.0,0.9707036846740528,-0.2402797464627785,0.122575602,0.1740123743907687,0.2128499110800271,0.0,0.0,0.0,0.0,1.0,0.9707036848425912,-0.2402797457819016,4.67496000000002,13,40,False
39,38,SUCCESS,0.086,82.3,77,3,4,0.0,0.0,0.0,1.0,-0.6439118860990352,0.7650996555615373,0.0795599809999999,0.0977082535021312,0.1260027514745496,0.0,0.0,0.0,0.0,1.0,-0.6439118860990352,0.7650996555615373,6.370020000000004,14,40,False
39,118,SUCCESS,0.086,78.0,77,3,4,0.0,0.0,0.0,1.0,0.7583523893449228,0.6518448078913006,-0.0131720778,0.1511080608567574,0.151681078877554,0.0,0.0,0.0,0.0,1.0,0.758352389907304,0.6518448072370295,6.037200200000005,14,40,False
39,119,SUCCESS,0.086,66.10000000000001,77,3,4,0.0,0.0,0.0,1.0,0.9001289697158087,0.4356235047358636,0.0364463794199999,0.1909781106748229,0.1944247343569009,0.0,0.0,0.0,0.0,1.0,0.900128969914541,0.4356235043252224,5.116140019999996,14,40,False
9,8,NEIGHBOR_KNOCKED,0.072,87.8,76,1,2,0.3212573320871326,-0.0010926707672578,-0.0054994699610384,0.9999842808268248,0.982908487972767,0.1840948241290035,-0.0516364119926203,0.0917886110656428,0.1053160394471396,6.49398043259827,0.0512737219190184,0.0008346459868229,0.0003228055175963,0.9999995995812572,0.9821882662956904,0.1878994666066571,7.858644269492546,15,40,True
24,50,NEIGHBOR_KNOCKED,0.056,62.7,75,3,4,18.54593636923415,0.1991161003841693,-0.2480282975851174,0.9480689543302376,0.6626042151038772,-0.7489697284447318,-0.0081164762593784,0.0550147793015217,0.0556102789820749,71.5599653664224,2.762587777190695e-05,4.599378523350327e-07,1.4428500945470566e-07,0.9999999999998838,0.6562714751510985,-0.7545248510837804,15.574248231128406,16,40,True
24,23,NEIGHBOR_KNOCKED,0.056,75.7,75,3,4,0.0107454068153447,0.0001666237099192,8.607446757056766e-05,0.9999999824138626,-0.8371132146694258,-0.5470296754526389,-0.0254395795485033,0.1169558920190246,0.1196906549634113,0.0,0.0,0.0,0.0,1.0,-0.8371193408596393,-0.5470203004996461,5.859184664146903,16,40,False
24,51,NEIGHBOR_KNOCKED,0.056,51.3,75,3,4,0.0,-1.8018980845916317e-12,8.564240171428202e-13,1.0,0.9967141206036004,0.0809997641317019,-0.0195656112381427,0.0893863710130714,0.0915026582455864,0.4374290695852453,0.0,-2.1015811872213932e-14,-1.5910275654670436e-14,1.0,0.9967288422177836,0.0808184081209011,3.970715705477386,16,40,False
51,50,SUCCESS,0.05,62.7,74,2,3,0.0,1.6048438156963368e-13,5.0321373882003775e-14,1.0,-0.8963819940975923,-0.4432824389231138,-0.0022233840000123,0.0743794696223402,0.0744126933910615,0.0,0.0,0.0,0.0,1.0,-0.8963819940975981,-0.4432824389231019,4.852980000000003,17,40,True
51,23,SUCCESS,0.05,75.7,74,2,3,0.0,0.0,0.0,1.0,-0.9345313307523088,-0.3558808674856226,-0.0096292867,0.2000844838979078,0.2003160599129359,0.0,0.0,0.0,0.0,1.0,-0.9345313309422052,-0.3558808669869604,5.859180000000014,17,40,False
23,50,SUCCESS,0.078,62.7,73,1,2,0.0,0.0,0.0,1.0,0.9530315036670216,0.3028711822180779,0.0094183026999999,0.1262422087172009,0.126593047548221,0.0,0.0,0.0,0.0,1.0,0.9530315036670216,0.3028711822180779,4.852980000000003,18,40,False
0,1,SUCCESS,0.054,46.5,72,2,3,0.0,-4.191672045371046e-15,-4.0999792193785545e-14,1.0,0.9646347826092536,0.2635900912029847,0.0554750035999987,0.0839557338779206,0.1006282329935297,0.0,0.0,0.0,0.0,1.0,0.9646347826092572,0.2635900912029719,3.599100000000001,19,40,False
0,2,SUCCESS,0.054,53.400000000000006,72,2,3,0.0,8.011863042900927e-13,-1.879069325115907e-11,1.0,0.955165546380435,-0.2960722530190307,-0.0041523567990269,0.1537595295964124,0.1538155876648932,0.0,0.0,0.0,0.0,1.0,0.955165546381614,-0.2960722530152271,4.133159999999997,19,40,False
101,103,NEIGHBOR_KNOCKED,0.072,53.400000000000006,101,3,4,0.0,1.621489753312391e-11,-7.716665127823649e-12,1.0,0.9605772820631128,-0.2780131025405871,-0.0247462663445373,0.1043361676643735,0.1072306559752528,0.0,0.0,0.0,0.0,1.0,0.9605772820635398,-0.2780131025391121,4.13316,1,41,False
101,102,NEIGHBOR_KNOCKED,0.072,83.3,101,3,4,7.111125068566217,-0.1207404573396718,-0.0273264463617117,0.992307919594844,-0.9746145046677724,-0.2238896319421523,-0.0068113906763398,0.0778700424585984,0.0781673752626353,2.501640458271483,0.0133692799137685,0.0002117587613739,9.800421520254545e-05,0.9999999727767,-0.9751494908637072,-0.2215478965556943,8.653693509621789,1,41,True
101,86,NEIGHBOR_KNOCKED,0.072,55.1,101,3,4,0.0,-9.783134332187564e-11,-8.090249886191211e-11,1.0,0.9349655512743054,0.3547385205053636,-0.0608902114688313,0.1867804934716448,0.1964550090840907,0.0,0.0,0.0,0.0,1.0,0.9349655512671312,0.3547385205242722,4.264739999999989,1,41,False
29,28,SUCCESS,0.074,54.9,100,3,4,0.0,0.0,-2.344112064887229e-11,1.0,0.9995130322628532,-0.0312041397368461,-0.0864103127029225,0.0838213023141739,0.1203858499287229,0.0,0.0,0.0,0.0,1.0,0.9995130322638796,-0.0312041397039678,4.249259999999991,2,41,False
29,17,SUCCESS,0.074,66.10000000000001,100,3,4,0.0001544221411215,-2.445043123903457e-06,-1.1338932024139282e-06,0.999999999996368,-0.9717878589203168,-0.2358566455605328,-0.1936604622339968,0.0073651755941225,0.1938004655417978,0.0,0.0,0.0,-5.7592884275054894e-18,1.0,-0.9717917496157674,-0.2358406143536891,5.116140000859029,2,41,False
29,18,SUCCESS,0.074,54.6,100,3,4,0.0,-1.5111851468388044e-10,-8.903249521393137e-11,1.0,-0.9899579390274326,0.1413622260597152,-0.2562546136975139,0.0399227593830813,0.2593458188558695,0.0,0.0,0.0,0.0,1.0,-0.9899579391162356,0.1413622254378287,4.226040000000005,2,41,False
51,53,SUCCESS,0.046,84.7,99,2,3,10.990476173071904,0.1583583272723187,0.1061530527614285,0.981658886565462,0.932410847224361,0.3614000719124848,-0.0399610306872418,0.0827998845217016,0.0919385928236549,11.207442186408876,12.661599393838245,0.1910537129443316,0.1074418846210899,0.9756816695004848,0.9360653630425636,0.3518261447249107,6.793316814445089,3,41,True
51,52,SUCCESS,0.046,80.8,99,2,3,17.453274841536306,-0.2319903939808346,-0.1900979322653325,0.9539618615275256,-0.0624150505392258,-0.9980502800291108,-0.1088385220643538,0.0266937906452269,0.1120641885000022,17.317504932120226,20.09365921416129,-0.2976856682093655,-0.171504538522096,0.9391322783341366,-0.463463725174764,-0.886115892785549,7.069075360351867,3,41,False
53,52,NEIGHBOR_KNOCKED,0.086,80.8,98,3,4,23.64415570374883,-0.350936894035034,-0.1941352765806298,0.9160539235176092,-0.8569119052501044,-0.5154628858032709,-0.028245483235768,0.0726409798970069,0.0779392024825723,22.0375831618541,0.0388031240708873,-0.0005698594255329,-0.0003659470785145,0.9999997706714592,-0.876524990974408,-0.4813563546867477,20.888195841084283,4,41,True
53,18,NEIGHBOR_KNOCKED,0.086,54.6,98,3,4,0.0,0.0,0.0,1.0,0.4043009262291019,-0.9146260225088124,-0.0342660912308449,0.1813054399647942,0.1845151147442078,0.0,0.0,0.0,0.0,1.0,0.4043009276847263,-0.9146260218653688,4.226040025687494,4,41,False
53,17,NEIGHBOR_KNOCKED,0.086,66.10000000000001,98,3,4,0.0,0.0,0.0,1.0,0.5207974630090825,-0.8536802694939736,0.026547840769155,0.2028945889974475,0.2046240506244257,0.0,0.0,0.0,0.0,1.0,0.5207974647396917,-0.8536802684381956,5.11614002568751,4,41,False
108,107,NEIGHBOR_KNOCKED,0.066,76.39999999999999,97,1,2,0.2006179553106469,0.0006771191048206,-0.0034353411345423,0.9999938699517148,0.0719812879085461,-0.9974059826324622,-0.0705907337808953,0.0347342782705146,0.0786735138575796,6.009835705754492,9.354569961041508e-05,-1.5602895332699358e-06,-4.807632407436755e-07,0.9999999999986672,0.0825287359618096,-0.996588685336406,6.04537892272966,5,41,True
68,18,NEIGHBOR_KNOCKED,0.092,54.6,96,3,4,0.0,0.0,0.0,1.0,-0.8899342270906444,-0.4560888854736295,0.0435308728756092,0.0858641037807176,0.0962682772847748,0.0,0.0,0.0,0.0,1.0,-0.8899342270906444,-0.4560888854736295,4.22604,6,41,False
68,46,NEIGHBOR_KNOCKED,0.092,75.0,96,3,4,0.0065540206893606,-0.0001143892410702,0.0,0.9999999934575508,0.9912478333802176,-0.1320141387087923,-0.0738937446410155,0.0584447163841982,0.0942128991715092,35.48846519018822,0.0080599541029779,-0.0001359527928143,-3.61338734101792e-05,0.9999999901055906,0.9727092258372628,-0.232027502617843,13.741068448326809,6,41,False
68,17,NEIGHBOR_KNOCKED,0.092,66.10000000000001,96,3,4,0.5099272581720186,0.0048581338020735,-0.0074568649955471,0.9999603960659638,-0.693754915759608,-0.7202111612988086,0.1026950849591231,0.0639489428346361,0.1209782946004327,0.0,0.0,0.0,0.0,1.0,-0.6873815657278938,-0.7262964842937553,5.12559917731506,6,41,False
115,113,SUCCESS,0.062,53.400000000000006,95,2,3,0.0,2.056119635696641e-12,4.988571010943384e-11,1.0,0.594945235583703,-0.8037662388134078,-0.0577967663032086,0.0825423451394817,0.1007655940102227,0.0,0.0,0.0,0.0,1.0,0.5949452355567894,-0.8037662388333293,4.133160000000004,7,41,False
115,37,SUCCESS,0.062,86.5,95,2,3,0.3355205143037827,-0.0049882641728021,0.0030673823866553,0.9999828540459264,0.8227532325654878,-0.568398731792252,0.0083116606556719,0.1066576329012019,0.1069809999903842,0.0,0.0,0.0,1.7604113991126593e-17,1.0,0.8228249173031016,-0.5682949546363614,6.700447993263636,7,41,False
88,89,NEIGHBOR_KNOCKED,0.074,58.7,94,3,4,15.591893596222215,-0.2180042688679125,-0.1572219245428427,0.9632006048577894,-0.8525990943573442,-0.5225655789477875,0.0098621278113998,0.0661691667368577,0.0669000761704982,0.9019999802369728,0.0,-1.456030196548666e-10,-9.671858751846424e-11,1.0,-0.8689345322289288,-0.4949270438156442,9.634898459418876,8,41,True
88,79,NEIGHBOR_KNOCKED,0.074,82.69999999999999,94,3,4,0.1663484964169155,0.0028290706217895,0.0006524222788682,0.9999957853434116,0.9122461412168082,-0.409642500035144,0.0522075013702902,0.1786392993699755,0.1861118547506434,0.0,0.0,0.0,0.0,1.0,0.91226544960571,-0.4095994988469737,6.402237187995011,8,41,False
88,52,NEIGHBOR_KNOCKED,0.074,80.8,94,3,4,7.634951685474962e-05,-1.121340210294078e-06,-7.2009261108918e-07,0.9999999999991122,0.5652059201277548,0.8249498577807854,0.1318477784518336,0.1339443088982816,0.1879492340205783,0.0,0.0,0.0,0.0,1.0,0.5652056436862477,0.824950047181776,6.253919967422049,8,41,False
1,2,SUCCESS,0.058,57.5,93,3,4,0.0,1.1557287959252383e-09,0.0,1.0,-0.9903970046297746,0.1382525703933565,0.0259693274266792,0.0640562403613666,0.0691202423044599,0.0,0.0,0.0,0.0,1.0,-0.9903970046321136,0.1382525703766002,4.450499999999993,9,41,False
1,0,SUCCESS,0.058,57.9,93,3,4,0.0,-4.1728749481722526e-10,0.0,1.0,-0.9967484369953892,-0.0805763820684993,-0.0796830971522721,0.11474962778108,0.1397028025763078,0.0,0.0,0.0,0.0,1.0,-0.9967484370137264,-0.0805763818416624,4.481460300000004,9,41,False
1,73,SUCCESS,0.058,53.0,93,3,4,0.0,-3.660590163028228e-12,1.4550686439640522e-12,1.0,0.997696688247422,-0.0678330174776718,-0.1232614322004082,0.108847891537679,0.1644422213432249,0.0,0.0,0.0,0.0,1.0,0.9976966882317664,-0.0678330177079382,4.102200300000056,9,41,False
0,2,SUCCESS,0.058,57.5,92,3,4,0.0,0.0,0.0,1.0,0.9422632398142532,0.3348730907295283,0.105714345,0.0540564476547347,0.1187334084065142,0.0,0.0,0.0,0.0,1.0,0.9422632398142532,0.3348730907295283,4.45050000000001,10,41,False
0,78,SUCCESS,0.058,54.2,92,3,4,0.0,-3.5203193595410686e-11,2.603991187351892e-11,1.0,-0.1353656036512025,-0.990795717263728,-0.0007204507032439,0.1542176811393158,0.1542193639761346,0.0,0.0,0.0,0.0,1.0,-0.1353656033825044,-0.9907957173004384,4.195080300000043,10,41,False
0,73,SUCCESS,0.058,53.0,92,3,4,0.0,0.0,0.0,1.0,0.9999651106646756,0.0083532899736101,-0.042819815,0.2229814726753713,0.2270556621472179,0.0,0.0,0.0,0.0,1.0,0.9999651106645192,0.0083532899923403,4.1022000000000025,10,41,False
78,2,SUCCESS,0.052,57.5,91,1,2,0.0,0.0,0.0,1.0,0.3873840805727222,0.9219184205334148,0.1059239559999999,0.185374610370751,0.2135032332888607,0.0,0.0,0.0,0.0,1.0,0.3873840805727222,0.9219184205334148,4.45050000000001,11,41,False
10,119,SUCCESS,0.08,85.2,90,3,4,11.468521734533727,-0.0148195435120759,0.198276485882876,0.9800340893438512,-0.7861882742136338,0.6179870528489966,0.1621372040380135,0.0737695897545482,0.1781303604269041,0.0,0.0,0.0,4.675570665271805e-17,1.0,-0.6648760085189287,0.7469537424070766,11.161549664448245,12,41,False
10,25,SUCCESS,0.08,73.3,90,3,4,0.0054720564996087,-8.9779279641654e-05,-3.257242292877651e-05,0.999999995439359,0.6490638791921581,-0.7607339092797346,0.173659302244368,0.1386802837554785,0.2222381028503006,0.0,0.0,0.0,0.0,1.0,0.6489991531441787,-0.7607891292717971,5.67342120090843,12,41,False
10,11,SUCCESS,0.08,88.3,90,3,4,0.7345186466687332,0.0125182743183702,0.0027622956324496,0.9999178278893366,-0.3814753505936246,-0.9243790114933762,-0.1677342336406299,0.143421178788887,0.2206907511886335,0.0,0.0,0.0,0.0,1.0,-0.3960242874561916,-0.9182400360171712,6.860475124109652,12,41,False
50,49,NEIGHBOR_KNOCKED,0.056,78.0,89,2,3,17.3072595678529,0.2070574146274709,-0.2136141467820175,0.9547231134430432,0.6525433132329479,-0.7577514264948414,-0.0113159730950441,0.0626979450945897,0.0637109375709693,72.96228748008755,0.0842305463002159,-0.000102578710874,0.0014665166655381,0.999998919402655,0.593179949091255,-0.8050699025526269,9.219792197078776,13,41,True
50,48,NEIGHBOR_KNOCKED,0.056,42.2,89,2,3,0.0,-5.773481934530619e-16,1.5877075319959208e-15,1.0,0.9993707588916814,0.0354695118695594,-0.0945418530767413,0.1290699384969164,0.1599912841588001,0.0,0.0,0.0,0.0,1.0,0.9993707588889496,0.0354695119465294,3.266279966484995,13,41,False
38,39,SUCCESS,0.098,66.10000000000001,88,3,4,0.0002085323561092,-3.639565505378809e-06,0.0,0.9999999999933769,0.931384660672797,0.3640365556690964,0.0571720305868715,0.0979610289456223,0.113424002193148,0.7432162238321708,3.818191820832846e-06,6.210255202036815e-08,2.536617387896184e-08,0.9999999999999978,0.9313884757279752,0.3640267947296176,5.231989216689964,14,41,False
38,83,SUCCESS,0.098,75.80000000000001,88,3,4,0.0076859467358688,-2.4500453244219435e-05,0.0001318887005399,0.9999999910025492,0.8734856640046287,0.4868498688285672,-0.1476157416542738,0.1949617414983774,0.2445413826578672,0.0,0.0,0.0,0.0,1.0,0.8735462300229699,0.4867411879147444,5.86692234523986,14,41,False
38,49,SUCCESS,0.098,78.0,88,3,4,0.0001008212330182,-1.227799474467873e-07,1.7553233578609176e-06,0.9999999999984518,0.6742473775926459,0.7385055678933236,-0.0183882858568721,0.2973013401348833,0.2978694611784693,0.0,0.0,0.0,0.0,1.0,0.6742475772738471,0.7385053855865558,6.037200328096486,14,41,False
48,49,SUCCESS,0.042,78.0,87,1,2,0.0,0.0,0.0,1.0,-0.9156845418155768,-0.4018977729224149,0.0534762929299999,0.1092915643214559,0.121673168518643,0.0,0.0,0.0,0.0,1.0,-0.9156845418155768,-0.4018977729224149,6.0372,15,41,False
35,34,SUCCESS,0.056,92.3,86,3,4,10.140536787792072,-0.0434173315723899,0.1706258838687614,0.9843788615533844,-0.9796181930723428,0.2008686033248553,-0.0034414948179284,0.1429750839789495,0.143016497388831,10.13679058318212,12.896918472287409,-0.0711337672579426,0.2115589660348422,0.9747731997987849,-0.9759972717554268,0.2177827484580985,7.68443358073863,16,41,False
35,36,SUCCESS,0.056,56.7,86,3,4,0.0,8.040107971844329e-11,1.5573017388591548e-10,1.0,-0.9915673145205174,-0.1295926725342495,0.0533906538873061,0.1270598046246173,0.1378214637629423,0.0,0.0,0.0,0.0,1.0,-0.9915673145080732,-0.129592672629464,4.388579998024021,16,41,False
35,33,SUCCESS,0.056,81.4,86,3,4,0.0028909646823888,3.1472220859042897e-10,-5.0456852631350966e-05,0.999999998727053,-0.9370606237471996,0.3491667043440846,-0.1546279711471,0.034490962133203,0.1584280149782306,0.0,0.0,0.0,0.0,1.0,-0.9369643949106388,0.3494248455243857,6.30036014896238,16,41,False
33,34,SUCCESS,0.082,92.3,85,3,4,14.006863807016613,-0.0777688405745127,0.2292039801293896,0.9702667380306008,-0.9847515276096142,-0.1739667464503811,0.145950232492491,0.0988846468475787,0.1762941965771493,14.006100002542858,15.040364064748788,-0.0834666086836625,0.2457097799220522,0.9657432522598876,-0.9821763364564284,-0.1879618155504693,7.220976543148205,17,41,False
33,109,SUCCESS,0.082,77.5,85,3,4,0.0184106953266012,0.0003212616602153,6.491868234412703e-06,0.9999999483743992,0.9934139369344273,-0.1145807571298144,-0.0596363201579205,0.1649683027406552,0.1754167369184322,0.0,0.0,0.0,0.0,1.0,0.993410816819617,-0.1146078052568029,5.998514460311279,17,41,False
33,36,SUCCESS,0.082,56.7,85,3,4,0.0,0.0,0.0,1.0,-0.9566410575875682,-0.2912694404460224,0.211841577,0.0979136591065932,0.2333751023256103,0.0,0.0,0.0,0.0,1.0,-0.9566410576484242,-0.2912694402461481,4.38858000038353,17,41,False
2,3,APPROACH_BLOCKED,0.088,61.400000000000006,92,3,4,2.561320938754782e-06,-4.283437184546481e-08,1.8256220607586003e-08,0.999999999999999,-0.1277702056946043,0.991803798408112,-0.0555526412601355,0.0559362842976809,0.0788350420308653,2.238571085498863,0.0,-4.0329627721039585e-09,-1.1744531501564351e-09,1.0,-0.1245254505039884,0.9922164139827454,4.752687596102097,1,42,False
2,4,APPROACH_BLOCKED,0.088,82.8,92,3,4,15.708474486971692,0.1789663971618114,0.2031568607193932,0.9626517120067682,0.9822796478852828,-0.1874211656947137,0.060668193241126,0.0523098726817693,0.0801058827498052,65.64299826119755,0.3038762015139963,-0.0049333568172062,-0.0019468760917208,0.9999859357330968,0.9929274958931544,-0.1187223142435727,15.32538617630034,1,42,True
2,88,APPROACH_BLOCKED,0.088,73.1,92,3,4,0.0086283080330077,-6.938915739523558e-05,0.0001336533238158,0.999999988660967,-0.4136247747544591,0.9104474425848662,-0.2551549854002628,0.0999762324089588,0.274042539802306,0.0,0.0,0.0,0.0,1.0,-0.4136034362211528,0.910457136578134,5.657942908740645,1,42,False
4,2,NEIGHBOR_KNOCKED,0.08,88.4,92,2,3,12.141060252226634,-0.2100090468392744,0.0114182459668714,0.9776327653596208,-0.9950451112551236,0.0994244767010542,-0.0284502461910083,0.076735374124694,0.0818396856689085,2.8941388567555077,0.0421874252468764,-4.719963900456226e-05,-0.0007347950305427,0.999999728924192,-0.9931911442391576,0.1164961415880916,12.03693408662587,2,42,True
4,3,NEIGHBOR_KNOCKED,0.08,61.400000000000006,92,2,3,0.0,0.0,0.0,1.0,-0.726310980585162,0.6873662484305004,-0.1078687553793211,0.0905077045901427,0.1408094917868123,0.0,0.0,0.0,0.0,1.0,-0.7263109805588394,0.6873662484583144,4.752359624594471,2,42,False
3,2,APPROACH_BLOCKED,0.068,88.4,91,2,3,0.0006135900783046,-6.864895805963523e-07,-1.0687139410951991e-05,0.9999999999426568,0.1370869234426727,-0.9905590216746414,0.0608867038390067,0.0558474095067751,0.0826203597970642,0.3066996861977613,0.0044608693424236,-1.5447604100667197e-06,7.784153226924694e-05,0.9999999969691548,0.1370097051881997,-0.9905697051112772,6.8421644119590015,3,42,True
3,88,APPROACH_BLOCKED,0.068,73.1,91,2,3,0.0,0.0,0.0,1.0,-0.6959928946885873,0.7180486686451001,-0.1919271139999999,0.0493721735699257,0.1981757518249593,0.0,0.0,0.0,0.0,1.0,-0.6959928940913539,0.7180486692239889,5.6579401602533945,3,42,False
107,106,NEIGHBOR_KNOCKED,0.078,61.2,91,1,2,1.7075472925031875e-06,-2.912252429056073e-08,0.0,0.9999999999999996,0.9503604007310282,0.3111512634111575,0.0143371976811559,0.1001723404825562,0.1011931471746072,14.17186250055614,1.2074182697257331e-06,1.8753081536463842e-08,-1.0397055791801899e-09,0.9999999999999998,0.9513260236130414,0.3081863020911201,4.742368371965672,4,42,False
87,88,SUCCESS,0.096,73.1,90,3,4,0.0,0.0,0.0,1.0,-0.9532437415485115,0.3022025300995911,0.0577825180484481,0.1284805152084004,0.1408760525434868,0.0,0.0,0.0,0.0,1.0,-0.9532437415485115,0.3022025300995911,5.65794,5,42,False
87,3,SUCCESS,0.096,61.400000000000006,90,3,4,0.0,0.0,0.0,1.0,-0.9992669798368766,0.0382818887685441,0.2610255121384482,0.0881751996325542,0.2755162133475632,0.0,5.108270582274408,0.0775683621328436,-0.0437141590832391,0.9960282232405232,-0.9923329647414196,0.1235932323693501,5.801205366541064,5,42,False
87,2,SUCCESS,0.096,88.4,90,3,4,6.487556227872922e-05,-2.24675723098696e-08,1.1321563104113887e-06,0.999999999999359,-0.8399327838081109,-0.542690444622307,0.308227324094243,0.0957860933523203,0.3227678097301478,0.0,0.0980668320803143,0.0002848435176853,-0.0016877199354128,0.9999985352317224,-0.8421674186188071,-0.5392161338618634,6.842779386210914,5,42,False
103,74,SUCCESS,0.088,57.9,89,3,4,0.0,2.930987435096552e-09,-1.327859941966404e-10,1.0,-0.8973857088880066,0.4412469710758021,-0.0761039300727835,0.115373148877139,0.1382127767406097,0.0,0.0,0.0,0.0,1.0,-0.8973857093778452,0.4412469700795933,4.481460000000007,6,42,False
103,70,SUCCESS,0.088,83.5,89,3,4,0.2465192439664806,0.0037159004450403,0.0021688936275545,0.9999907439493204,0.9791209293026486,-0.2032786407902156,-0.0547127231706671,0.1296599458454068,0.1407308908285025,0.0,0.0,0.0,0.0,1.0,0.9786538191748034,-0.2055156982193113,6.465671581274301,6,42,False
103,75,SUCCESS,0.088,88.3,89,3,4,0.7029184012565174,-0.0122676647040215,-8.109345954989528e-05,0.999924746081704,-0.7726662194884624,0.6348125024457281,-0.1555846570253756,0.0889553394920822,0.179219524399144,0.0,1.9139397340137088,0.0329679465507992,0.0053444807764365,0.9994421198976224,-0.716181282528883,0.6979143002943012,7.231251140832335,6,42,False
27,25,NEIGHBOR_KNOCKED,0.076,68.3,88,3,4,0.000391427051505,-2.815486554251481e-06,6.224555544734038e-06,0.999999999976664,-0.9941046998651536,0.1084243778216552,-0.0141468037099265,0.0713863492573461,0.0727746035062987,0.1994415454026375,2.699869328381916e-06,-5.1063966897675685e-09,-4.751088622378129e-08,0.9999999999999988,-0.9940771970701076,0.1086762451745472,5.286445082788524,7,42,True
27,61,NEIGHBOR_KNOCKED,0.076,84.6,88,3,4,0.0407838798348247,-0.0001607630817961,0.0006934211356816,0.999999746661148,0.0656996516763052,0.9978394438834396,-0.0127846364967865,0.0773950716873442,0.0784438911059626,4.582160122254502,0.0422981376114774,0.0002123853232273,-0.0007070313178717,0.9999997274995578,0.0684663177488444,0.9976534284679794,6.558677912108555,7,42,True
27,8,NEIGHBOR_KNOCKED,0.076,82.8,88,3,4,0.0533775740962441,0.0008911564133593,-0.0002715610676293,0.9999995660473224,0.7789138499613308,0.6271309387507661,-0.0252723878522184,0.2498806278884363,0.2511553737861727,0.0,0.0,0.0,0.0,1.0,0.7787735549350651,0.6273051491370057,6.408849793920495,7,42,False
61,25,SUCCESS,0.082,68.3,87,3,4,0.0,-6.920401449724048e-14,-6.431692687552812e-13,1.0,-0.7416229662584236,-0.6708169466538968,0.0011972947012366,0.1027569231745898,0.1027638982080291,0.0,0.0,0.0,0.0,1.0,-0.7416229662585296,-0.6708169466537796,5.286420000000003,8,42,False
61,8,SUCCESS,0.082,82.8,87,3,4,0.0,0.0,0.0,1.0,0.9210746157718164,0.3893861222242017,-0.0123035106988129,0.2055505011100833,0.205918393744032,0.0,0.0,0.0,0.0,1.0,0.9210746157718164,0.3893861222242018,6.408719999999976,8,42,False
61,86,SUCCESS,0.082,57.0,87,3,4,0.0,-5.130650706397794e-11,2.03649628645375e-10,1.0,-0.8164490208960307,0.5774175233554252,-0.0095225164651703,0.2109516696847291,0.211166487072652,0.0,0.0,0.0,0.0,1.0,-0.8164490211352143,0.5774175230172273,4.411799999999984,8,42,False
8,79,SUCCESS,0.078,73.3,86,3,4,0.0032060325881747,-6.19516749374448e-06,5.56118159439989e-05,0.9999999984344728,0.6538950872935722,-0.7565852330129975,0.0579552722873802,0.2854663309371912,0.2912899580909825,0.0,0.0,0.0,0.0,1.0,0.6538964483583334,-0.7565840566813163,5.673420407150637,9,42,False
8,25,SUCCESS,0.078,68.3,86,3,4,0.0,0.0,0.0,1.0,-0.8721271143637643,-0.4892793643630739,0.0157454054,0.3044673633312192,0.3048742250913891,0.0,0.0,0.0,0.0,1.0,-0.8721271143637643,-0.4892793643630738,5.286419990000024,9,42,False
8,49,SUCCESS,0.078,51.1,86,3,4,0.0,-2.160346552708648e-12,6.98500926885493e-13,1.0,-0.8315453496365701,-0.5554568673603687,-0.2955887539998048,0.1386729804346802,0.3265010061145207,0.0,0.0,0.0,0.0,1.0,-0.8315453506334847,-0.5554568658679402,3.9551402899998367,9,42,False
25,86,SUCCESS,0.07,57.0,85,1,2,0.0,0.0,0.0,1.0,-0.4496666624056257,0.8931964468810795,0.0016022688,0.2135457173682588,0.2135517283274282,0.0,0.0,0.0,0.0,1.0,-0.4496666624056257,0.8931964468810795,4.4118,10,42,False
112,113,SUCCESS,0.078,87.2,84,2,3,0.0846924852043918,-0.0014473312070649,0.0003003261696611,0.9999989075176876,-0.7664754432732024,0.6422736137030293,-0.102178845825216,0.0510187557894475,0.1142078367559623,0.0,0.0,0.0,3.9197837831435234e-17,1.0,-0.7651314550253916,0.6438740999067498,6.74961859762422,11,42,False
112,76,SUCCESS,0.078,72.0,84,2,3,0.0001038906069083,1.8132037419245667e-06,0.0,0.999999999998356,-0.983049071373998,-0.1833426389870083,-0.2925129336882378,0.1782782179013715,0.3425593953652247,0.0,0.0,0.0,0.0,1.0,-0.9830491853820504,-0.1833420276960173,5.572800000426417,11,42,False
113,76,SUCCESS,0.092,72.0,83,2,3,5.104714547199484,0.0868207435591307,0.019466187952451,0.9960337474274852,-0.8851191439437974,-0.4653644819108985,-0.2001238300761322,0.1309139158158864,0.239140127788269,4.620805697537668,5.273012158117998,0.0896976741488516,0.0200056185348969,0.9957680967370478,-0.8842774690172155,-0.4669618376147105,5.575398202714594,12,42,False
113,77,SUCCESS,0.092,59.1,83,2,3,6.733202052715609,-0.1143890854090018,-0.0257258455931916,0.9931028738291956,-0.9329378445123616,-0.3600374678788701,-0.1632658443753948,0.2323776312558739,0.2839984145161757,7.326084213067916,8.264172517289493,-0.1402861255247426,-0.0313089032603689,0.9896158626264482,-0.9339011710966744,-0.3575312610447654,4.672155381177246,12,42,False
10,11,SUCCESS,0.048,52.900000000000006,82,2,3,0.001410142034555,-2.740502662810295e-06,-2.445856594324264e-05,0.999999999697134,-0.2557163954121736,0.966751842572542,0.0188271225016567,0.0566605643620429,0.0597066168487011,0.0,0.0,0.0,0.0,1.0,-0.2557146780866622,0.9667522968222184,4.0944600555253245,13,42,True
10,36,SUCCESS,0.048,53.1,82,2,3,0.0,-2.2864164902822808e-11,-2.0785187335150275e-12,1.0,-0.9832800892063116,0.1820996050803723,0.040274537401574,0.0712111175324504,0.0818111338579978,0.0,0.0,0.0,0.0,1.0,-0.983280089206471,0.1820996050795129,4.109940040000017,13,42,False
57,15,NEIGHBOR_KNOCKED,0.078,55.0,81,3,4,0.0,-8.179690751765001e-11,-1.7034178304080428e-10,1.0,0.3736770715472843,-0.9275588640080186,0.0121814358767584,0.1076486370855467,0.1083356656249239,0.0,0.0,0.0,0.0,1.0,0.3736770715703026,-0.9275588639987452,4.256999999999992,14,42,False
57,14,NEIGHBOR_KNOCKED,0.078,90.3,81,3,4,0.0649868484856437,-0.0005829649173329,-0.0009729538535647,0.999999356756145,-0.5572863854635951,-0.8303203505737539,-0.0572009963949214,0.052855542884771,0.0778823625875312,0.0481852901532419,0.0012591100480502,1.1454539267255682e-05,1.8754228813442213e-05,0.9999999997585362,-0.5573838891548094,-0.8302549006845182,6.989390331198205,14,42,True
57,58,NEIGHBOR_KNOCKED,0.078,66.10000000000001,81,3,4,0.0001004881063556,-1.7534295065665923e-06,3.9268966623046336e-08,0.999999999998462,0.9614784741829614,-0.2748802351621601,0.119754747742838,0.0817009732792287,0.1449698197616456,0.0,0.0,0.0,0.0,1.0,0.9614783514707428,-0.2748806643856621,5.116140000364595,14,42,False
15,32,SUCCESS,0.05,57.6,80,3,4,0.0,1.6919509558138353e-15,-4.130761051971656e-10,1.0,0.9960317370172644,-0.0889987576001537,0.0839779756020466,0.0556706579110127,0.1007547643462231,0.0,0.0,0.0,0.0,1.0,0.996031736983608,-0.0889987579768202,4.458240000000002,15,42,False
15,14,SUCCESS,0.05,90.3,80,3,4,3.2900763166910526e-05,2.993139536005708e-07,4.900592017285177e-07,0.9999999999998352,-0.7788617722940163,0.627195615146522,-0.0749066653639288,0.0893884827331518,0.1166246516019602,0.0,0.0,0.0,0.0,1.0,-0.7788622771234962,0.6271949882405011,6.98922040005353,15,42,False
15,58,SUCCESS,0.05,66.10000000000001,80,3,4,0.0,0.0,0.0,1.0,0.443797051123225,0.8961273221001186,0.1058551705,0.0863632500553905,0.1366159876504722,0.0,0.0,0.0,0.0,1.0,0.4437970511692743,0.896127322077313,5.116140000000061,15,42,False
119,14,SUCCESS,0.058,90.3,79,3,4,0.0,0.0,0.0,1.0,0.9998704573662328,-0.0160956045627535,-0.0323447017999999,0.1431283069378736,0.1467374934412915,0.0,0.0,0.0,0.0,1.0,0.9998704573662328,-0.0160956045627535,6.989220000000011,16,42,False
119,49,SUCCESS,0.058,51.1,79,3,4,0.0,0.0,0.0,1.0,-0.9966995868289776,-0.0811784060877344,0.046805193,0.1732643552400768,0.1794749645174133,0.0,0.0,0.0,0.0,1.0,-0.9966995868102988,-0.0811784063170741,3.9551399999999752,16,42,False
119,83,SUCCESS,0.058,84.4,79,3,4,0.0177674071564004,3.261945002731451e-08,-0.0003100997478407,0.9999999519190717,-0.6341873037733599,-0.7731794511836668,-0.1857565587873275,0.0564768453096337,0.1941523453081063,0.0,0.0,0.0,0.0,1.0,-0.6348173717864263,-0.7726622188758644,6.532575078726213,16,42,False
37,14,SUCCESS,0.06,90.3,78,2,3,0.0,0.0,0.0,1.0,-0.7517052904920312,-0.6594991707699799,0.04364694775,0.0721173719479282,0.0842969239330063,0.0,0.0,0.0,0.0,1.0,-0.7517052904920312,-0.6594991707699799,6.989220000000004,17,42,True
37,38,SUCCESS,0.06,52.3,78,2,3,0.0,1.3323385882263271e-13,0.0,1.0,0.1332470775373799,-0.9910828503852476,-0.115046253299999,0.0514075238795266,0.126009419924828,0.0,0.0,0.0,0.0,1.0,0.1332470765816598,-0.9910828505137406,4.04801994999994,17,42,False
51,82,SUCCESS,0.068,82.60000000000001,77,3,4,5.711617959149763,-0.0966376976578799,-0.0237841898654975,0.9950354102763512,0.323670403576942,-0.9461698948118884,-0.1104600713901628,0.063766209542271,0.1275443328843295,5.7693549581378925,6.546757235752309,-0.1099575503895629,-0.0301418119620068,0.9934791433563032,0.2885217701890757,-0.9574733354652558,6.436232741502967,18,42,False
51,50,SUCCESS,0.068,67.6,77,3,4,27.13041704169201,0.266812918861388,-0.369814506431493,0.8899708406242856,-0.9862630384044716,0.1651823812553254,0.0847221274149465,0.0867400583007747,0.1212504704639789,0.0,0.0,0.0,0.0,1.0,-0.9841231658841954,-0.1774868850649771,17.555719948404484,18,42,False
51,83,SUCCESS,0.068,84.4,77,3,4,5.991175450175066,0.1011945192930343,0.0255708833114954,0.994537982779804,0.95640802774113,-0.2920337043430463,-0.0738173030189483,0.1200226474718222,0.140905749106048,5.94351940300787,6.78757412722227,0.1139709112806701,0.0312918675763131,0.9929911633068242,0.9593741843926852,-0.2821368007206256,6.579405788349551,18,42,False
73,77,SUCCESS,0.064,59.1,76,2,3,9.346116039282922,-0.1585452321585838,-0.0351644871610173,0.9867253256111772,0.9407218689130687,-0.3391789577033086,0.1625985196569341,0.0854938568086134,0.1837048669650265,9.405581568552009,10.607385744020013,-0.1797149932911557,-0.0398403248554483,0.982911628632896,0.9465041818007848,-0.3226915459593366,4.651023870790378,19,42,False
73,76,SUCCESS,0.064,72.0,76,2,3,5.967300995305705,0.1014936570143607,0.0225144293541494,0.9945813883522596,0.97013067165317,-0.2425829341024821,0.1818115438316019,0.1025761822135534,0.2087517919155153,5.917106684597529,6.69217230594345,0.1137716504685731,0.0252275529381121,0.9931865797132036,0.9683381642647032,-0.2496421431338565,5.604091752181388,19,42,False
109,108,SUCCESS,0.068,59.8,75,1,2,0.0029654244327809,4.999226319070866e-05,-1.3397783929615098e-05,0.9999999986606364,-0.9751972539888968,-0.2213375607810735,0.0287032472532207,0.115329683132324,0.1188478532169672,0.0,0.0,0.0,0.0,1.0,-0.9751975019635986,-0.2213364682196704,4.628520267439759,20,42,False
40,39,NEIGHBOR_KNOCKED,0.072,58.0,74,1,2,0.0,1.1156465559110776e-09,1.5288891007668856e-09,1.0,0.8567580160390647,0.5157186267266345,-0.0399815854286526,0.0827192350650728,0.0918749096496938,4.186343700295481,0.0,3.292442532756508e-10,3.0924647159666557e-10,1.0,0.8572849422916808,0.5148422357576633,4.537040522211601,21,42,False
17,18,SUCCESS,0.09,51.0,73,3,4,36.49973036030569,-0.2292413616420048,0.5488697890131818,0.8038596599041059,-0.9369589321364178,0.349439493317203,-0.0576094253247144,0.1092862284133843,0.1235407851968986,36.74453981216983,41.11387450725148,-0.1043221743735741,0.6492295595819333,0.75340418295827,-0.8729831501251242,0.4877503660660999,6.236649389537049,22,42,False
17,118,SUCCESS,0.09,80.0,73,3,4,0.0711436428805619,-0.0012401276954979,6.227820250627652e-05,0.9999992291020652,-0.4321477984077034,0.9018027945905772,-0.0986776582182005,0.0800009398783382,0.1270331870530118,0.0,0.0,0.0,0.0,1.0,-0.4303701376757516,0.9026525048970696,6.192219629418297,22,42,False
17,19,SUCCESS,0.09,80.9,73,3,4,13.974954932887687,0.0967459356751334,-0.2212721883777868,0.9704013822026678,-0.5633997228712434,-0.826184454143629,-0.0720753779038649,0.1115968411995285,0.1328484665538061,13.291447453026066,15.638889469690923,0.0428353900709012,-0.2661484617672019,0.9629798158094623,-0.579983357824108,-0.8146283230081514,7.052229472455962,22,42,False
18,19,GRASP_FAILED,0.05,80.9,71,3,4,18.661240363608812,0.0499071633486364,-0.3160560849855764,0.947426950318642,0.1475344370194479,-0.9890569194406124,0.0191890857782434,0.0605720401436956,0.0635389098126043,62.183767396784845,0.0426804119671315,-7.945525146566149e-05,0.0007406640284586,0.9999997225517916,0.1627589129251857,-0.9866658686016316,20.33561827569472,24,42,True
18,118,GRASP_FAILED,0.05,80.0,71,3,4,0.0,0.0,0.0,1.0,0.485703362271073,0.8741237005587795,-0.0145699816670898,0.0983311620600067,0.0994047373008481,0.0,0.0,0.0,0.0,1.0,0.4857033638830689,0.8741236996630805,6.192000030462485,24,42,False
18,117,GRASP_FAILED,0.05,74.89999999999999,71,3,4,0.0065404480235902,-7.700819761560893e-06,-0.0001138923039488,0.9999999934846202,0.9946594364347938,0.1032114601738505,-0.0752033291510454,0.1144728622616792,0.1369656048421714,0.0,0.0,0.0,0.0,1.0,0.9946474760634748,0.1033266585183074,5.797261136269428,24,42,False
118,18,SUCCESS,0.078,51.0,71,3,4,39.81407764559166,-0.1087121373627678,0.6310021982599335,0.7681262246409443,-0.5085952212955874,-0.8610057496180222,-0.0281526217795537,0.1003844071874963,0.104257370576126,39.808345701653295,15.1527375318514,0.0786692801157399,0.2492738992169255,0.965232442231021,-0.3680878788494012,-0.9297910052501844,15.041100956829728,25,42,False
118,117,SUCCESS,0.078,74.89999999999999,71,3,4,0.0,0.0,0.0,1.0,0.665563939225646,-0.7463408355452892,-0.059841644,0.0993182477357584,0.1159531659331655,0.0,0.0,0.0,0.0,1.0,0.6655639395722486,-0.7463408352361998,5.797260481763115,25,42,False
118,19,SUCCESS,0.078,80.9,71,3,4,26.47116445474685,0.0764642960663788,-0.4391399764302125,0.8951588085518377,-0.3203301536409846,-0.9473059657092544,0.0751356299200951,0.1344804531189167,0.1540466005939718,26.482079077626445,46.59914474261234,-0.4131329384312586,-0.597676353794205,0.68709835634967,-0.116153841377449,-0.9932312344732532,27.965142677020644,25,42,False
114,116,NEIGHBOR_KNOCKED,0.082,54.5,70,3,4,0.0,-3.7528751252783476e-11,5.461647488539855e-11,1.0,0.987549414038414,0.1573091060059309,0.0307556822421586,0.0655704819678245,0.0724251344194364,15.350974515499956,0.0,6.990527900782636e-11,1.3156051822918384e-12,1.0,0.9883079329443106,0.15247107817335,4.233187862958682,26,42,False
114,89,NEIGHBOR_KNOCKED,0.082,68.3,70,3,4,0.0004138345756265,-6.901643464426076e-06,-2.129723722091978e-06,0.9999999999739158,0.4126410804886048,-0.9108937032899048,-0.1495469607135043,0.2671649402878332,0.3061721717884366,0.0,0.0,0.0,0.0,1.0,0.4126456852126167,-0.9108916173043916,5.286420079994367,26,42,False
114,90,NEIGHBOR_KNOCKED,0.082,74.6,70,3,4,0.0086118357179746,-0.0001440120710871,4.30358300701818e-05,0.9999999887042204,-0.1564215104979344,-0.987690392305982,-0.1466287830327861,0.2588457197740259,0.2974913556038384,0.0,0.0,0.0,0.0,1.0,-0.1563140050014287,-0.9877074120610888,5.774042971513704,26,42,False
117,18,SUCCESS,0.074,51.0,69,2,3,42.21182460571533,-0.1915674325003979,0.643984368146807,0.740665951956591,-0.8123338539207517,-0.5831926866604713,0.0798448489089039,0.1263889282833477,0.1494970270269577,42.26796397743856,22.609267583129817,-0.3588723028250629,-0.1378707970137565,0.923148045329582,-0.9391465282221264,-0.3435168096735981,25.567498058982927,27,42,False
117,19,SUCCESS,0.074,80.9,69,2,3,35.268769331592125,0.1557208263239466,-0.5560183694677748,0.8164524462964052,-0.984011557796477,-0.1781046156699789,0.0843692874322004,0.1138647738697042,0.1417157838429302,35.10029075359886,54.389754467003854,0.7170079546518893,0.3832272851499365,0.5822683581326771,-0.8112538666546859,-0.5846940771359165,54.93694280359404,27,42,False
91,89,SUCCESS,0.058,68.3,68,3,4,0.0,0.0,-1.114755388164312e-17,1.0,-0.9757608883688208,0.218839413108538,0.0607209372763489,0.0282008333252753,0.0669501248987503,0.0,0.0,0.0,0.0,1.0,-0.9757608883688208,0.218839413108538,5.28642,28,42,True
91,45,SUCCESS,0.058,53.400000000000006,68,3,4,0.0,-2.458309685373017e-12,1.7551044510409524e-11,1.0,0.9819165901396792,0.1893140512705419,-0.0935642484235689,0.0902723224269734,0.1300129254321538,0.0,0.0,0.0,0.0,1.0,0.9819165899825084,0.1893140520857404,4.133160300000026,28,42,False
91,90,SUCCESS,0.058,74.6,68,3,4,0.0,0.0,0.0,1.0,-0.9994075407810934,-0.0344175453785877,0.0626688062763489,0.1783292549893309,0.1890203757935963,0.0,0.0,0.0,0.0,1.0,-0.9994075407888088,-0.0344175451545492,5.774039999999994,28,42,False
67,90,SUCCESS,0.056,74.6,67,2,3,0.0,0.0,0.0,1.0,0.577810864532324,-0.8161706958892901,0.0569964072,0.0883179456981848,0.1051125585553683,0.0,0.0,0.0,0.0,1.0,0.577810864532324,-0.8161706958892901,5.774039999999994,29,42,False
67,89,SUCCESS,0.056,68.3,67,2,3,0.0,0.0,0.0,1.0,0.9587989338313762,-0.2840855583865825,0.0560237782,0.2104063667983453,0.2177372336397306,0.0,0.0,0.0,0.0,1.0,0.9587989339848024,-0.2840855578687637,5.286420000000015,29,42,False
84,113,SUCCESS,0.072,78.10000000000001,98,3,4,30.937496723225287,0.2608964937677095,-0.4429837476580754,0.8577286394020676,0.5598470503431465,0.828595969228718,-0.0765073047566064,0.0515157655075085,0.0922347102610772,30.91433100236235,33.56618471973898,0.2853973306322206,-0.4735468646279456,0.8332477006683217,0.6557731868011593,0.7549579640434636,6.568484024253931,1,43,True
84,111,SUCCESS,0.072,87.2,98,3,4,30.645306539922736,-0.2697542489511443,0.4324916728422732,0.8603392343110339,-0.1936974971664262,0.9810613026674032,0.0052359878778852,0.1621088897817907,0.1621934268561526,30.657144735124383,35.8227413966039,-0.3021249948581729,0.5012710237048541,0.8108315782428781,-0.1738110373473223,0.9847790225711796,8.361210922471097,1,43,False
84,112,SUCCESS,0.072,48.5,98,3,4,0.0,-4.16952532451277e-14,0.0,1.0,0.2571189427682128,0.9663797645179438,-0.1884078465999434,0.1606667872204985,0.2476112541387907,0.0,0.0,0.0,0.0,1.0,0.2571189428346023,0.9663797645002798,3.75390039323148,1,43,False
113,111,NEIGHBOR_KNOCKED,0.082,87.2,97,3,4,42.23084172239413,-0.3467063505000673,0.575794238749276,0.7404429087688437,-0.4072373072892958,0.9133223831439604,0.0295722890119644,0.0722557246103958,0.0780731068702951,81.96160108244943,0.1006083642111546,-0.0017377689753791,-0.0002520048121773,0.999998458325093,-0.3784153959050808,0.9256358831322394,39.147026315410834,2,43,True
113,112,NEIGHBOR_KNOCKED,0.082,48.5,97,3,4,0.0,0.0,0.0,1.0,0.4140055711025676,0.910274347159161,-0.1306251922466199,0.0845260713327097,0.1555879095058763,0.0,0.0,0.0,0.0,1.0,0.4140055692339497,0.9102743480090346,3.753900248621605,2,43,False
113,55,NEIGHBOR_KNOCKED,0.082,62.3,97,3,4,2.561320938754782e-06,4.277970537625786e-08,0.0,0.999999999999999,0.6852767126213823,-0.7282827933837455,-0.2288561485811543,0.1250332222962571,0.2607842852266689,0.0,0.0,0.0,0.0,1.0,0.6852766638028276,-0.7282828393194957,4.822020248621738,2,43,False
64,63,SUCCESS,0.05,54.2,96,2,3,0.0,-3.611235189129857e-12,0.0,1.0,-0.9228931221100736,-0.3850562103926135,-0.0759497316998957,0.031267023969606,0.0821339669880986,0.0,0.0,0.0,0.0,1.0,-0.9228931221082444,-0.385056210396998,4.195080000000004,3,43,False
64,62,SUCCESS,0.05,82.3,96,2,3,0.0031561796943528,-5.508572866556205e-05,0.0,0.9999999984827812,-0.962239114300654,-0.272205596764455,-0.0467715381371686,0.1072434183462148,0.1169988357134286,0.0,0.0,0.0,0.0,1.0,-0.9622355497649488,-0.2722181969827641,6.37002045088864,3,43,False
112,111,SUCCESS,0.044,87.2,95,1,2,0.0001449656363672,-2.5039369110859133e-06,-3.6307210024966553e-07,0.9999999999967992,-0.7535069611368004,-0.6574399284485121,0.1167952973836636,0.0648731871656396,0.1336026642846861,0.0,0.0,0.0,3.9197837831435234e-17,1.0,-0.7535078948823344,-0.6574388582598332,6.749280000912739,4,43,False
55,53,GRASP_FAILED,0.064,57.1,94,2,3,0.2354574770377207,-0.0026112603935522,-0.0031732131856035,0.9999915559829672,-0.6302148527345087,-0.7764207875841691,-0.0122962344313101,0.0580250909179718,0.0593136456241616,5.289265300046636,0.0,-2.0397753440176208e-10,-1.872096455764749e-10,1.0,-0.6297432625565543,-0.7768033362857207,4.434670138121061,5,43,True
55,54,GRASP_FAILED,0.064,90.3,94,2,3,1.1050165670762109,0.0192849811422216,-5.049098441286033e-06,0.99981402744553,-0.9791055152825798,-0.2033528705065004,-0.004493503469036,0.1520521353266534,0.1521185177117538,0.0003217356240433,8.408695236852925e-06,-1.467323561785273e-07,2.4014281498329812e-11,0.9999999999999892,-0.9793887775925608,-0.201984213060698,7.049235374742435,5,43,False
54,53,NEIGHBOR_KNOCKED,0.088,57.1,94,3,4,0.0,0.0,0.0,1.0,0.99283096856845,-0.1195268499184754,-0.0057655863999999,0.1145784642360292,0.114723434629647,17.219302459994672,0.0,9.48934249332019e-10,8.957021979962556e-11,1.0,0.9929199913774704,-0.118785061026057,4.434441233229982,6,43,False
54,55,NEIGHBOR_KNOCKED,0.088,62.3,94,3,4,0.0,0.0,9.776923661203531e-17,1.0,0.9795102002223712,0.2013945571765293,0.0155904019,0.1529678390184469,0.1537602692680297,1.2986272988067606,0.0,3.9226390408830615e-09,3.852048869895279e-09,1.0,0.979588646423597,0.2010126458658387,4.822529700828317,6,43,False
54,63,NEIGHBOR_KNOCKED,0.088,54.2,94,3,4,0.0,0.0,0.0,1.0,-0.9703211296935704,-0.2418199852580285,0.1375930615,0.2035478392991717,0.2456899946198547,0.0,0.0,0.0,0.0,1.0,-0.9703211297377332,-0.2418199850808222,4.195079851454426,6,43,False
38,87,SUCCESS,0.08,80.5,93,2,3,0.0419713116671491,-0.0007119234039194,0.0001725580394527,0.999999731694359,0.2628741474347289,0.9648301314793524,-0.1857671553281179,0.0522542882333184,0.1929765442676177,0.0,0.0,0.0,0.0,1.0,0.2660039625897891,0.9639719352172708,6.230776754686675,7,43,False
38,88,SUCCESS,0.08,54.2,93,2,3,0.0,-7.779315786927739e-11,-4.319906661795968e-12,1.0,-0.3106936986827771,0.9505100870578996,-0.2372574862847114,0.0881748618749644,0.2531124672251627,0.0,0.0,0.0,0.0,1.0,-0.3106936984651727,0.950510087129028,4.195079999999962,7,43,False
21,20,SUCCESS,0.072,63.2,92,3,4,9.621540352629896e-06,1.6214494108149786e-07,-4.1930459115334345e-08,0.999999999999986,0.866099575489806,-0.4998715088263961,-0.1556579564912287,0.0284865228059997,0.1582431085406312,0.0,0.0,0.0,0.0,1.0,0.8660994250379469,-0.4998717695058782,4.891680000003169,8,43,False
21,22,SUCCESS,0.072,78.7,92,3,4,0.0124489950591221,-0.0002154217288672,2.8325211892629108e-05,0.9999999763955804,0.3836948567078167,-0.9234599379160788,-0.1565585083941222,0.0924932630446733,0.1818394078830097,0.0,0.0,0.0,0.0,1.0,0.3840728623171601,-0.9233027869726722,6.09138668429252,8,43,False
21,19,SUCCESS,0.072,49.5,92,3,4,0.0,-5.827694346715871e-13,-2.3625787892091373e-14,1.0,0.80088570241355,0.5988172439647631,0.0621698027111131,0.2516150219763326,0.2591817965314869,0.0,0.0,0.0,0.0,1.0,0.8008857020625794,0.5988172444341674,3.831299799999957,8,43,False
67,68,SUCCESS,0.086,84.6,91,3,4,0.1991970612710867,-0.0034766375757421,0.0,0.9999939564773214,-0.9976653096191216,-0.0682929716924249,-0.065072881583857,0.150783077085426,0.1642255042707319,0.0,0.0,0.0,0.0,1.0,-0.9976530537353318,-0.0684717779276039,6.54987376494749,9,43,False
67,20,SUCCESS,0.086,63.2,91,3,4,0.0,0.0,0.0,1.0,0.9999645920562046,-0.0084151431282239,0.2024755824227913,0.1171165362340931,0.2339073417764397,0.0,0.0,0.0,0.0,1.0,0.9999645920562046,-0.0084151431282239,4.891679800000021,9,43,False
67,22,SUCCESS,0.086,78.7,91,3,4,0.0,0.0,0.0,1.0,0.8710492769149579,-0.4911956404386433,0.1991857044227912,0.1469180100023834,0.2475072655690414,0.0,0.0,0.0,0.0,1.0,0.8710492769149577,-0.4911956404386433,6.091379800000018,9,43,False
105,104,SUCCESS,0.05,52.1,90,3,4,2.074293226106887,-0.0353417261062217,0.0078144050439719,0.999344734048087,-0.4824533771267039,0.8759216511190019,-0.0525547899792694,0.0310525039743393,0.0610431319055753,2.129783510729479,14.905916370571228,-0.2532178258516739,0.0452695575712814,0.9663495225994846,-0.7358887411414643,0.6771024742690214,8.143579755394175,10,43,True
105,106,SUCCESS,0.05,81.9,90,3,4,28.785315665770984,0.4597535527755242,-0.1431674391683466,0.8764301199024717,0.9999580065104215,-0.0091643448049483,-0.0702260266205417,0.0756245907600108,0.1032025849604948,28.777644387962383,23.785851250498684,0.396872190981333,-0.071825869482758,0.915059292340514,0.9857127925450108,0.168434826010289,8.193804776140317,10,43,False
105,107,SUCCESS,0.05,86.5,90,3,4,0.1878111287350343,0.0007376561797123,-0.0031938380111064,0.9999946276166284,-0.6463765523586478,-0.7630185794336519,-0.0255681144459211,0.1617885268276256,0.163796385458816,0.0,0.0,0.0,0.0,1.0,-0.6473052734255065,-0.7622308593828581,6.696752276075556,10,43,False
107,104,SUCCESS,0.088,52.1,89,2,3,0.0,-3.3165096539788254e-12,3.5540712591989664e-14,1.0,0.5311135582372923,0.8473006480916453,-0.0219138692003056,0.1764926408787865,0.1778478842935625,0.0,2.958778372397408,-0.0508856970299677,0.0086608098491719,0.9986669295668756,0.5180150076059332,0.8553715285740022,4.351806230098369,11,43,False
107,106,SUCCESS,0.088,81.9,89,2,3,34.391040264581505,0.5569086682142541,-0.094311532603895,0.825201835968468,0.7750770385575105,0.6318667456837075,0.005491920261893,0.2104211258810754,0.2104927823114664,34.388024252291935,32.45244350854716,0.528792752288853,-0.0911983254349725,0.8438371232439568,0.7691358910907544,0.639085268986879,6.679043715982151,11,43,False
106,104,DEFECT,0.084,52.1,88,1,2,0.0,-1.7232569197563394e-13,4.3870567105737204e-14,1.0,-0.9852912889094646,0.1708832232816488,0.0535633438538585,0.0408978051473266,0.0673918561153748,0.0,0.0,0.0,0.0,1.0,-0.9852912889094632,0.1708832232816567,4.032540000000022,12,43,False
98,3,SUCCESS,0.084,70.0,87,3,4,0.000746384235026,9.098292923121977e-06,-9.323097006004256e-06,0.9999999999151504,0.2673418789893994,-0.9636017433247084,0.0092194481449389,0.1017170889968516,0.1021340512174596,0.0,0.0,0.0,0.0,1.0,0.267340056933345,-0.9636022488344844,5.418000021256383,13,43,False
98,82,SUCCESS,0.084,83.8,87,3,4,0.0881226381037842,0.0012629662809959,0.0008777534641314,0.9999988172318152,-0.9731297248002458,0.230257548649763,-0.2504427831747494,0.067689637717199,0.2594291323244176,0.0,0.0,0.0,0.0,1.0,-0.9742732996843688,0.2253697795227478,6.486476415800357,13,43,False
98,72,SUCCESS,0.084,77.5,87,3,4,0.0295051699941756,-0.0002457568374392,0.0004525370574718,0.9999998674068854,0.54266637955545,-0.8399483320420253,0.232297058276757,0.2394954125267874,0.3336464834303085,0.0,0.0,0.0,0.0,1.0,0.5426922813160475,-0.8399315970958493,5.998536738564703,13,43,False
32,31,NEIGHBOR_KNOCKED,0.078,81.5,86,3,4,0.0078802741047494,-9.401974498296088e-05,0.0001003824651754,0.999999990541824,0.99914271210634,-0.0413985609023717,-0.0784361061338964,0.0612436053492085,0.0995138278914919,22.401446560167948,0.0206843385941781,8.87132937371337e-05,0.0003499400380293,0.9999999348359584,0.9962908300916712,-0.0860498801582462,8.809157448285747,14,43,False
32,25,NEIGHBOR_KNOCKED,0.078,92.5,86,3,4,0.0034318274699803,5.9896688313377016e-05,0.0,0.9999999982061932,0.4609490040683222,0.8874266255011858,-0.0954144475164169,0.1114521991088051,0.1467157438077176,0.0,0.0,0.0,0.0,1.0,0.4608863180882869,0.8874591831735262,7.159500533208432,14,43,False
32,37,NEIGHBOR_KNOCKED,0.078,63.70000000000001,86,3,4,1.2074182697257331e-06,2.746219673838365e-13,1.4660427521419398e-08,0.9999999999999998,-0.4287368569676741,-0.9034294147732184,-0.094345662626202,0.0985056723523291,0.136398209452916,0.0,0.0,0.0,0.0,1.0,-0.4287368487427859,-0.9034294186764704,4.930379980706188,14,43,False
24,26,NEIGHBOR_KNOCKED,0.084,51.1,85,3,4,0.0,6.48437720521686e-14,0.0,1.0,-0.9898508427957512,-0.142110200255088,-0.0432193972849128,0.0488480075439179,0.0652230338353084,0.5065725742586755,0.0,2.8385912507097325e-14,1.6663523338429222e-14,1.0,-0.9898895161374665,-0.1418405648646843,3.955149980724788,15,43,False
24,25,NEIGHBOR_KNOCKED,0.084,92.5,85,3,4,0.0,0.0,1.646222551602649e-17,1.0,-0.999507364603726,0.0313851573664099,-0.0681521638849096,0.1462145077782254,0.1613176981208953,0.0,0.0,0.0,-2.3047115722437083e-16,1.0,-0.9995073646020002,0.0313851574213704,7.15949999541636,15,43,False
24,31,NEIGHBOR_KNOCKED,0.084,81.5,85,3,4,1.548605131859321e-05,6.642314364394442e-08,2.6201395305995733e-07,0.9999999999999636,-0.8120905029624048,-0.5835315030041383,-0.0513032991421078,0.1704604811163586,0.1780134942224467,0.0,0.0,0.0,0.0,1.0,-0.8120904446378029,-0.5835315841734496,6.308099995426101,15,43,False
26,25,SUCCESS,0.046,92.5,84,2,3,0.0,0.0,0.0,1.0,-0.993145031076745,0.1168886104270701,-0.0313416312,0.0984955433890098,0.1033618397367864,0.0,0.0,0.0,0.0,1.0,-0.993145031076745,0.1168886104270701,7.1595,16,43,True
26,31,SUCCESS,0.046,81.5,84,2,3,0.0,0.0,0.0,1.0,-0.6976070572357489,-0.7164805605840806,-0.0127899312,0.1291661624769777,0.1297978423130744,0.0,0.0,0.0,0.0,1.0,-0.6976070560748677,-0.7164805617143819,6.308099999999997,16,43,False
25,31,SUCCESS,0.094,81.5,83,2,3,0.0,0.0,0.0,1.0,0.0739205735429409,-0.997264131916456,0.0202545,0.1043435221118704,0.1062911820282397,0.0,0.0,0.0,0.0,1.0,0.0739205735429409,-0.997264131916456,6.308100000000008,17,43,False
25,37,SUCCESS,0.094,63.70000000000001,83,2,3,0.0,0.0,0.0,1.0,-0.4458740522302174,-0.8950957097136626,0.03416810337,0.209920091182325,0.2126826367381659,0.0,0.0,0.0,0.0,1.0,-0.4458740533752193,-0.8950957091433028,4.930379970000009,17,43,False
37,31,SUCCESS,0.066,81.5,82,1,2,0.0,0.0,0.0,1.0,0.7704059398608953,0.6375536744675311,-0.0166690434,0.131503470778396,0.1325557235076462,0.0,0.0,0.0,0.0,1.0,0.7704059398608953,0.6375536744675311,6.308100000000008,18,43,False
23,116,SUCCESS,0.086,81.60000000000001,81,3,4,0.02283684239954,-0.0001469519464739,0.0003704991383607,0.999999920567754,-0.9232511984067204,-0.3841968566250311,0.0554173593703495,0.125508073794208,0.1371982518369488,0.0,0.0,0.0,0.0,1.0,-0.9232620918225364,-0.3841706779589957,6.315862389435565,19,43,False
23,8,SUCCESS,0.086,81.69999999999999,81,3,4,0.0567561807435295,-0.000506506272971,0.0008512956116723,0.999999509373468,0.8808118867805497,-0.4734663875145609,0.121872239091915,0.141084156760804,0.1864338540882101,0.0,0.0,0.0,0.0,1.0,0.8809410603387016,-0.4732260011974448,6.323723472179086,19,43,False
23,117,SUCCESS,0.086,73.1,81,3,4,0.0112239395751965,-5.60340622354569e-06,0.0001958145423336,0.9999999808126332,-0.9999999468484764,-0.0003260414763775,0.1987294732364457,0.0783320804616436,0.2136102019152751,0.0,32.69232959882103,0.4887580803233758,0.2298987329194055,0.8415830984048219,-0.9615688133621004,-0.2745640493025298,25.59978572581179,19,43,False
101,100,NEIGHBOR_KNOCKED,0.088,49.8,80,3,4,0.0,0.0,6.098362023388758e-13,1.0,-0.8820660767642495,0.4711257116967032,0.0287946643023669,0.0946213754602523,0.0989056994630544,0.0,0.0,0.0,0.0,1.0,-0.8820660767642483,0.4711257116967053,3.854520000000004,20,43,False
101,99,NEIGHBOR_KNOCKED,0.088,90.1,80,3,4,5.08551534420461,-0.087020513889268,-0.0168796085203479,0.9960635064987812,-0.9740816349045414,-0.2261967474162609,-0.0290667078762774,0.0828032996662272,0.0877568227682604,3.756718165843151,0.0984909583087499,0.0017170511182382,8.163543509058883e-05,0.9999985225344652,-0.9736054991398192,-0.2282374466311426,7.953153374967612,20,43,True
101,4,NEIGHBOR_KNOCKED,0.088,81.4,80,3,4,0.0365893643373946,8.855313908163262e-05,0.0006324353543931,0.9999997960919113,0.7603769515317318,0.6494820179029673,0.0194268751520983,0.2007012210916504,0.2016392412846635,0.0,0.0,0.0,0.0,1.0,0.7604139443261124,0.6494387063260119,6.300417788895514,20,43,False
15,14,SUCCESS,0.08,49.1,79,2,3,0.0,-4.1061685518284404e-13,-3.101335764220876e-17,1.0,0.947368433823137,0.3201453585412362,-0.0890897366298197,0.0840103358574685,0.1224529203557649,0.0,0.0,0.0,0.0,1.0,0.9473684338231956,0.3201453585410626,3.80034,21,43,False
15,60,SUCCESS,0.08,74.7,79,2,3,0.0091902860807215,-9.252452162963908e-11,-0.0001604007504552,0.9999999871357996,0.9781397891772872,0.2079484379076035,0.2873690015611238,0.1435726550364183,0.3212383076976399,0.0,0.0,0.0,0.0,1.0,0.9781953915659444,0.2076867254283455,5.7817834134346535,21,43,False
10,9,NEIGHBOR_KNOCKED,0.048,84.6,78,2,3,0.0,-3.022891560150189e-09,0.0,1.0,0.9651910029960106,-0.2615460336834707,-0.0744618974510413,0.0517678651418733,0.0906889521019875,8.124302311203898,0.0198169569750307,-0.0001083826908392,-0.0003284509671444,0.9999999401865756,0.9626469819484704,-0.2707596501428923,7.184332148505861,22,43,True
10,11,NEIGHBOR_KNOCKED,0.048,76.8,78,2,3,0.001228905961214,8.011297890974418e-11,2.144845716227217e-05,0.999999999769982,-0.9995886736589916,-0.0286789730056309,-0.0839332738914909,0.0301717077579205,0.089191515376595,0.0,0.0023516863045002,4.0982768642650256e-05,2.2533333300830872e-06,0.9999999991576676,-0.999586204375572,-0.0287649095607276,5.944320403858429,22,43,True
93,92,SUCCESS,0.05,77.8,77,2,3,0.0289178533146234,-0.0004971694262409,8.692809349039177e-05,0.999999872633026,-0.9166265178833258,-0.3997447019199739,-0.1390461232850009,0.0266227182549806,0.141571867007085,0.0,0.0,0.0,0.0,1.0,-0.9158560137584028,-0.4015068642782691,6.0217557059754725,23,43,False
93,91,SUCCESS,0.05,86.2,77,2,3,0.1044331095896546,-0.0009351899016133,-0.0015644990666977,0.9999983388798795,-0.9560808543304908,-0.2931030535198822,-0.113621911663672,0.1514887846955016,0.1893641748024882,0.0,0.0,0.0,0.0,1.0,-0.9564656729837712,-0.2918448498838062,6.67238617066086,23,43,False
70,69,SUCCESS,0.062,55.2,95,3,4,0.0,3.214681068966525e-10,-6.298316858251018e-11,1.0,-0.5350137978639173,-0.84484332044186,-0.0600537987065348,0.0550184654595301,0.0814462416604137,0.0,0.0,0.0,0.0,1.0,-0.5350137982928379,-0.8448433201702376,4.272479999999995,1,44,False
70,68,SUCCESS,0.062,85.2,95,3,4,0.047402187733197,-0.0008273241542098,0.0,0.9999996577673134,0.9711942765284596,0.2382890623557068,-0.0791765973712564,0.0565339971047765,0.0972883672384984,0.0,0.0,0.0,1.4298177091384503e-16,1.0,0.9713000871018516,0.2378573959243977,6.594584391474291,1,44,True
70,31,SUCCESS,0.062,55.2,95,3,4,0.0,3.1354801090940293e-10,-6.04909248245964e-13,1.0,-0.6481612732808943,0.761503095081622,-0.1918104348080141,0.0393455634713749,0.1958042805102059,0.0,0.0,0.0,0.0,1.0,-0.648161274310886,0.7615030942049339,4.272479899999987,1,44,False
69,68,SUCCESS,0.058,85.2,94,2,3,0.0,0.0,1.4298177091384503e-16,1.0,0.8154002563082332,0.5788975919905589,-0.0237213290999999,0.1035648049490898,0.1062467424367143,0.0,0.0,0.0,0.0,1.0,0.8154002563082332,0.5788975919905588,6.594479999999996,2,44,False
69,31,SUCCESS,0.058,55.2,94,2,3,0.0,0.0,0.0,1.0,0.0513864238707569,0.9986788449956148,-0.131756636,0.076544879050017,0.1523775890307306,0.0,0.0,0.0,0.0,1.0,0.051386423870757,0.9986788449956148,4.272480100000004,2,44,False
31,32,SUCCESS,0.054,81.60000000000001,93,3,4,0.0246795657973145,0.0003757518096732,-0.0002105878413756,0.999999907231665,0.8929362959111213,-0.4501830421556616,-0.006415842513215,0.1069500460972816,0.1071423137484208,0.0,0.0,0.0,0.0,1.0,0.8929405210479345,-0.4501746615155535,6.315866880862291,3,44,False
31,68,SUCCESS,0.054,85.2,93,3,4,0.0,0.0,0.0,1.0,0.979663096226182,-0.2006494901377293,0.103391307,0.0821847849634741,0.1320761191232568,0.0,1.360850116690208,-0.0225006905361198,-0.0075985410655656,0.9997179507736532,0.9810252758096408,-0.1938798809124307,6.707959563822622,3,44,False
31,33,SUCCESS,0.054,54.9,93,3,4,0.0,1.3016639135631008e-10,-3.896357798172488e-11,1.0,0.8976017220346035,0.4408073826520086,-0.1269472979931701,0.0685306310254865,0.144263868853286,0.0,0.0,0.0,0.0,1.0,0.8976017219406166,0.4408073828433914,4.2492603999999545,3,44,False
59,61,NEIGHBOR_KNOCKED,0.08,60.6,92,3,4,21.240432329986437,-0.3419677322276876,-0.1196102305693238,0.9320683788532927,-0.9586954488080592,-0.2844345907844425,0.0386582391846206,0.0591155791040368,0.0706336403540195,0.8133975669902415,9.131716682711492,0.0745089036802375,-0.1401270311554545,0.9873261054038464,-0.9484434294996286,-0.3169464639950777,14.614845457971445,4,44,True
59,60,NEIGHBOR_KNOCKED,0.08,45.3,92,3,4,0.0,5.3783871443088785e-16,1.8824355005081068e-15,1.0,-0.9928027821696572,0.1197607436357505,0.0712218586145736,0.0674114176720041,0.0980655514289483,0.0,0.0,0.0,0.0,1.0,-0.9928027821181878,0.1197607440624264,3.5062199783419405,4,44,False
59,105,NEIGHBOR_KNOCKED,0.08,63.2,92,3,4,1.1262047877356564e-05,1.2600883367741942e-07,1.502881280585909e-07,0.9999999999999808,0.4174552407351476,0.9086974865062408,-0.169994275202867,0.014709366281657,0.1706294788662148,0.0,0.0,0.0,0.0,1.0,0.417454579172596,0.9086977904275056,4.891679678346262,4,44,False
104,105,APPROACH_BLOCKED,0.092,63.2,91,3,4,0.0,0.0,0.0,1.0,-0.2004428375714588,-0.9797053990186548,0.1248736600323401,0.0174928842892421,0.126092949726102,0.0,0.0,0.0,0.0,1.0,-0.2004428375714588,-0.9797053990186548,4.891680000000023,5,44,False
104,14,APPROACH_BLOCKED,0.092,83.4,91,3,4,0.0114720920751113,0.0002002257772105,0.0,0.9999999799548188,-0.3402307264187945,0.94034198715177,-0.2263683685394709,0.1883058810909416,0.2944515972594776,0.0,0.0,0.0,0.0,1.0,-0.3404881812940557,0.9402487960104317,6.45516592778545,5,44,False
104,119,APPROACH_BLOCKED,0.092,78.10000000000001,91,3,4,0.031640007358058,-0.0005521050563727,1.1377541651535676e-05,0.9999998475252676,-0.9991498916286686,-0.041224920356746,0.1045512154444468,0.2650203464949992,0.2848977723802708,0.0,0.0,0.0,0.0,1.0,-0.999150209915888,-0.0412172054491454,6.044982906718727,5,44,False
0,108,SUCCESS,0.068,84.8,91,2,3,0.3539487996099965,-0.0035070106782164,0.0050855467436842,0.9999809188631656,-0.776735979674509,-0.6298263394611889,-0.1095208637121092,0.0886461536874218,0.1409005328301508,0.7060572085321969,0.0066975272156429,7.371605224197915e-05,-9.072005258089882e-05,0.999999993167908,-0.7690642605714209,-0.639171466127622,6.57335661125548,6,44,False
0,106,SUCCESS,0.068,84.3,91,2,3,17.981347169889354,0.155209362160042,0.2668525567402788,0.9511570673968884,0.2605960483814619,-0.9654479269064524,-0.1063057941957981,0.0708041428821737,0.1277268512446724,17.938141215061776,0.1465123156951974,-0.0013254066098668,-0.0021868144735747,0.9999967305645436,-0.0625768932144434,-0.9980401457033822,17.393421370949845,6,44,False
14,96,SUCCESS,0.086,48.5,90,3,4,0.0,0.0,1.0047048974729565e-15,1.0,-0.5918513350174892,-0.8060471433098785,-0.0747171170000001,0.1978243894584443,0.2114642679920131,0.0,0.0,0.0,0.0,1.0,-0.591851335017489,-0.8060471433098787,3.7538999999999914,7,44,False
14,97,SUCCESS,0.086,52.900000000000006,90,3,4,0.0,2.103418075971752e-12,1.7022625812987945e-12,1.0,-0.6228582656287235,-0.7823346987945624,-0.1164752240004381,0.165847181774845,0.2026617021260078,0.0,0.0,0.0,0.0,1.0,-0.6228582656291283,-0.7823346987942401,4.09445999999998,7,44,False
14,43,SUCCESS,0.086,51.8,90,3,4,0.0,-1.5954248271531974e-12,-5.691226535540593e-13,1.0,-0.7499091710933857,-0.6615408038133636,-0.1733683379995944,0.2578426274190009,0.3107079032388384,0.0,0.0,0.0,0.0,1.0,-0.7499091710930585,-0.6615408038137343,4.009319999999955,7,44,False
83,43,SUCCESS,0.084,51.8,89,3,4,0.0,0.0,0.0,1.0,0.8994556036996536,-0.4370121473978631,-0.1423043017803205,0.1234998514900827,0.1884216750356949,0.0,0.0,0.0,0.0,1.0,0.8994556036996536,-0.4370121473978631,4.00932000000001,8,44,False
83,96,SUCCESS,0.084,48.5,89,3,4,0.0,0.0,0.0,1.0,0.9748262994235828,-0.2229656609259003,-0.0431422409803205,0.1921968617276899,0.1969794065753494,0.0,0.0,0.0,0.0,1.0,0.9748262994235828,-0.2229656609259002,3.753899999999949,8,44,False
83,97,SUCCESS,0.084,52.900000000000006,89,3,4,0.0,0.0,0.0,1.0,0.9978712138063358,-0.0652153406544047,-0.0855814677803205,0.2015709980364931,0.2189864262388469,0.0,0.0,0.0,0.0,1.0,0.9978712138063358,-0.0652153406544047,4.0944599999999385,8,44,False
43,97,SUCCESS,0.052,52.900000000000006,88,2,3,0.0,0.0,0.0,1.0,0.9107874214196604,0.4128756144212516,0.056552554,0.098880661811977,0.1139103886583549,0.0,0.0,0.0,0.0,1.0,0.9107874214196604,0.4128756144212516,4.094459999999994,9,44,False
43,96,SUCCESS,0.052,48.5,88,2,3,0.0,0.0,0.0,1.0,0.9895439765759868,0.144231475143891,0.0996729008,0.0770818920690411,0.1260012112593762,0.0,0.0,0.0,0.0,1.0,0.9895439765759868,0.144231475143891,3.753900000000004,9,44,False
117,109,SUCCESS,0.09,88.4,87,3,4,0.5463633427488812,-0.0084340191745642,0.0044493588801691,0.9999545342294912,0.6964817185014385,-0.71757453675091,-0.0313617758429493,0.3544315311196834,0.3558163448126948,0.0,0.0,0.0,0.0,1.0,0.6969729645060384,-0.7170974039470959,6.856614037162876,10,44,False
117,110,SUCCESS,0.09,60.1,87,3,4,1.7075472925031875e-06,-2.0892623092030675e-08,-1.9121942105427338e-08,0.9999999999999996,0.8191637354518079,-0.5735597392779939,0.0832489325620927,0.3701585313159775,0.3794044320757592,0.0,8.202308816801281,0.1392820982404027,-0.0309012743630497,0.9897704826637792,0.8118746725586867,-0.5838317532112528,6.994278533195779,10,44,False
117,46,SUCCESS,0.09,83.3,87,3,4,0.054426644453231,-1.761955710450542e-09,-0.0009499240037254,0.999999548822092,-0.9596683246393104,-0.281134677128203,0.2913219638249693,0.1904717074421796,0.3480631522335796,0.0,0.0,0.0,0.0,1.0,-0.9593396779617792,-0.2822541094265769,6.447555445367435,10,44,False
17,94,SUCCESS,0.054,59.1,86,3,4,0.0,9.16452913410241e-09,0.0,1.0,-0.3366206047151702,0.9416403604780296,-0.0172178175569154,0.0832797204658387,0.0850409612027725,0.0,0.0,0.0,0.0,1.0,-0.3366206096799292,0.9416403587032114,4.574340000000014,11,44,False
17,95,SUCCESS,0.054,53.0,86,3,4,0.0,1.3672968525240416e-11,-3.680242332998024e-12,1.0,0.2800987506522688,0.959971192215182,-0.0647801536999892,0.0364263719403093,0.0743192363128684,0.0,0.0,0.0,0.0,1.0,0.2800987506168381,0.95997119222552,4.102199999999972,11,44,False
17,55,SUCCESS,0.054,86.3,86,3,4,0.0895232255820494,-0.0002269225352338,-0.0015459082888427,0.9999987793361176,0.2485287535740768,0.9686245189168586,0.0227093595641462,0.1653447482207886,0.1668969765334581,0.0,0.0,0.0,0.0,1.0,0.2485035824036035,0.9686309769631444,6.679979714581028,11,44,False
56,54,NEIGHBOR_KNOCKED,0.082,60.0,85,3,4,1.878310052399514,-0.0022600630920048,0.0326988111484877,0.99946269558413,0.971501081399744,-0.2370351215308143,-0.03129288922955,0.0882523907618925,0.0936361542969523,40.87653493356039,4.965941712850487,-0.0544718020541811,0.0672760932384052,0.9962463300105792,0.973624327312374,-0.2281571153076918,6.18072303956049,12,44,False
56,55,NEIGHBOR_KNOCKED,0.082,86.3,85,3,4,1.3484009165183046,0.0122591145918325,-0.0200863809524694,0.9997230873645244,0.8936268080504592,-0.4488107930225696,0.0261288082827677,0.1205439730879443,0.1233432773608058,0.0426190114441287,2.846739489481511,0.03113563186105,-0.0386928768217266,0.9987659554229268,0.8922860566633475,-0.4514704786408226,6.852572363233142,12,44,False
56,94,NEIGHBOR_KNOCKED,0.082,59.1,85,3,4,0.0,0.0,0.0,1.0,0.2722130523742191,-0.962237005169262,-0.0122445467243747,0.1406925505411197,0.1412243700720627,0.0,0.0,0.0,0.0,1.0,0.2722130516210224,-0.9622370053823384,4.574340007012146,12,44,False
95,94,SUCCESS,0.052,59.1,84,3,4,0.0,0.0,0.0,1.0,-0.6606232889174587,0.7507175701553015,0.037469376388,0.0578796603774855,0.0689493237988501,0.0,0.0,0.0,0.0,1.0,-0.6606232889174587,0.7507175701553015,4.574340000000003,13,44,True
95,55,SUCCESS,0.052,86.3,84,3,4,4.45899272838776,0.048864768695886,-0.0604698937370049,0.9969732325051324,0.2310785898117777,0.9729350879326945,0.0630806979812035,0.1299947728580261,0.1444915756305731,4.049813837662901,5.702489054350437,0.0624477970484109,-0.077286957834957,0.9950512543544768,0.2314589044940787,0.9728446821206356,6.789923038089254,13,44,False
95,54,SUCCESS,0.052,60.0,84,3,4,8.504565048763085,-0.0929975545886762,0.1149885980593455,0.989004083488472,0.0441302789763153,0.9990257846910022,0.0377168566565403,0.1561016135651224,0.1605935086909954,9.26449216677611,12.922346472301422,-0.1405683907274677,0.1739282248104122,0.9746740481528112,0.0526065226954899,0.998615318213119,5.398472505776988,13,44,False
5,4,SUCCESS,0.072,48.5,83,3,4,0.0,0.0,3.215055671913461e-14,1.0,0.4392934816717416,0.8983436074023787,-0.0210104454805639,0.0817494335569843,0.0844062124856905,0.0,0.0,0.0,0.0,1.0,0.4392934816717492,0.8983436074023751,3.753899999999994,14,44,False
5,6,SUCCESS,0.072,83.5,83,3,4,0.0027826678390572,-1.5488986872334416e-05,-4.6030611682829725e-05,0.9999999988206372,-0.1013138720202969,0.994854511642911,-0.0906106153066505,0.0477629436102974,0.1024284256862823,0.0,0.0,0.0,0.0,1.0,-0.1012561099381316,0.9948603923165285,6.462898986468038,14,44,False
5,55,SUCCESS,0.072,86.3,83,3,4,0.032903020124124,-0.0003580395508492,0.0004489867733854,0.999999835109265,-0.9952308660877291,-0.0975475432098059,0.0560353330347872,0.2531171841995469,0.2592455737045994,0.0,0.0,0.0,0.0,1.0,-0.9952321280071972,-0.0975346675919159,6.679670191967613,14,44,False
53,63,SUCCESS,0.092,77.3,82,2,3,0.0116951752314974,-0.0002041193132429,0.0,0.9999999791676528,-0.9375592095194012,0.3478257159057616,-0.0750229607639445,0.2119700545787204,0.2248549503121825,0.0,0.0,0.0,0.0,1.0,-0.937545335015154,0.3478631121451696,5.983025826119948,15,44,False
53,62,SUCCESS,0.092,57.5,82,2,3,0.0,2.827255202465914e-09,4.716134325057786e-10,1.0,-0.9845835973175082,0.1749146646033851,0.0141062554062942,0.3227552322226949,0.3230633473000509,0.0,0.0,0.0,0.0,1.0,-0.9845835973271976,0.1749146645488447,4.450499999999987,15,44,False
9,109,APPROACH_BLOCKED,0.066,88.4,81,3,4,2.9423843250854738,-0.0482586172574957,0.0174943372394586,0.9986816579996584,-0.9378202157067808,0.3471213664004098,0.0559601018726187,0.0459801236709461,0.0724272377934529,1.562396330236871,0.0227161375776659,-0.0002697027654814,0.0002906027810428,0.999999921405218,-0.9386070333582288,0.3449881692615915,7.302607455185044,16,44,True
9,10,APPROACH_BLOCKED,0.066,81.4,81,3,4,0.0784605315445062,0.0004550186892832,0.0012915875555173,0.99999906237935,0.9902164780180496,-0.1395396956479736,0.0763552123661708,0.1254675827753539,0.1468748881973134,0.0,0.0,0.0,0.0,1.0,0.9902611330356266,-0.1392224421528258,6.300634324951759,16,44,False
9,11,APPROACH_BLOCKED,0.066,89.2,81,3,4,0.863596233351266,-0.0149948768745074,0.001523044578376,0.9998864105500838,0.9844732732153632,0.1755345388367452,-0.0352704424724626,0.1966569429871165,0.1997947880632557,0.0,0.0,0.0,0.0,1.0,0.9847800070889016,0.1738054591719801,6.940345199473522,16,44,False
21,80,SUCCESS,0.074,90.8,81,2,3,23.35782470223597,0.3808731513763293,0.1101175212925205,0.918046716711658,-0.4166400970541409,-0.9090715205783956,-0.0079802300214043,0.1994811294665767,0.1996406899518625,23.30999604810742,35.95568485525065,0.5861405118266317,0.0345745322199574,0.8094713720184212,-0.3718688082096999,-0.9282852953056498,15.25828541936875,17,44,False
21,81,SUCCESS,0.074,88.3,81,2,3,0.2693001933050307,0.003849908503283,0.0026962357708404,0.9999889541975874,-0.5217716660487292,-0.8530851824458876,0.1427279561983831,0.2155896749668201,0.2585540126025251,0.0,15.710357140887137,0.2620151284084526,-0.068314586090176,0.962642815281156,-0.604097644132309,-0.7969103063418084,16.042080713441766,17,44,False
84,85,APPROACH_BLOCKED,0.08,75.6,80,3,4,0.0020602946791593,7.307025197698643e-06,3.5208688731903376e-05,0.9999999993534778,0.930469926220838,-0.366368279738555,0.0519401634361366,0.0539002603825896,0.0748533142024021,39.98202423202007,0.0049040290788579,-7.512220677250314e-05,4.101891061001179e-05,0.9999999963370516,0.9361243803470196,-0.3516690838272662,5.866742614990238,18,44,True
84,37,APPROACH_BLOCKED,0.08,58.3,80,3,4,0.0,-2.0463036812383387e-09,-1.0411182636951646e-09,1.0,-0.0915748785352151,-0.9957981932205244,0.016911874522354,0.1274963523321026,0.128613107255254,0.0,0.0,0.0,0.0,1.0,-0.0915748781548577,-0.9957981932555026,4.51241995433502,18,44,False
84,36,APPROACH_BLOCKED,0.08,88.3,80,3,4,0.295432254039874,-0.0038863564611583,0.0033886682120034,0.999986706492244,0.4481318401593131,-0.8939674791822282,0.0523109448161175,0.1853156441863619,0.1925573237448038,0.0,0.0,0.0,0.0,1.0,0.448114541621491,-0.8939761504578079,6.838651861944357,18,44,False
50,44,SUCCESS,0.09,85.3,80,2,3,1.204245950027938,0.0169637045460239,-0.0124067076469831,0.9997791287746696,-0.7496002982259897,0.66189077112429,0.158312163398041,0.2224799179551468,0.2730568713163925,1.1827249637742732,2.1225633895022447,0.0299755750748217,-0.0217536790037959,0.9993138857980176,-0.7499353342107146,0.6615111446546188,6.655578663594091,19,44,False
50,45,SUCCESS,0.09,57.2,80,2,3,2.4880490780311093,-0.0346659439299369,0.0261302014264332,0.9990572981090026,-0.761474000516126,0.6481954539627431,0.14322530931992,0.2744112231067533,0.3095399951488194,2.5550891646116725,4.104668660822184,-0.0579142209677908,0.0420649026217359,0.9974349537574456,-0.7602168238816684,0.649669439551583,4.533693907466286,19,44,False
4,3,SUCCESS,0.08,52.7,91,3,4,0.0,0.0,4.3892932012233504e-12,1.0,-0.9859058303568184,0.167301206416548,0.0819064196684904,0.0727688386543268,0.109562609780939,0.0,0.0,0.0,0.0,1.0,-0.9859058303563022,0.1673012064195903,4.078979999999996,1,45,False
4,25,SUCCESS,0.08,79.2,91,3,4,0.0680429893729958,0.0011874842229567,1.459559752622705e-05,0.9999992948338456,-0.922612571402404,0.3857279392139545,0.1352202395818149,0.204776038605136,0.2453930300138445,0.0,0.0,0.0,0.0,1.0,-0.922532379448298,0.3859196922540506,6.130280231323873,1,45,False
4,109,SUCCESS,0.08,79.0,91,3,4,31.938323935573276,-0.209391010292773,0.4858012277841779,0.8486180365111015,-0.2404678302578384,-0.9706571086697338,0.2014471810507998,0.068647486803856,0.2128225650578418,0.0,11.91599523573726,0.1799914932803396,-0.1011729078059404,0.9784513810470116,-0.9190031814930364,0.3942501140211339,31.63262737460585,1,45,False
76,82,SUCCESS,0.046,55.0,90,3,4,0.0,8.615586538374088e-12,6.887696083239196e-11,1.0,0.8962979121101172,0.4434524244460103,0.0470554023025567,0.0668160479129921,0.0817226721575275,0.0,0.0,0.0,0.0,1.0,0.8962979121040723,0.4434524244582286,4.256999999999997,2,45,False
76,81,SUCCESS,0.046,88.4,90,3,4,11.384389266408771,0.1573215480137556,0.1192176211054257,0.9803249916984258,0.8759897998762637,0.4823296284832017,0.0050328588679202,0.1104188371903138,0.1105334758109299,11.37658333701901,15.567433845756852,0.2340562913027979,0.1313063562915561,0.9633152616350552,0.8796377012039266,0.4756443152405708,8.069608293651584,2,45,False
76,80,SUCCESS,0.046,52.900000000000006,90,3,4,0.0,-4.727739555474062e-12,1.1203338011388849e-11,1.0,0.9664615382237428,0.2568113999303715,-0.0979022969001184,0.0699579646631959,0.1203286190319489,0.0,0.0,0.0,0.0,1.0,0.9664615382294024,0.2568113999090725,4.09445980000002,2,45,False
80,81,NO_DETACH,0.056,88.4,89,3,4,17.29037592579918,0.2599372371983081,0.1441148498621112,0.9548107366211024,0.4035205860351863,0.9149705659997048,0.0851993722635146,0.0263787874124565,0.0891895367150683,17.283660791384634,19.035501665256,0.285245545508213,0.1581498692858726,0.9453166652569832,0.3813591541201204,0.9244269552370192,7.0543507155070655,3,45,True
80,82,NO_DETACH,0.056,55.0,89,3,4,0.8836064641078709,0.0142457080590452,0.005905434876634,0.9998810857501076,-0.5137136919928457,0.8579616790154906,0.1447435854260278,0.0157350248307544,0.1455963479226257,0.0,0.0,0.0,0.0,1.0,-0.4151732832181762,0.9097423508344766,4.280572542470415,3,45,False
80,7,NO_DETACH,0.056,82.60000000000001,89,3,4,0.1361896914180399,0.0023751812416701,9.184359706831804e-05,0.9999971750354212,-0.1983673622258023,0.9801277414722924,-0.1212069639385797,0.0828267061324639,0.1468039214597543,0.0,0.0,0.0,0.0,1.0,-0.2030323087259669,0.979172038823313,6.394082168444438,3,45,False
101,100,NEIGHBOR_KNOCKED,0.05,88.4,89,2,3,2.874031213715424,-0.0501078517499603,-0.0018028646994656,0.9987421853871395,0.9620597319377984,-0.2728389125175719,0.0216858297863776,0.0844674957894232,0.0872068406632184,6.253820745540785,0.0907624439507504,0.0013680013226626,-0.0007987203080379,0.9999987453083382,0.9639465820141164,-0.266095823009875,7.0330129096444765,4,45,True
101,114,NEIGHBOR_KNOCKED,0.05,62.5,89,2,3,0.0392321962998955,0.0004744491382761,0.0004937149804367,0.9999997655717392,0.8548960990052751,0.5187992481736681,-0.0021957263290125,0.1475223288055805,0.147538668525691,0.0,0.0,0.0,0.0,1.0,0.8549195776338486,0.5187605572693069,4.837552631994416,4,45,False
72,71,APPROACH_BLOCKED,0.074,75.30000000000001,88,3,4,5.740440175806486,-0.0753808167545605,-0.0657430058225347,0.9949852208203064,-0.5818626905633009,0.8132870399375833,0.0964318710416261,0.0303541626544852,0.1010963943127734,0.0,0.0,0.0,0.0,1.0,-0.7144431866588654,0.6996934564769958,7.064710932606188,5,45,False
72,40,APPROACH_BLOCKED,0.074,77.60000000000001,88,3,4,0.0235531382494509,2.9001560438455256e-10,0.0004110798001547,0.9999999155066954,0.8379479112246397,-0.5457502158261262,-0.2120574691813263,0.1672775520962071,0.2700928537945579,0.0,0.0,0.0,0.0,1.0,0.8376599240891586,-0.5461921379651535,6.006263383271204,5,45,False
72,39,APPROACH_BLOCKED,0.074,75.89999999999999,88,3,4,0.0031499358218092,4.614254454483907e-05,-2.9888268635370942e-05,0.9999999984887784,0.9990646057960596,-0.0432424958294972,-0.1889196485114739,0.2120025525811653,0.2839642863013386,0.0,0.0,0.0,0.0,1.0,0.9990659249293068,-0.0432120081128984,5.874660070450957,5,45,False
98,99,SUCCESS,0.052,87.1,88,3,4,0.0087721900616507,-3.144601337004597e-05,0.0001498394473405,0.999999988279644,0.9027325417301048,0.4302022293079204,-0.0337628969408992,0.1191358156804809,0.1238276051116846,0.0,0.0,0.0,-4.606458426985976e-18,1.0,0.902777335136719,0.4301082226178012,6.741542537481319,6,45,False
98,39,SUCCESS,0.052,75.89999999999999,88,3,4,0.0,0.0,0.0,1.0,-0.572542106753812,0.8198753173464283,0.087129762,0.120220143685122,0.1484738306027296,0.0,0.0,0.0,0.0,1.0,-0.5725421078720865,0.8198753165655057,5.874660000000035,6,45,False
98,40,SUCCESS,0.052,77.60000000000001,88,3,4,0.0,0.0,0.0,1.0,-0.9933097610704767,0.1154803817196327,0.063776378,0.1414007583982257,0.1551180223777762,0.0,0.0,0.0,0.0,1.0,-0.993309761070477,0.1154803817196327,6.006240000000037,6,45,False
67,65,SUCCESS,0.046,84.8,87,3,4,0.0693853493837596,-3.718139998464753e-05,-0.0012104315787049,0.9999992667361997,-0.8336989494397744,0.5522192152605852,-0.0023631190105159,0.0698487785576819,0.0698887415644176,0.0,0.0,0.0,0.0,1.0,-0.8332866378188732,0.5528411880753079,6.563742759888138,7,45,True
67,60,SUCCESS,0.046,64.5,87,3,4,1.3499346641909611e-05,-8.50207521623239e-08,2.199471624196645e-07,0.9999999999999722,0.9957111436919434,-0.0925165840683828,-0.1353801710972256,0.0466380345348914,0.1431883270088445,0.0,0.0,0.0,1.8886894390479987e-16,1.0,0.9957110716382938,-0.0925173595436048,4.992299800006567,7,45,False
67,27,SUCCESS,0.046,85.2,87,3,4,0.0878680534951336,-0.0013098245804054,-0.0007976505018761,0.9999988240559312,-0.9191302025269292,0.3939538942602371,-0.1713940158921485,0.0502159206577092,0.1785988448202826,0.0,0.0,0.0,0.0,1.0,-0.9169522838098416,0.3989968787044776,6.594838470734147,7,45,False
60,27,SUCCESS,0.062,85.2,86,3,4,0.0,0.0,0.0,1.0,-0.9671201896664708,0.2543197568799751,-0.039262622,0.0954430426396465,0.1032033326721006,0.0,0.0,0.0,0.0,1.0,-0.9671201896664708,0.2543197568799751,6.59448,8,45,False
60,65,SUCCESS,0.062,84.8,86,3,4,0.0,0.0,0.0,1.0,-0.925147380454211,0.3796081195637303,0.12991917,0.1131376440244706,0.1722762816782877,0.0,29.573848559714744,-0.2234754574555924,0.4400515199674162,0.8697202881900481,-0.9985643045138932,0.0535661250295834,27.08369173451075,8,45,False
60,68,SUCCESS,0.062,83.4,86,3,4,0.3924249962913926,-0.0068400196120891,-0.0003516845733433,0.9999765449497638,0.9055016888440603,-0.424342658120244,-0.0897979834061657,0.1395115587070119,0.1659130882018475,0.0,0.0,0.0,0.0,1.0,0.9068298242378808,-0.4214969393396513,6.4621769297793605,8,45,False
68,69,SUCCESS,0.09,51.7,85,3,4,0.0,-1.890691376789972e-12,1.649406734487762e-13,1.0,0.9886394989222986,0.150306158126227,-0.041405426400274,0.1485524350989022,0.15421489976394,0.0,0.0,0.0,0.0,1.0,0.9886394989223306,0.1503061581260161,4.001579999999991,9,45,False
68,70,SUCCESS,0.09,57.5,85,3,4,0.0,-3.603059642153855e-09,3.344798129641581e-10,1.0,0.999100573739995,-0.0424033436466114,0.0984000127927323,0.1957020588073621,0.219047616602076,0.0,0.0,0.0,0.0,1.0,0.9991005737490696,-0.0424033434327979,4.450499900000017,9,45,False
68,27,SUCCESS,0.09,85.2,85,3,4,0.0,0.0,0.0,1.0,-0.9347983757418,0.3551788235670765,0.049410171,0.2348838516388768,0.2400245586579905,0.0,0.0,0.0,0.0,1.0,-0.9347983757418,0.3551788235670766,6.594480000000027,9,45,False
0,2,SUCCESS,0.082,83.4,84,3,4,0.0114706619372542,-0.0002002008169032,0.0,0.9999999799598164,-0.775195758833882,-0.6317210899486907,-0.1534455283399724,0.0562782529656187,0.163440423165126,0.0,0.0,0.0,0.0,1.0,-0.7749102399238516,-0.6320712934955667,6.455166026282681,10,45,False
0,96,SUCCESS,0.082,90.3,84,3,4,0.0,8.539688792884477e-09,0.0,1.0,0.6533250653119734,-0.7570775119068759,-0.109340643956554,0.2549214408941367,0.2773811771702918,0.0,0.0,0.0,0.0,1.0,0.6533250611315866,-0.7570775155143683,6.989220000000152,10,45,False
0,44,SUCCESS,0.082,62.5,84,3,4,1.9090959104164224e-06,9.51174220535598e-14,-3.573408459641896e-08,0.9999999999999994,0.9755322158144804,-0.2198565348314441,-0.1681420017456697,0.2078721720935919,0.2673622499193719,0.0,0.0,0.0,0.0,1.0,0.9755322231920583,-0.2198565020961624,4.837500000000223,10,45,False
42,43,SUCCESS,0.06,84.6,83,2,3,0.0596892993884433,-0.0008660302221219,-0.0005790388596154,0.9999994573526796,-0.5756280684423876,-0.8177116403850968,-0.0753780237086513,0.0964793319382031,0.122434096351727,0.0,0.0,0.0,0.0,1.0,-0.5752349911941428,-0.8179882058476603,6.54820519095269,11,45,False
42,44,SUCCESS,0.06,62.5,83,2,3,1.1768457563181822e-05,-2.050067567328145e-07,1.9397755873472703e-09,0.9999999999999788,-0.9278021551260304,-0.3730725947365919,-0.0591137404506725,0.1295601962833759,0.1424088437248767,0.0,0.0,0.0,0.0,1.0,-0.9278021337760478,-0.3730726478323125,4.837500000004731,11,45,False
44,43,NEIGHBOR_KNOCKED,0.066,84.6,82,3,4,0.0,0.0,0.0,1.0,0.9048078612245202,-0.4258200726437278,-0.0197790483,0.0715920297292003,0.0742740161321604,29.225868087295037,0.2290407517587948,-0.0023218171432253,0.0032541063476081,0.9999920099465954,0.9168019245925696,-0.3993422480321366,6.857412537930362,12,45,True
44,106,NEIGHBOR_KNOCKED,0.066,54.2,82,3,4,0.0,5.619025314510885e-17,8.837962632282851e-11,1.0,-0.0079507245007706,-0.999968392490439,-0.0292072166155592,0.1760556776762056,0.1784619375229805,0.0,0.0,0.0,0.0,1.0,-0.0079507245829648,-0.9999683924897856,4.195079957662249,12,45,False
44,96,NEIGHBOR_KNOCKED,0.066,90.3,82,3,4,0.0,0.0,0.0,1.0,-0.2389111181137438,-0.9710414397138986,0.06417291801,0.151685845707468,0.1647020315415325,0.0,0.0,0.0,0.0,1.0,-0.2389111163338941,-0.9710414401518056,6.98921996766228,12,45,False
93,92,SUCCESS,0.08,52.7,81,3,4,0.0,1.1033189709130161e-12,3.235841755594907e-12,1.0,0.996633253752926,-0.0819887645586632,-0.0850048647839389,0.0825975183229395,0.1185250060959462,0.0,0.0,0.0,0.0,1.0,0.9966332537525474,-0.0819887645632646,4.078979999999996,13,45,False
93,94,SUCCESS,0.08,85.5,81,3,4,0.0796917012193035,0.0012466948987734,0.0006166886680123,0.9999990327229904,0.6357740729525063,0.77187520245269,-0.0904689387498538,0.0717610246038908,0.1154741249402871,0.0,0.0,0.0,0.0,1.0,0.6349180140456409,0.7725795204639709,6.617995504796551,13,45,False
93,49,SUCCESS,0.08,75.30000000000001,81,3,4,0.003375355967875,-3.131568511804553e-05,-4.989832283893012e-05,0.9999999982647426,-0.0561939299757699,-0.998419872715822,-0.0782995670983647,0.276989554534495,0.2878437693072568,0.0,0.0,0.0,0.0,1.0,-0.0561814963671988,-0.9984205724372582,5.828220461586286,13,45,False
94,92,NEIGHBOR_KNOCKED,0.088,52.7,80,2,3,0.0,0.0,0.0,1.0,0.5106524125111213,-0.8597872490311609,0.010632413,0.0722001331956833,0.0729788150059795,0.1977598192795732,0.0,-3.8933483042915474e-14,6.247145646951022e-14,1.0,0.5106560836627589,-0.8597850686178571,4.078997472238676,14,45,False
94,49,NEIGHBOR_KNOCKED,0.088,75.30000000000001,80,2,3,0.0,0.0,0.0,1.0,-0.1808219971417665,-0.9835158388910994,0.013824944,0.3374124756080765,0.337695584473019,0.0,0.0,0.0,0.0,1.0,-0.1808219971106286,-0.9835158388968244,5.828219975171207,14,45,False
51,24,SUCCESS,0.074,47.1,79,2,3,0.0,-1.0345687373129177e-15,7.759265529846882e-15,1.0,-0.9181746758170184,-0.3961758002305457,-0.0109251249272629,0.192590890133164,0.1929005166321769,0.0,0.0,0.0,0.0,1.0,-0.9181746758170178,-0.3961758002305471,3.645539999999997,15,45,False
51,22,SUCCESS,0.074,93.0,79,2,3,0.5499812135405795,-0.0022955147648649,-0.0093203141945555,0.9999539301164224,-0.810485028407773,-0.5857593522316576,-0.1044531820026964,0.2385130769631679,0.260382324885785,0.0,0.0,0.0,0.0,1.0,-0.8129100709095648,-0.5823892311966339,7.213642246021245,15,45,False
41,91,SUCCESS,0.076,79.0,78,1,2,0.0452466755861431,0.0007228223360519,0.0003180555026378,0.9999996881842352,0.986300298763368,0.1649597546654656,0.2229737082339937,0.1496058908017875,0.2685129366086754,0.0,0.0,0.0,0.0,1.0,0.9862621770904878,0.1651875238652466,6.114688511583511,16,45,False
97,13,SUCCESS,0.078,55.3,77,3,4,0.0,0.0,1.3217410721728316e-15,1.0,0.8790657202033331,0.4767005974019703,-0.0105298318114502,0.1432027751850246,0.143589387416585,0.0,0.0,0.0,0.0,1.0,0.8790657202033332,0.47670059740197,4.280219999999996,17,45,False
97,31,SUCCESS,0.078,50.1,77,3,4,0.0,-2.778284783874812e-12,0.0,1.0,-0.9964820381336252,0.0838066087910541,0.2411521417889083,0.1296109486711593,0.2737761010475817,0.0,0.0,0.0,0.0,1.0,-0.9964820381272136,0.0838066088672858,3.877739599999957,17,45,False
97,14,SUCCESS,0.078,56.6,77,3,4,0.0,-1.4806653816420524e-10,1.2934212946135823e-10,1.0,0.96362490881606,0.2672583677066816,0.011368662365225,0.215742562067512,0.2160418930935126,0.0,0.0,0.0,0.0,1.0,0.9636249088203056,0.2672583676913742,4.380840000000004,17,45,False
79,80,SUCCESS,0.058,86.5,90,3,4,0.0475572997065408,-0.0007115593132446,-0.0004273586494774,0.9999996555239048,-0.9608788525430212,0.2769690068141321,-0.1043658685504741,0.0631013947687806,0.1219590937161323,0.0,0.0,0.0,0.0,1.0,-0.960467326623295,0.2783927342606139,6.695203881877232,1,46,False
79,70,SUCCESS,0.058,57.5,90,3,4,0.0,4.237233698038123e-16,1.552143194545194e-09,1.0,0.9999947922069662,0.0032273145100071,0.0606973439005917,0.1181182378006036,0.1328009249128433,0.0,0.0,0.0,0.0,1.0,0.9999947922052524,0.0032273150410771,4.450500300000004,1,46,False
79,69,SUCCESS,0.058,56.0,90,3,4,0.0,-4.1231007817859646e-10,-1.9546638063322374e-10,1.0,0.999891063349596,-0.014760129864418,0.0688616542197996,0.1959069651290803,0.2076570885088538,0.0,0.0,0.0,0.0,1.0,0.9998910633507636,-0.0147601297853051,4.334399700000065,1,46,False
80,70,SUCCESS,0.09,57.5,89,3,4,0.0,0.0,0.0,1.0,0.9954172150862116,-0.0956272341438915,0.1695880299999999,0.1794635247337249,0.2469154847901062,0.0,0.0,0.0,0.0,1.0,0.9954172150862116,-0.0956272341438915,4.450499999999996,2,46,False
80,69,SUCCESS,0.09,56.0,89,3,4,0.0,0.0,0.0,1.0,0.9968394330948748,-0.0794427128633504,0.1779845409999999,0.2572220505000789,0.3127965474528864,0.0,0.0,0.0,0.0,1.0,0.9968394330948748,-0.0794427128633504,4.3343999999999605,2,46,False
80,3,SUCCESS,0.09,48.9,89,3,4,0.0,-3.407983667563176e-13,0.0,1.0,0.1071154030402166,0.9942465943776382,0.2520547529999923,0.2120959148288563,0.3294180863234084,0.0,0.0,0.0,0.0,1.0,0.1071154009244965,0.994246594605576,3.784860000000111,2,46,False
32,33,SUCCESS,0.052,94.2,88,2,3,0.8298115060559967,0.0007778991414719,0.0144615297968917,0.9998951240149436,0.9175727758330282,0.3975678571641218,-0.0616650232160014,0.0986226848081648,0.1163142684583479,0.0,0.0,0.0,0.0,1.0,0.9235544562417212,0.3834672950279574,7.326528508329572,3,46,False
32,99,SUCCESS,0.052,85.3,88,2,3,0.2353774918066233,0.0039706318536405,-0.0010538376211064,0.9999915617188732,0.9208488382247269,-0.3899197573093355,-0.0378145834971288,0.1928940160463732,0.1965656230157242,0.0,0.0,0.0,0.0,1.0,0.9207480647281228,-0.3901576621052269,6.604788384188399,3,46,False
98,99,SUCCESS,0.082,85.3,87,3,4,0.0,0.0,0.0,1.0,-0.9072872640265364,-0.4205113797927977,-0.0083503156160494,0.142629176952231,0.1428734051143125,0.0,0.0,0.0,0.0,1.0,-0.9072872640265364,-0.4205113797927977,6.602220000000003,4,46,False
98,97,SUCCESS,0.082,74.89999999999999,87,3,4,0.0024314160374898,2.9777742264951597e-05,-3.023439094167072e-05,0.9999999990995838,-0.9546671234709854,-0.2976754665128358,-0.1292128226764733,0.0963980321836278,0.1612095969627661,0.0,0.0,0.0,0.0,1.0,-0.9546871444666108,-0.2976112501068942,5.797260139840527,4,46,False
98,33,SUCCESS,0.082,94.2,87,3,4,0.0,0.0,0.0,1.0,-0.9715943133554428,0.2366526785298776,-0.0334197601160494,0.2226069458768254,0.2251016053226235,0.0,0.0,0.0,-2.5864218432822923e-16,1.0,-0.9715943133554428,0.2366526785298774,7.291079999999991,4,46,False
97,99,SUCCESS,0.074,85.3,86,3,4,13.461762884550064,0.0740137688589032,-0.2207172855253277,0.9725254967812575,-0.9447989987976236,-0.3276505026259051,0.1214374749326678,0.0453883710384317,0.1296424488489193,0.0,0.0,0.0,-3.3669263739669063e-18,1.0,-0.7667731570509843,-0.6419181611592449,12.470156780786494,5,46,False
97,33,SUCCESS,0.074,94.2,86,3,4,0.0,0.0,0.0,1.0,-0.8365686207693563,0.5478621567000744,0.0928035495,0.1485239703178588,0.1751338589730129,0.0,0.0,0.0,0.0,1.0,-0.8365686207693562,0.5478621567000745,7.291080000000033,5,46,False
97,14,SUCCESS,0.074,51.3,86,3,4,0.0,-1.1023208893877639e-12,-2.298678631898655e-13,1.0,0.4038848306290947,0.9148098401240048,0.0033502056998125,0.2859563327002845,0.2859759571880595,0.0,0.0,0.0,0.0,1.0,0.4038848321874299,0.9148098394360062,3.970619700000012,5,46,False
21,22,SUCCESS,0.05,80.60000000000001,85,3,4,0.0326230970653562,-0.0001748326579693,0.0005418741646983,0.9999998379029524,0.9744500193880764,0.2246044516802316,-0.1376711933035397,0.0480479195014186,0.1458148141789284,0.0,0.0,0.0,0.0,1.0,0.9749344614538592,0.2224922377739807,6.238486408726826,6,46,False
21,10,SUCCESS,0.05,86.2,85,3,4,0.0937430819691924,-0.0016361247013276,0.0,0.999998661547085,-0.1581773424716497,0.9874107191683744,-0.1640589393541311,0.109717747434677,0.19736595371072,0.0,0.0,0.0,0.0,1.0,-0.1550756968122031,0.9879025904704418,6.672286826289431,6,46,False
21,51,SUCCESS,0.05,73.1,85,3,4,0.0040635073051416,6.958172811763293e-05,1.3720560949604242e-05,0.9999999974850646,-0.6326483606238745,0.7744391853463537,-0.030705414388972,0.1958346163967766,0.1982271915052805,0.0,0.0,0.0,0.0,1.0,-0.6326662582166909,0.7744245642501867,5.657940661073626,6,46,False
113,8,SUCCESS,0.082,51.3,84,3,4,0.0,-4.854533809081013e-12,0.0,1.0,-0.3461539839748863,-0.9381777120451722,-0.0173960851653136,0.1420297579396714,0.1430911454964299,0.0,0.0,0.0,0.0,1.0,-0.3461539839734839,-0.9381777120456898,3.9706199999999976,7,46,False
113,7,SUCCESS,0.082,51.4,84,3,4,9.099080255599212,0.1277645279929577,0.0931943458138126,0.987416345466831,-0.1548173998660904,-0.9879431019541066,0.0381397450737041,0.1558231877685339,0.1604228973701539,9.003164198679395,9.607662218543394,0.1335472559625519,0.1001046544428731,0.9859737261122862,-0.1539677762762037,-0.9880758694900712,3.996852974055256,7,46,False
113,109,SUCCESS,0.082,65.5,84,3,4,4.90115814805677,-0.070574876690991,-0.0481526579754247,0.9963435694126566,-0.3135876601533658,-0.9495592553387794,0.0505112716042881,0.1895729487587469,0.1961868789194849,4.98029338004288,5.38908669297393,-0.0751845635188096,-0.0562849942263278,0.9955798716493964,-0.3129862487114213,-0.949757657572474,5.083766402383499,7,46,False
8,107,SUCCESS,0.046,78.5,83,3,4,0.0588999473128503,0.0007397176784797,-0.0007138608352809,0.9999994716100924,-0.7409905629926017,-0.671515439551398,-0.0075141811848928,0.0950733932126128,0.0953698747815026,0.0,0.0,0.0,0.0,1.0,-0.7413686006433077,-0.6710980539237049,6.076048621941308,8,46,False
8,109,SUCCESS,0.046,65.5,83,3,4,5.814328719214088,-0.0810574352646729,-0.0607652440668144,0.9948554052231982,-0.1905530418159391,-0.981676901151643,0.0563990977510271,0.0462529853928994,0.072939679769558,5.801361113933888,6.259206320228428,-0.0872361777033698,-0.0653960900392903,0.9940388325952256,-0.188617442945799,-0.982050640352415,5.0804733484412505,8,46,True
8,7,SUCCESS,0.046,51.4,83,3,4,10.27826580131626,0.1427383025477863,0.1070638994201512,0.9839527927836418,0.6196042204718871,-0.7849143965894784,0.0738386100251405,0.0309445241753912,0.0800606264457515,10.292971552268938,11.02066506379634,0.152923778781352,0.1147066773822938,0.9815582998717634,0.6070840045483293,-0.7946376604601395,4.010066463273317,8,46,False
107,109,APPROACH_BLOCKED,0.08,65.5,82,3,4,6.796633179633134,-0.0946049383155514,-0.0711026811639398,0.9929724640580976,0.954168191081066,0.299270885869452,0.0551646642360102,0.0660044176615237,0.0860216445501282,8.52896641129851,7.497291972217068,-0.1019542596228789,-0.0814259487779173,0.9914510294565066,0.9523633979326992,0.3049655034230638,5.333420743678351,9,46,False
107,7,APPROACH_BLOCKED,0.08,51.4,82,3,4,11.763734346658786,0.1630349488388622,0.1224140715912643,0.9789966294801828,0.918232328387315,0.3960421582412785,0.1044038269463189,0.0909497190672312,0.1384630292874065,9.75345648484545,12.271553522288585,0.1686316364814355,0.1293787608889325,0.977151220338202,0.9187360805791672,0.3948721492357116,4.018279310357528,9,46,False
107,108,APPROACH_BLOCKED,0.08,77.89999999999999,82,3,4,0.0459498752601932,0.0008002935722895,-5.1928315076377066e-05,0.9999996784167724,0.9695998615199996,0.2446959512137416,-0.0359007399294974,0.2259800310332566,0.228813980240013,0.0,0.0,0.0,0.0,1.0,0.9695784257575886,0.2447808740597112,6.029550306570068,9,46,False
108,7,SUCCESS,0.086,51.4,82,3,4,13.312079118768535,0.1845004182658488,0.137756719346545,0.973130351974803,-0.9830403148394374,-0.1833895836747002,0.0975951413935223,0.1430930920040771,0.1732063642101782,13.278711721761637,14.203619495959074,0.196897767538117,0.1464139078297816,0.9694298513727116,-0.9821728490634462,-0.1879800376704749,4.027061653997878,10,46,False
108,109,SUCCESS,0.086,65.5,82,3,4,7.971659562707607,-0.1108588534170459,-0.0833268400043301,0.9903367873374948,-0.9791590502040188,-0.2030949393844262,0.1200513508623468,0.1519406587444089,0.1936447536690815,7.999799470753126,8.701788567018436,-0.1213575957726952,-0.0903410515325714,0.9884891645113064,-0.979501674694518,-0.2014360178087177,5.097059071114703,10,46,False
108,107,SUCCESS,0.086,78.5,82,3,4,0.0,0.0,0.0,1.0,-0.9695784258862704,-0.2447808735500015,0.04813211472,0.2259186973965256,0.2309890869733073,0.0,0.0,0.0,0.0,1.0,-0.9695784258561586,-0.2447808736692752,6.075899729937023,10,46,False
39,72,SUCCESS,0.058,74.1,81,3,4,0.0075454239885067,1.04252043753726e-05,-0.0001312791963736,0.9999999913285438,-0.3108274316479487,-0.9504663632844352,0.0910854384541076,0.1814355935101664,0.2030158409847945,0.0,0.0,0.0,0.0,1.0,-0.3108144488998528,-0.9504706088854517,5.735342297633413,11,46,False
39,12,SUCCESS,0.058,82.60000000000001,81,3,4,0.0368776445103831,-0.0006436362726638,0.0,0.9999997928661528,0.8430737065258684,-0.5377980339911387,0.1045444046001119,0.1683311586845474,0.1981537572625717,0.0,0.0,0.0,0.0,1.0,0.8430100537918889,-0.5378978055409748,6.393301873031139,11,46,False
39,73,SUCCESS,0.058,85.5,81,3,4,0.1429827722013693,0.0017753086920768,0.0017538206669485,0.99999688619121,-0.7046373805919296,-0.7095675879523698,0.0795732186820634,0.1841217423235139,0.2005809390935987,0.0,0.0,0.0,0.0,1.0,-0.7046356205401392,-0.7095693357706581,6.61865100504047,11,46,False
67,66,NEIGHBOR_KNOCKED,0.084,80.3,80,3,4,34.58315951280729,-0.4632889021634465,0.3279255660005024,0.8233032347169776,-0.7539019686443906,0.6569869265625551,0.0067457569521177,0.079725566718418,0.0800104444771429,18.05461214324229,0.0405091956152456,-0.0003422366454212,0.0006186676300855,0.9999997500621898,-0.8203067228955145,0.571923841409345,27.749731245281364,12,46,True
67,68,NEIGHBOR_KNOCKED,0.084,50.8,80,3,4,0.0,0.0,3.153423553079803e-13,1.0,-0.941343309262146,0.3374504024407017,0.0078644325790124,0.1402079114774157,0.1404283010673015,0.0,0.0,0.0,0.0,1.0,-0.9413433092836184,0.3374504023808029,3.9319200017548415,12,46,False
67,0,NEIGHBOR_KNOCKED,0.084,76.39999999999999,80,3,4,0.0040868072837381,-6.863454069507909e-06,7.099726392342085e-05,0.9999999974561408,-0.9971559762899348,0.075365502381839,-0.0983845706255628,0.1647850639456128,0.1919209239159088,0.0,0.0,0.0,0.0,1.0,-0.997160535581566,0.0753051543965236,5.913360831241553,12,46,False
104,89,SUCCESS,0.084,87.4,79,3,4,0.0,1.1348109112318223e-09,0.0,1.0,0.9999999992619046,-3.842123118086155e-05,-0.0478300554201061,0.1879770362941912,0.1939666991404403,0.0,0.0,0.0,0.0,1.0,0.9999999992619046,-3.8421231203505184e-05,6.7647599999999946,13,46,False
104,17,SUCCESS,0.084,88.3,79,3,4,0.1123882655421551,0.0019145480697113,-0.0004268027848158,0.9999980761706851,0.7724652817942458,-0.6350569961999759,-0.0840110890439231,0.1813123331189127,0.1998299908006042,0.0,0.0,0.0,0.0,1.0,0.7720474761491476,-0.63556486259998,6.835032774946782,13,46,False
104,88,SUCCESS,0.084,84.5,79,3,4,21.367766409550924,-0.3520355746187737,0.093936215681134,0.931260941727042,0.9611522741894212,0.2760186693332608,-0.1730981481294567,0.0962430796220153,0.198054788533317,21.324086631438703,24.15053162526428,-0.3821680038441976,0.1460800031943749,0.9124736979795488,0.9184466896676072,0.3955447866406704,7.316764151244082,13,46,False
17,26,SUCCESS,0.092,63.8,78,3,4,3.1264906488653886e-05,5.447456355131466e-07,-3.5579791184322636e-08,0.9999999999998512,0.000173752756504,-0.9999999849049898,-0.0444259662318515,0.0972169576411443,0.1068868716383525,0.0,0.0,0.0,0.0,1.0,0.0001733001948231,-0.9999999849835212,4.938120000034317,14,46,False
17,89,SUCCESS,0.092,87.4,78,3,4,0.0,0.0,0.0,1.0,0.3861677161779429,0.9224285853018171,0.036637383,0.1247565370736492,0.1300249644325947,0.0,0.0,0.0,0.0,1.0,0.3861677171518291,0.9224285848941072,6.764760000000043,14,46,False
17,88,SUCCESS,0.092,84.5,78,3,4,27.377521555624988,-0.4289307981877907,0.1657761032512003,0.8879958637047992,-0.0137638764523686,0.9999052733659344,-0.0245837102175266,0.1368493940738969,0.1390399779432234,27.3641297451972,31.1599961816339,-0.4825574440118556,0.1867398614289465,0.855725737244266,-0.0333609891702269,0.9994433672808,7.431951306575455,14,46,False
90,89,SUCCESS,0.088,87.4,77,3,4,0.0,0.0,2.0907403115319679e-16,1.0,-0.9985606625445624,-0.053633974480402,0.0004340238237548,0.0924082587839637,0.0924092780415667,0.630886599922074,0.0021916835129912,3.7616057041346215e-05,6.946597968725884e-06,0.9999999992683888,-0.9985552471519276,-0.0537347037337385,6.764928465626361,15,46,True
90,88,SUCCESS,0.088,84.5,77,3,4,35.40312318312067,-0.5402990286206535,0.2090337653907303,0.8150962180001519,-0.9803282283226636,0.1973741744852854,0.0031109479392944,0.1566359846265242,0.1566668748555409,35.38813670657174,40.92693682589429,-0.6057670472974647,0.2493936221098954,0.7555455682216777,-0.969412481349963,0.2454372445308733,8.392877999107025,15,46,False
90,0,SUCCESS,0.088,76.39999999999999,77,3,4,0.0,0.0,0.0,1.0,0.1262264272799602,-0.9920014561764195,0.0296006453237548,0.2572632307184953,0.2589605531414011,0.0,0.0,0.0,0.0,1.0,0.1262264277076924,-0.9920014561219932,5.913360029171626,15,46,False
88,89,GRASP_FAILED,0.082,87.4,76,3,4,0.0002781324086071,4.77363207362198e-06,8.815517989437688e-07,0.9999999999882178,0.9330501634153824,-0.3597462891407335,0.089194912064024,0.0401628878899585,0.0978201916874546,4.091768334200816,0.0142402252053277,-0.0002028500275353,0.0001436085243924,0.9999999691142286,0.931870322169084,-0.3627915416054898,6.768304156071392,16,46,True
88,31,GRASP_FAILED,0.082,50.9,76,3,4,0.0001272752879535,-2.221400693978212e-06,7.693236342950339e-11,0.9999999999975328,-0.999259864641208,-0.0384671667430128,-0.1502382484298154,0.0095312499824598,0.1505402803819864,11.321346537161022,0.0,-7.357094718042506e-13,0.0,1.0,-0.9993696007253275,-0.0355021287544721,4.060271233517713,16,46,False
88,26,GRASP_FAILED,0.082,63.8,76,3,4,0.0,0.0,0.0,1.0,-0.0467550901433474,-0.9989063827735248,0.0253139722136024,0.226978992472349,0.2283862084561888,0.0,0.0,0.0,0.0,1.0,-0.0467550900225542,-0.9989063827791784,4.938119984080634,16,46,False
62,61,NEIGHBOR_KNOCKED,0.074,77.10000000000001,76,3,4,11.065917190885765,0.0526148987668061,-0.1845858780437711,0.9814070134529144,0.2562191496477171,-0.9666187187065024,0.0549238531882466,0.048497634145097,0.0732710731920568,1.8931941219110244,0.000841280322475,-2.373711318628356e-06,1.4489974509167668e-05,0.9999999998922032,0.2608944885068983,-0.9653673217313316,9.696712211283698,17,46,True
62,46,NEIGHBOR_KNOCKED,0.074,58.4,76,3,4,0.0,3.252853704537938e-09,-1.3755662787823831e-09,1.0,0.3791483773042917,-0.9253358892788728,-0.1026479627395177,0.1585080568858247,0.1888422843334968,0.0,0.0,0.0,0.0,1.0,0.379148375587055,-0.9253358899824956,4.520159854664065,17,46,False
62,13,NEIGHBOR_KNOCKED,0.074,86.6,76,3,4,0.0459441172368954,0.0005577694400369,-0.0005761062593176,0.9999996784973632,0.8304674646526384,-0.5570671325373797,0.1741696873613839,0.2230994959882104,0.2830343885568602,0.0,0.0,0.0,0.0,1.0,0.830415326360011,-0.5571448516735987,6.70293610387078,17,46,False
117,118,SUCCESS,0.086,94.2,75,2,3,1.908840001959093,-0.0235593142877337,-0.023547261557237,0.9994450886284084,0.6562519224134984,-0.754541857240927,0.0084854829066256,0.1440108458077903,0.14426062224472,0.0,0.0,0.0,-3.737577107755279e-18,1.0,0.6639067732437794,-0.7478153491611633,7.476039902463327,18,46,False
117,63,SUCCESS,0.086,62.6,75,2,3,6.668185343934157e-06,-1.112635575871373e-07,3.447072618460783e-08,0.9999999999999932,0.7223014284793763,-0.6915783733002735,0.218653100951781,0.1233936581360732,0.2510680653210038,0.0,25.852839509265007,-0.3209804176929466,0.2951625817177886,0.8999170082909596,0.6899529921096501,-0.7238541763911713,17.682567398226876,18,46,False
53,54,SUCCESS,0.058,86.6,74,3,4,0.0,-1.24051372972223e-09,0.0,1.0,0.9067021142242588,0.4217715922881238,0.1193482827208719,0.0703500170043936,0.138539299409733,0.0,0.0,0.0,0.0,1.0,0.9067021140046144,0.4217715927603032,6.702840000000043,19,46,False
53,91,SUCCESS,0.058,53.8,74,3,4,0.0,-4.395047025592844e-12,1.2607739226430166e-11,1.0,-0.8419551125797556,0.5395475775136154,-0.0184515956985272,0.1402250160008354,0.1414337883826083,0.0,0.0,0.0,0.0,1.0,-0.8419551121661065,0.539547578159108,4.164119500000082,19,46,False
53,52,SUCCESS,0.058,83.5,74,3,4,0.1526972825600393,-0.0009732264136902,-0.0024810105696517,0.9999964487021448,0.992601300575678,0.1214193481100626,0.0932648853648943,0.1484282301512951,0.1752976849475563,0.0,0.0,0.0,0.0,1.0,0.9926890540864436,0.1206998007329003,6.463968068212952,19,46,False
118,63,SUCCESS,0.092,62.6,73,2,3,27.60501518852994,-0.3442362961846227,0.3101877969621959,0.8861630228151207,0.8164851484160638,-0.5773664368631055,0.2033271780295304,0.0690160907164543,0.2147211263551731,0.0,0.0,0.0,0.0,1.0,-0.2262701402586481,0.9740645890429092,16.50047865570697,20,46,False
118,92,SUCCESS,0.092,85.5,73,2,3,0.4488582016302084,-2.411252946344344e-07,-0.0078339733571243,0.9999693139598744,0.5180687245405022,-0.8553389951668154,0.1720801288507232,0.2749093662741859,0.3243250382109837,0.0,0.0,0.0,0.0,1.0,0.5165260613833427,-0.8562714685844736,6.627096850373916,20,46,False
110,111,DEFECT,0.072,40.3,72,3,4,0.0,6.045680834669783e-16,1.813704250400935e-15,1.0,0.7664474390657567,0.6423070318387795,-0.0408565656514162,0.0452063042865984,0.0609333152231274,0.0,0.0,0.0,0.0,1.0,0.7664474390657579,0.6423070318387785,3.1192200000000057,21,46,False
110,112,DEFECT,0.072,53.3,72,3,4,0.0,1.3881133870973005e-11,-9.184531968996776e-12,1.0,-0.9449521734438108,0.3272084807944592,-0.012665627553243,0.1133075684233861,0.1140132588050083,0.0,0.0,0.0,0.0,1.0,-0.9449521732543148,0.3272084813417086,4.125420000000023,21,46,False
110,116,DEFECT,0.072,59.8,72,3,4,0.0,8.963378976619106e-15,2.3539943660924446e-09,1.0,-0.5700452405910397,-0.8216133054421063,-0.0810580586280908,0.194756638849926,0.2109515518897065,0.0,0.0,0.0,0.0,1.0,-0.5700452397270968,-0.8216133060415203,4.628520000000044,21,46,False
79,78,NEIGHBOR_KNOCKED,0.084,82.8,89,2,3,0.0190215354731268,0.0002397808966654,-0.0002296114770014,0.999999944891844,0.8760210630462762,-0.4822728450776303,-0.0035115292220031,0.1014186305656287,0.1014794041334716,7.697758565732418,0.0261509685478756,-0.0001810856134607,0.0004189602157763,0.9999998958401636,0.8786588653624637,-0.4774501003455208,6.426779155125059,1,47,False
79,27,NEIGHBOR_KNOCKED,0.084,78.0,89,2,3,0.0224069383473026,0.0003910748391739,0.0,0.999999923530232,-0.7020604948207582,-0.7121173088838889,-0.1773319162834829,0.0873148588361839,0.1976625738635287,0.0,0.0,0.0,0.0,1.0,-0.70256362697384,-0.7116209314328541,6.037221258834128,1,47,False
53,54,NEIGHBOR_KNOCKED,0.082,78.60000000000001,88,3,4,41.94370048076523,-0.6682085618838918,-0.015998706775863,0.7438019623572939,-0.9638649979317562,-0.2663911893475757,-0.001343307195731,0.0760233368096939,0.0760352037802376,32.34648587406949,0.0550073572067531,-0.0009566862586897,8.040743254456666e-05,0.9999995391429174,-0.7664409096278137,-0.6423148231583091,33.53251647679685,2,47,True
53,52,NEIGHBOR_KNOCKED,0.082,90.2,88,3,4,0.0129364022630443,0.0002134769741576,-7.352182744859326e-05,0.9999999745110608,-0.2796388350401076,-0.9601052660710756,-0.0818703135799304,0.0970369088668532,0.1269602690927761,5.248677986187532,0.1373341572962649,0.0001737629248966,-0.0023906242501494,0.999997127356944,-0.2809888168399688,-0.959711042351225,6.986655020689369,2,47,False
53,114,NEIGHBOR_KNOCKED,0.082,57.9,88,3,4,0.0,-1.0402331887657981e-10,-1.2484540361013102e-09,1.0,0.8944533385816823,0.4471612965140011,0.1167656096087483,0.2078165699979158,0.2383735185648801,0.0,0.0,0.0,0.0,1.0,0.894453338898239,0.4471612958807952,4.481460435536724,2,47,False
8,7,SUCCESS,0.078,56.6,87,3,4,0.0,0.0,7.472225423008618e-10,1.0,-0.9980749020826494,0.0620200760456631,-0.0707496566713757,0.0782605456940827,0.1054998906703374,0.0,0.0,0.0,0.0,1.0,-0.998074902143518,0.0620200750661183,4.380839999999997,3,47,False
8,9,SUCCESS,0.078,90.3,87,3,4,0.6702660859349167,0.0114933746793309,-0.0021788735728965,0.9999315750832324,0.8620510211877936,-0.5068215039529029,-0.1127090690485331,0.1670110532260272,0.2014845556003087,0.0,0.0,0.0,0.0,1.0,0.8600520506577333,-0.5102063015677364,7.011222753345198,3,47,False
8,69,SUCCESS,0.078,73.3,87,3,4,0.0091704736375133,-3.548881852213723e-05,-0.0001560709243755,0.9999999871912052,0.7853234290448193,-0.6190857063390225,-0.0049140734271779,0.2698237945073909,0.2698685387369458,0.0,0.0,0.0,0.0,1.0,0.7853389064738611,-0.6190660723852018,5.673423369917332,3,47,False
95,7,SUCCESS,0.08,56.6,86,3,4,0.0,0.0,0.0,1.0,0.998968156663928,-0.0454160981533386,-0.0646440272953148,0.2274011819582258,0.2364109722939178,0.0,0.0,0.0,0.0,1.0,0.998968156663928,-0.0454160981533386,4.380839999999997,4,47,False
95,23,SUCCESS,0.08,77.3,86,3,4,3.991254058260591,-0.0539165963669416,-0.0440198272928891,0.997574686648227,0.0159623437738287,-0.999872593674437,0.2778970534520895,0.0060779477745929,0.277963511573919,3.986642725206762,4.521070476401503,-0.0617221324808965,-0.0490292798357516,0.996888413053737,0.3565618490852303,-0.9342717205272356,6.00027864017055,4,47,False
95,22,SUCCESS,0.08,74.89999999999999,86,3,4,4.380065672256212,0.0593123605912119,0.0481118073464854,0.9970793839383866,0.8737512180582958,0.4863731170013868,0.2828116073890245,0.0318642623450022,0.2846010128034595,4.384736118729254,4.957408679894878,0.0676656092464842,0.0537489549519065,0.9962592108316388,0.8769230210391953,0.4806308512481185,5.8174127053589375,4,47,False
52,54,SUCCESS,0.088,78.60000000000001,85,2,3,9.58016208990014e-05,-1.6661942064339013e-06,1.4003931756366605e-07,0.999999999998602,0.086413757497811,0.9962593349701218,0.0457478997115076,0.0753551877876347,0.0881548334155526,0.0,0.0,0.0,0.0,1.0,0.0864137358925357,0.9962593368441246,6.083640000395572,5,47,True
52,114,SUCCESS,0.088,57.9,85,2,3,0.0,0.0,0.0,1.0,0.7543722717902983,0.656446856610605,0.2036225325080919,0.2824776670668403,0.348217989392469,0.0,0.0,0.0,0.0,1.0,0.7543722719273425,0.6564468564531173,4.48146046000001,5,47,False
9,10,SUCCESS,0.088,87.0,84,3,4,0.0048073862964636,3.4752401422846185e-05,-7.636931733503398e-05,0.999999996479999,0.1508694756289526,-0.9885536916745822,-0.0948337349151663,0.0420816896167587,0.1037511729040267,0.0,0.0,0.0,0.0,1.0,0.1507920078404147,-0.9885655114211988,6.733801100482479,6,47,True
9,69,SUCCESS,0.088,73.3,84,3,4,0.0,0.0,0.0,1.0,0.6448786000223867,-0.7642850196315288,0.1122356342,0.1082756165231348,0.1559501417689037,0.0,0.0,0.0,0.0,1.0,0.6448785999144896,-0.7642850197225689,5.673420199999931,6,47,False
9,4,SUCCESS,0.088,53.3,84,3,4,0.0,1.0356339743167405e-11,2.7648275323891095e-11,1.0,0.998523013580992,-0.054330390658767,-0.0423752528979754,0.2290520617852558,0.23293885263357,0.0,0.0,0.0,0.0,1.0,0.9985230135750932,-0.0543303907671746,4.125419999999964,6,47,False
103,104,SUCCESS,0.054,76.2,83,1,2,0.0001445703766524,-2.523205492346981e-06,0.0,0.9999999999968168,0.9654537247432974,-0.2605745677906683,-0.0950636806495113,0.0590383467981524,0.1119045565260467,0.0,0.0,0.0,0.0,1.0,0.9654541265576544,-0.2605730790254368,5.897879971472606,7,47,False
71,70,NEIGHBOR_KNOCKED,0.054,57.6,82,3,4,45.49759408514157,0.6413706177641445,0.3119742763697172,0.7009392138783725,-0.6888908207866854,0.7248651164429468,-0.0123789707950481,0.0535597492484534,0.0549716805046185,39.11266099519509,43.09067308005204,0.5797853833458698,-0.3613163893935474,0.7302734939829688,-0.862305965579073,0.5063876200370054,22.40814121095566,8,47,True
71,72,NEIGHBOR_KNOCKED,0.054,76.8,82,3,4,19.24121630954328,-0.3290301557519161,-0.0184299319526465,0.94413955229833,-0.8807582034973989,0.473566243488738,0.0485660432052869,0.0974250392927002,0.1088590778658444,17.96164452595768,18.52795891749267,-0.2682035611027654,0.1704199392616937,0.9481687055128089,-0.8529482780454894,0.5219954357839103,10.88246223618336,8,47,False
71,18,NEIGHBOR_KNOCKED,0.054,66.8,82,3,4,8.137318369207157e-05,-8.067426760188247e-07,1.1688139275175362e-06,0.9999999999989916,0.702861517826341,-0.7113267088749389,-0.1150180309594978,0.1110153177098245,0.1598547722528585,0.0,0.0,0.0,0.0,1.0,0.7028612746199819,-0.7113269491869223,5.170319696627194,8,47,False
72,70,NEIGHBOR_KNOCKED,0.074,57.6,81,3,4,49.51184385947545,0.6081201322061167,-0.4567398602954795,0.6492908476352341,0.6511958600555561,-0.7589097125788445,0.0348553577763014,0.0535935337922009,0.0639309223306669,134.38529554589317,11.45148215287097,0.1663969967656729,0.1083023699346217,0.98009317727138,0.8536609910371176,-0.5208290625354219,27.59162215078373,9,47,True
72,18,NEIGHBOR_KNOCKED,0.074,66.8,81,3,4,0.0,0.0,0.0,1.0,0.785022153960437,-0.6194676890615973,-0.1319762209199782,0.2163850569936744,0.2534565362709642,0.0,0.0,0.0,0.0,1.0,0.7850221539497376,-0.619467689075156,5.170320193559215,9,47,False
72,105,NEIGHBOR_KNOCKED,0.074,51.8,81,3,4,0.0,6.82006485663954e-14,6.970576632786067e-13,1.0,-0.531500318363035,-0.8470580922109135,-0.1779693969201199,0.2261507516009783,0.2877798962571892,0.0,0.0,0.0,0.0,1.0,-0.5315003170137075,-0.8470580930575708,4.0093201935591685,9,47,False
94,18,NO_DETACH,0.092,66.8,80,3,4,0.0,0.0,0.0,1.0,0.9305964525196564,0.3660467764614666,0.115279706086726,0.0998405258253685,0.1525042334905101,0.0,0.0,0.0,0.0,1.0,0.9305964525196564,0.3660467764614666,5.170320000000006,10,47,False
94,93,NO_DETACH,0.092,84.6,80,3,4,0.2359556460263291,0.003145121159608,-0.0026585169246282,0.999991520214373,0.9971872635313038,-0.0749503932674795,0.0933227300883263,0.17619243474693,0.1993813080837564,0.0,0.0,0.0,0.0,1.0,0.9971413586313664,-0.0755586587148865,6.550612817453761,10,47,False
94,105,NO_DETACH,0.092,51.8,80,3,4,0.0,0.0,0.0,1.0,-0.9943894267905492,-0.1057812265345925,0.0716085300867259,0.1982674151972275,0.2108026316490649,0.0,0.0,0.0,0.0,1.0,-0.994389426818768,-0.1057812262693252,4.009320000000007,10,47,False
60,105,SUCCESS,0.078,51.8,80,3,4,0.0,0.0,0.0,1.0,-0.1089145346207308,-0.994051117472512,0.1270656616467742,0.1169297905881728,0.172679640654961,0.0,0.0,0.0,0.0,1.0,-0.1089145346207308,-0.994051117472512,4.009319999999997,11,47,False
60,73,SUCCESS,0.078,47.1,80,3,4,0.0,2.1725943483571247e-14,-5.172843686564584e-16,1.0,-0.6285799655137347,-0.7777449626675521,-0.1216174576532275,0.1366727219105585,0.1829487330387272,0.0,0.0,0.0,0.0,1.0,-0.6285799655137493,-0.7777449626675405,3.645539700000034,11,47,False
60,94,SUCCESS,0.078,88.4,80,3,4,0.1436873438704329,-0.001553675789349,-0.0019685592920761,0.9999968554279834,0.8888153314504216,-0.4582655415571606,0.0633765709199668,0.2076003318395661,0.2170587190634635,0.0,0.0,0.0,1.3780596020203167e-16,1.0,0.8887435754234883,-0.4584046870871571,6.8431620551847,11,47,False
30,28,SUCCESS,0.09,51.4,79,3,4,0.0,-1.1113155219657537e-12,2.9744102795201985e-14,1.0,-0.9940562970167436,0.1088672510967339,-0.0872172159105756,0.1037096869958679,0.135508457034876,0.0,0.0,0.0,0.0,1.0,-0.9940562970167326,0.108867251096836,3.97836,12,47,False
30,29,SUCCESS,0.09,72.0,79,3,4,0.0,-3.394730397744878e-11,0.0,1.0,-0.4356357397277445,-0.9001230484060836,-0.1338412603102275,0.0313041559312994,0.1374533853348152,0.0,0.0,0.0,0.0,1.0,-0.4356357395741141,-0.9001230484804367,5.572800000000003,12,47,False
30,74,SUCCESS,0.09,84.6,79,3,4,0.3410912658639045,0.0059531304756563,0.0,0.99998227996177,0.8866671825308614,-0.4624081610685348,0.0752737768290908,0.2193383514907911,0.2318953512100093,0.0,0.0,0.0,0.0,1.0,0.8868208653369732,-0.4621133549281841,6.553379152895792,12,47,False
13,96,SUCCESS,0.088,84.8,78,3,4,8.814076135674036,-0.0274097739009031,-0.1507571312506143,0.9881907668420032,0.9140062411316516,-0.4057001246886539,0.1021756854333006,0.0802513340574399,0.1299236210693175,8.877614771372883,10.199556539765894,-0.0677865917238798,-0.1635887691755578,0.9841969785475294,0.9208159381528086,-0.3899974462015916,6.863903668495611,13,47,False
13,15,SUCCESS,0.088,84.0,78,3,4,0.1114131680603489,0.0019333177049233,0.0002084745401507,0.999998109408722,-0.9964119791485244,-0.0846354996991233,-0.1114115697943447,0.0932681458310941,0.1452979177786467,0.0,0.0,0.0,0.0,1.0,-0.9964056449739286,-0.0847100387444679,6.502171079929724,13,47,False
13,97,SUCCESS,0.088,84.8,78,3,4,9.524021208140857,0.0572815510791946,0.155229496112303,0.9862163187874566,0.9999164118897912,0.0129293941638852,0.1396374429236845,0.089549471328548,0.1658846686149376,9.282245849790067,10.380495625288074,0.0688777763362412,0.1664999643662927,0.983632865348143,0.99999508978123,0.0031337538879756,6.640093732104007,13,47,False
29,28,SUCCESS,0.07,51.4,77,3,4,0.0,0.0,0.0,1.0,-0.9149092173224797,0.4036596636504172,0.0498129244,0.0977758848706289,0.1097335459169829,0.0,0.0,0.0,0.0,1.0,-0.9149092173224797,0.4036596636504172,3.97836,14,47,False
29,88,SUCCESS,0.07,67.6,77,3,4,0.0003471332775107,5.87073869451634e-06,-1.4970404300321918e-06,0.9999999999816466,-0.6546533645414883,0.7559292111663029,-0.1077108827160015,0.126978671933731,0.1665089108171522,0.0,0.0,0.0,0.0,1.0,-0.6546563743821517,0.7559266045594747,5.2322396044094575,14,47,False
29,37,SUCCESS,0.07,51.8,77,3,4,0.0,-1.2511291392180144e-13,-4.235025101322933e-12,1.0,0.2583794892446879,0.9660434977461698,-0.2308165980002693,0.0653187006031455,0.2398808757714989,0.0,0.0,0.0,0.0,1.0,0.2583794920984377,0.9660434969829016,4.009319600000094,14,47,False
46,45,SUCCESS,0.056,58.4,76,1,2,0.0,-1.6572800762625559e-09,1.5981479200659457e-11,1.0,0.9711433055905178,-0.238496708586769,0.1106632814323665,0.0419232509281659,0.1183381630150018,0.0,0.0,0.0,0.0,1.0,0.9711433054233156,-0.2384967092676058,4.520160000000037,15,47,False
1,0,SUCCESS,0.09,80.4,75,3,4,0.0427756856982036,-0.0004795216860949,-0.0005722197145268,0.9999997213117364,-0.7483036711502062,0.6633563263760465,-0.1175168928081687,0.0522310078044656,0.1286013152015047,0.0,0.0,0.0,0.0,1.0,-0.7467537456717795,0.6651006264657755,6.223039872605453,16,47,False
1,101,SUCCESS,0.09,66.19999999999999,75,3,4,0.0002057293341944,-1.4023534725764924e-06,-3.3054672428306178e-06,0.9999999999935536,-0.8282139813481196,0.5604119922873676,0.1927200665500954,0.11816069459056,0.226059668665591,0.0,0.0,0.0,0.0,1.0,-0.8282165718413311,0.5604081638657608,5.123880001537933,16,47,False
1,25,SUCCESS,0.09,53.7,75,3,4,0.0,6.772265280524305e-11,0.0,1.0,-0.9999393383168406,0.0110145216182639,-0.1667943858133924,0.1262609693775462,0.2091941670482818,0.0,0.0,0.0,0.0,1.0,-0.999939338316863,0.0110145216162256,4.156379999999987,16,47,False
108,107,NEIGHBOR_KNOCKED,0.094,75.7,74,3,4,25.930944760035963,-0.4319699312357732,-0.0679881825834513,0.8993217363864617,-0.9919632048789871,-0.1265266776858067,0.0327939158990344,0.0713524604761433,0.0785277946716482,1.2887663922693515,0.0003009234191806,-1.446173603333647e-06,-5.04907523267235e-06,0.9999999999862076,-0.9947291886624792,-0.1025370236689444,18.82493779512717,17,47,True
108,16,NEIGHBOR_KNOCKED,0.094,77.3,74,3,4,0.0038243088194793,-1.84375842098391e-05,6.41497325085747e-05,0.9999999977724336,0.981560187996086,-0.1911533346324042,-0.005765817176351,0.0886898406253131,0.0888770638458232,28.86355543102872,0.019651987573166,0.0003337919589813,7.89072780990707e-05,0.9999999411782832,0.9827242801592972,-0.1850756309874183,6.038981202846201,17,47,True
108,106,NEIGHBOR_KNOCKED,0.094,52.3,74,3,4,4.158257844265246,0.0463997120068089,-0.0557225116998262,0.9973675693622428,0.4160641583533115,-0.9093352605798096,0.1296996560562836,0.0645573576978321,0.1448780632602607,0.0,0.0,0.0,0.0,1.0,0.4406101287103801,-0.8976985654872255,4.518216147340059,17,47,False
86,84,SUCCESS,0.048,54.0,73,2,3,0.0,1.2293467492136454e-10,0.0,1.0,0.820815557935405,-0.5711933296627245,0.0575205394052401,0.0519298492642392,0.0774940107239029,0.0,0.0,0.0,0.0,1.0,0.8208155579560751,-0.571193329633021,4.179600000000006,18,47,False
86,85,SUCCESS,0.048,90.1,73,2,3,0.7586151556942007,0.0130044543296339,-0.0024860251560203,0.9999123480818268,-0.8665156456004832,-0.4991499132821501,0.0904599760886911,0.1184967690539683,0.1490788098630925,0.0,0.0,0.0,-6.760292387269479e-17,1.0,-0.8650519766876736,-0.5016822476715201,7.00180659751461,18,47,False
80,107,SUCCESS,0.062,75.7,72,3,4,0.0,3.3777420479100664e-10,1.1792826460851135e-09,1.0,-0.2124155157514837,-0.9771794352461738,0.0684297601109472,0.1544398033756358,0.1689209428565529,0.0,0.0,0.0,0.0,1.0,-0.2124155157387409,-0.9771794352489438,5.859180000000006,19,47,False
80,47,SUCCESS,0.062,86.5,72,3,4,0.0606016633580549,-0.0004187165023182,0.0009712889954753,0.9999994406369326,0.8326696583287027,-0.5537700245578138,-0.011101294258636,0.1514453919358485,0.1518517219949105,0.0,0.0,0.0,0.0,1.0,0.8325425856343343,-0.5539610483646817,6.69525831331108,19,47,False
80,16,SUCCESS,0.062,77.3,72,3,4,1.1675179017869926e-05,1.984863515138199e-07,4.692142134885391e-08,0.9999999999999792,0.5682844995010814,-0.8228321381829988,0.0603769583872447,0.1952767692498267,0.2043976362699557,0.0,0.0,0.0,0.0,1.0,0.5682845132807841,-0.8228321286661223,5.9830200000055545,19,47,False
47,56,NEIGHBOR_KNOCKED,0.084,80.60000000000001,71,3,4,0.0501550644528803,-0.0001429152429877,0.0008636257551191,0.9999996168628208,0.943175868546933,0.3322939677314929,-0.0142498251923794,0.0844188279696835,0.0856130599487508,37.95434233632127,0.0499185670447864,0.0008405142683276,0.0002293481035161,0.999999620467534,0.9462126052410176,0.3235455233549155,6.448116254684114,20,47,True
47,16,NEIGHBOR_KNOCKED,0.084,77.3,71,3,4,0.0,0.0,0.0,1.0,-0.1937236657250397,-0.981056135671172,0.0727680875999999,0.078237658487798,0.1068472076313395,0.0,0.0,0.0,0.0,1.0,-0.1937236668754132,-0.9810561354440142,5.983020042580905,20,47,False
47,35,NEIGHBOR_KNOCKED,0.084,51.8,71,3,4,0.0,3.5840616694892e-13,0.0,1.0,0.781683172387998,0.6236757314546041,-0.0133100562999486,0.1835484887844034,0.1840304467574484,0.0,0.0,0.0,0.0,1.0,0.7816831724172503,0.6236757314179407,4.009320042580887,20,47,False
35,56,SUCCESS,0.048,80.60000000000001,70,1,2,0.0001084863803555,1.8266612196543544e-06,4.984350013871322e-07,0.9999999999982074,-0.6057069420241883,-0.7956878159075371,-0.004268883436599,0.1111339137302509,0.1112158718295106,0.0,0.0,0.0,0.0,1.0,-0.6057073557339658,-0.7956875009762105,6.238440000513609,21,47,False
44,45,SUCCESS,0.054,89.2,95,3,4,0.1720002397193935,-0.0023388151976982,0.0018819519831524,0.9999954940899504,0.9905284475002266,-0.1373076643628855,0.0180597651836283,0.1009315835752716,0.1025345779798203,0.1837112706082513,0.0040921123273085,7.02499243501031e-05,-1.287958646078237e-05,0.9999999974495324,0.9904613510258006,-0.1377908274310954,6.905594955381325,1,48,True
44,46,SUCCESS,0.054,90.9,95,3,4,20.91927450941324,-0.2362314877189286,0.2677330623434914,0.93408441349713,0.6353820084165238,0.7721979690342266,0.1573607171962187,0.0512726049645769,0.1655030976639467,0.0,0.0,0.0,0.0,1.0,0.097481217615866,0.995237364758844,18.820544177732984,1,48,False
44,56,SUCCESS,0.054,54.9,95,3,4,0.0,-5.450999999696801e-11,2.927152816880494e-11,1.0,0.1044688053353076,-0.994528163860538,0.0539353111940047,0.1722480112938189,0.1804948619442384,0.0,0.0,0.0,0.0,1.0,0.1044688052647153,-0.9945281638679536,4.249259999978121,1,48,False
66,32,SUCCESS,0.06,51.8,94,3,4,0.0,-2.753248423892873e-12,2.417125055053146e-12,1.0,-0.102659716927911,-0.9947165337523456,0.0432812151998195,0.0850538808165962,0.0954328362312304,0.0,0.0,0.0,0.0,1.0,-0.1026597169283922,-0.994716533752296,4.009320000000003,2,48,False
66,68,SUCCESS,0.06,54.4,94,3,4,0.8787370923415792,0.0144015722596876,-0.0052721353938617,0.9998823927366848,-0.3337096148120319,-0.9426759215032516,-0.0309806487410072,0.0700912440518452,0.0766327807739547,0.8812531926247568,0.9468265338524569,0.0156948744260821,-0.0051700707669323,0.9998634613211018,-0.3326546463671449,-0.943048718916658,4.210815453862076,2,48,False
66,67,SUCCESS,0.06,53.0,94,3,4,0.990304295447362,-0.0165272543643524,0.0050556118191071,0.99985063417108,-0.8300882551866939,-0.5576320369214003,-0.0187353846538196,0.0887523962588742,0.0907083374327785,0.9877308836934924,1.115398480998724,-0.0184887113591794,0.0060908461404671,0.9998105166208096,-0.8307444188397101,-0.5566540313037106,4.10292009526881,2,48,False
60,61,SUCCESS,0.084,70.8,93,3,4,0.0011938518721178,5.106068142857653e-07,2.0830389903422312e-05,0.9999999997829172,-0.999824823295567,-0.018716910054502,-0.0338429065355768,0.1229974919101953,0.1275685123334687,0.0,0.0,0.0,0.0,1.0,-0.9998245882584588,-0.0187294611188737,5.479920055652822,3,48,False
60,2,SUCCESS,0.084,52.3,93,3,4,0.0,2.660251576247008e-12,-2.0276236731661158e-13,1.0,-0.6295293992710499,-0.7769766633904978,-0.1474014555728606,0.0573035861839018,0.1581483167616205,0.0,0.0,0.0,0.0,1.0,-0.6295293992763225,-0.776976663386226,4.048020199999974,3,48,False
60,3,SUCCESS,0.084,74.7,93,3,4,0.00681757839451,8.493347032550277e-05,8.333506347100154e-05,0.9999999929207865,0.3227087760829789,-0.9464983073619444,-0.1618655880081028,0.0911825842697291,0.185781409875464,0.0,0.0,0.0,0.0,1.0,0.3224811533945743,-0.9465758848107768,5.781782086951885,3,48,False
50,43,NEIGHBOR_KNOCKED,0.086,58.5,92,3,4,2.5256150187147712,0.04140467299149,0.0150820262771712,0.9990286209803212,0.9604937199097708,0.2783016600990569,-0.0375063769476052,0.0569715332107281,0.0682091189513319,82.49171607948254,0.0,2.923504801904726e-09,2.7594835068823672e-09,1.0,0.9826299439220548,0.1855758424680851,5.7348395390719125,4,48,True
50,51,NEIGHBOR_KNOCKED,0.086,83.4,92,3,4,0.0381750350867872,0.0006450358777764,0.0001669064455458,0.9999997780354528,0.7587552485499626,-0.6513758306829358,-0.0561393433320459,0.0964044246953399,0.1115591276883823,5.153394389273917,0.0567691016130458,-1.4094915776275309e-05,-0.0009907073144925,0.9999995091500548,0.7589058067538612,-0.6512004119127006,6.576541751003924,4,48,False
50,27,NEIGHBOR_KNOCKED,0.086,51.1,92,3,4,0.0,0.0,-1.2991104056131842e-13,1.0,-0.999835977678218,-0.0181112600401444,0.094983919929149,0.0963098670515806,0.135268383359158,0.0,0.0,0.0,0.0,1.0,-0.99983597767256,-0.018111260352495,3.9551402175974455,4,48,False
51,43,SUCCESS,0.082,58.5,91,3,4,0.0,0.0,0.0,1.0,-0.2812887172992192,0.9596231851722632,0.0240539861007882,0.0750958100967164,0.0788541371230389,0.0,0.0,0.0,0.0,1.0,-0.2812887172992192,0.9596231851722632,4.527899999999996,5,48,False
51,42,SUCCESS,0.082,55.3,91,3,4,0.0,5.5119025901572725e-11,-2.5789547452021856e-10,1.0,-0.3919662831302454,0.9199795828653268,-0.1016242645200388,0.0804563572087511,0.1296175781078361,0.0,0.0,0.0,0.0,1.0,-0.39196628305356,0.9199795828979992,4.280220400000006,5,48,False
51,87,SUCCESS,0.082,57.2,91,3,4,0.0,4.0797419439930703e-10,-7.732639447399415e-10,1.0,0.9393991018942328,0.3428255057026956,0.0731780298173974,0.1405697528563892,0.1584767473986713,0.0,0.0,0.0,0.0,1.0,0.9393991022308288,0.3428255047803665,4.427280000000015,5,48,False
2,3,NEIGHBOR_KNOCKED,0.052,74.7,90,3,4,0.0,0.0,0.0,1.0,0.8429198617073028,-0.5380391312342826,-0.017926958,0.077685143837242,0.079726767124641,5.2344958825700605,0.0018243572641094,-1.4577822323152198e-05,2.8307929636005988e-05,0.999999999493074,0.8447736860997623,-0.535123742019937,5.7923199766278985,6,48,True
2,61,NEIGHBOR_KNOCKED,0.052,70.8,90,3,4,0.0,0.0,0.0,1.0,-0.8994655319344592,0.4369917125780078,0.1106948599999999,0.0966148098116695,0.1469277832997036,0.0,0.0,0.0,0.0,1.0,-0.8994655329551448,0.4369917104771181,5.479920015754221,6,48,False
2,92,NEIGHBOR_KNOCKED,0.052,52.8,90,3,4,0.0,-6.50724337606001e-12,-1.4501942362865264e-12,1.0,-0.9983424981653484,-0.0575522054918103,-0.0343025532990639,0.1422582182581761,0.1463354564855216,0.0,0.0,0.0,0.0,1.0,-0.9983424981503374,-0.057552205752201,4.086720015754172,6,48,False
3,92,SUCCESS,0.08,52.8,89,3,4,0.0,0.0,0.0,1.0,-0.9874564368736336,0.1578916884349142,-0.0129992145999999,0.2098956784688613,0.2102978255239946,0.0,0.0,0.0,0.0,1.0,-0.9874564368736336,0.1578916884349142,4.086719999999992,7,48,False
3,61,SUCCESS,0.08,70.8,89,3,4,0.0,0.0,0.0,1.0,-0.876532540098697,0.4813426078669185,0.1292117987,0.1735726842028073,0.2163866114727453,0.0,0.0,0.0,0.0,1.0,-0.876532540098697,0.4813426078669187,5.479919999999999,7,48,False
3,93,SUCCESS,0.08,77.60000000000001,89,3,4,0.0111886992543673,-0.0001355704889075,0.0001405516991559,0.999999980932931,-0.9977481537762318,-0.0670717648203847,-0.0834869936590581,0.192261127751684,0.2096053896124261,0.0,0.0,0.0,0.0,1.0,-0.997741495231149,-0.0671707428417386,6.006244949750932,7,48,False
92,93,SUCCESS,0.046,77.60000000000001,88,3,4,0.0,0.0,0.0,1.0,0.3180914374070774,-0.9480600389470591,-0.07435101,0.0485771202329641,0.0888133396407767,0.0,0.0,0.0,0.0,1.0,0.3180914374070774,-0.9480600389470591,6.0062399999999965,8,48,True
92,91,SUCCESS,0.046,52.7,88,3,4,0.0,0.0,9.246335394200838e-16,1.0,-0.9086460627353914,-0.4175671594791324,-0.076181057,0.0683948161431673,0.1023787298265363,0.0,0.0,0.0,0.0,1.0,-0.9086460627353908,-0.4175671594791336,4.078979999999996,8,48,False
92,94,SUCCESS,0.046,59.2,88,3,4,0.0,9.005805336126834e-09,6.122054736027512e-10,1.0,-0.6760418789716391,-0.7368632016029134,-0.0326560956436969,0.1290172248424952,0.1330859304688112,0.0,0.0,0.0,0.0,1.0,-0.6760418825930056,-0.7368631982804577,4.582080000000042,8,48,False
16,42,SUCCESS,0.084,55.3,87,3,4,0.8889359734047192,0.0093301719536145,-0.0123951379851436,0.999879646980398,-0.411205218490044,-0.9115427956418476,-0.0771207605707466,0.1387496063490692,0.1587421335784299,0.9429366410971058,1.6254942579694998,0.0170861752617898,-0.0226432432934614,0.9995975921079824,-0.4030375241753043,-0.915183453798549,4.301644869480424,9,48,False
16,14,SUCCESS,0.084,65.19999999999999,87,3,4,1.4183953086968166e-05,4.8588572301794254e-08,2.426764883486971e-07,0.9999999999999694,0.8779126893192564,-0.4788207492707797,-0.032628693153238,0.1582646545449806,0.1615931078206314,0.0,0.0,0.0,0.0,1.0,0.8779126393555173,-0.478820840878746,5.046480002057667,9,48,False
16,76,SUCCESS,0.084,84.8,87,3,4,0.4033963429106242,-0.0042383735489842,0.0056218626581735,0.9999752151178108,-0.8139242504058158,-0.5809710101212716,-0.0639251472157655,0.1217691656793287,0.1375287393848904,0.3731162308926978,0.7245879807005644,-0.0076177347465378,0.0100942650740029,0.9999200347677544,-0.8171190134663137,-0.5764690085614651,6.57007617807337,9,48,False
94,91,SUCCESS,0.062,52.7,86,3,4,0.0,0.0,0.0,1.0,0.3527712319716874,0.9357096012616188,-0.0425187622,0.0710782663876979,0.0828249062281431,0.0,0.0,0.0,0.0,1.0,0.3527712319716874,0.9357096012616188,4.078980000000003,10,48,False
94,93,SUCCESS,0.062,77.60000000000001,86,3,4,0.0,0.0,0.0,1.0,0.9024434865917444,0.4308082560816774,-0.0445432352,0.1137722367389063,0.1221811018720009,0.0,0.0,0.0,0.0,1.0,0.9024434865917444,0.4308082560816774,6.006239999999982,10,48,False
94,80,SUCCESS,0.062,67.3,86,3,4,9.002353860618237e-05,-1.2058242234552197e-06,1.0072393984073604e-06,0.9999999999987657,-0.975964226701262,0.2179307876354498,0.0309779521195705,0.1837072537754069,0.1863008014132632,0.0,0.0,0.0,9.050554889940268e-17,1.0,-0.975964233090141,0.2179307590239908,5.209020000293316,10,48,False
93,91,SUCCESS,0.08,52.7,85,3,4,0.0,0.0,0.0,1.0,-0.9755157020158518,0.2199297958906883,0.0058789929999999,0.0795462812537476,0.0797632335101478,0.0,0.0,0.0,0.0,1.0,-0.9755157020158518,0.2199297958906883,4.078980000000001,11,48,False
93,30,SUCCESS,0.08,81.3,85,3,4,0.0198297727405422,0.0001271791080201,0.0003218805633232,0.9999999401091868,0.1030107116380157,0.9946802467566296,-0.0095190814421777,0.2095909214745601,0.2098069762330557,0.0,0.0,0.0,0.0,1.0,0.1029859824795138,0.9946828074379938,6.292636769884574,11,48,False
93,89,SUCCESS,0.08,48.0,85,3,4,0.0,0.0,2.0303411469766002e-15,1.0,0.4073705484968542,0.9132629611548756,-0.0708359709999996,0.2174935724414161,0.2287382539953523,0.0,0.0,0.0,0.0,1.0,0.4073705466621827,0.9132629619732504,3.715200000000008,11,48,False
40,41,SUCCESS,0.08,76.6,84,3,4,21.47563800999073,0.307640592360283,-0.1984705614603084,0.9305733190704772,-0.8367171682601551,-0.5476352621395989,-0.0610246008420597,0.0897917983118116,0.1085659659009294,21.62508875777457,24.91355196865155,0.377630443070614,-0.1866737761132493,0.906944402804225,-0.8073464072409081,-0.5900777734461772,6.840856926621226,12,48,False
40,39,SUCCESS,0.08,83.5,84,3,4,14.27527234030726,-0.2140407854593349,0.1224280385143846,0.9691222407650498,-0.9984852056644428,-0.0550208512223847,0.0249274182809185,0.1474407039957425,0.149533064493817,14.046876156026782,15.855425460543117,-0.2451648535276259,0.120575310705382,0.961954151216719,-0.9985069207262098,-0.0546253536543448,6.702841799471298,12,48,False
40,89,SUCCESS,0.08,48.0,84,3,4,0.0,0.0,0.0,1.0,0.807453380116287,-0.5899313849413194,0.2196984025003975,0.1755986514998588,0.2812512657212329,0.0,0.0,0.0,0.0,1.0,0.8074533796125403,-0.5899313856308095,3.715200011455514,12,48,False
114,115,APPROACH_BLOCKED,0.076,74.7,83,3,4,25.17994503896368,-0.2723821820078285,0.3268429763541026,0.9049760304740928,0.6433535018841468,-0.7655692467787649,0.1165248091703412,0.0542406776539456,0.1285304721244875,143.26607949278687,19.476504190695533,-0.3280144647028272,-0.0597962349295788,0.942778299089433,0.9949435567852232,-0.1004356451244742,17.98718252852059,13,48,False
114,10,APPROACH_BLOCKED,0.076,58.3,83,3,4,0.0,1.660858063065363e-09,-3.5162294597290794e-09,1.0,0.9668513830306142,-0.2553397797676435,-0.1386209702868923,0.0420923600741786,0.1448707706195207,0.0,0.0,0.0,0.0,1.0,0.9668513861822554,-0.2553397678338631,4.512419501169847,13,48,False
114,31,APPROACH_BLOCKED,0.076,51.2,83,3,4,0.0,1.6483832187016272e-12,-1.6435056413368199e-13,1.0,0.9992935726608247,0.0375813203435531,-0.1596377553920683,0.1267069214010108,0.2038108360159974,0.0,0.0,0.0,0.0,1.0,0.9992935726615744,0.0375813203236218,3.9628795011698874,13,48,False
81,83,SUCCESS,0.054,60.1,83,2,3,20.71212912215217,-0.3488178313183767,0.0584004667825995,0.9353691816785066,0.0038897667565885,-0.9999924348286736,-0.0668346203288767,0.0454394153197135,0.0808183576862492,20.514006626969174,8.576325531865198,-0.1481703874173444,0.0168621629502757,0.9888180842567718,0.4096733252131061,-0.9122322985998884,8.985236951871851,14,48,False
81,82,SUCCESS,0.054,50.8,83,2,3,0.0,-1.2752780574356189e-12,8.393142536714304e-15,1.0,0.7568579385477742,-0.6535794219964501,-0.0086321936000807,0.0831307049784721,0.0835776816893544,0.0,0.0,0.0,0.0,1.0,0.7568579387465805,-0.6535794217662284,3.931919965616993,14,48,False
98,59,SUCCESS,0.074,84.6,82,1,2,0.2145981826182394,-0.0028293568049591,0.0024541865531807,0.999992985829617,-0.4694564762656758,-0.8829556143386911,0.0851963291875482,0.24525820680613,0.2596343631201223,0.0,0.0,0.0,-2.689222193228751e-18,1.0,-0.4699410989827851,-0.8826977758479129,6.550168712397194,15,48,False
9,31,SUCCESS,0.074,51.2,81,3,4,0.0,0.0,0.0,1.0,0.7707499960636646,0.6371376959244062,0.0605423980656609,0.0735562730475452,0.0952675562202892,0.0,0.0,0.0,0.0,1.0,0.7707499960636646,0.6371376959244062,3.962879999999995,16,48,False
9,10,SUCCESS,0.074,58.3,81,3,4,0.0,0.0,0.0,1.0,-0.6818373127375009,0.73150384753527,0.0804601030656609,0.0428648566045821,0.0911659153251267,0.0,0.0,0.0,0.0,1.0,-0.6818373127375009,0.7315038475352698,4.512419999999989,16,48,False
9,114,SUCCESS,0.074,78.10000000000001,81,3,4,0.06108414876889,-0.001058275017563,-0.000129090591693,0.9999994316946418,-0.8557346330762668,0.5174149570256227,0.2281743468698963,0.081430013489561,0.2422692297144106,0.0,0.0,0.0,0.0,1.0,-0.8565001084700771,0.5161468436314866,6.045099940280708,16,48,False
8,7,SUCCESS,0.05,74.7,89,2,3,0.0020870632559362,-1.1334522148439831e-10,-3.642612683146415e-05,0.9999999993365688,0.9690301146360044,-0.2469425782009489,-0.0444287045435286,0.087516685004941,0.0981482549089398,0.7483546156581782,0.0002615043313657,-4.482484888662144e-06,8.593386273259126e-07,0.9999999999895844,0.9690258655272774,-0.2469592515762689,5.796295045959005,1,49,False
8,39,SUCCESS,0.05,68.3,89,2,3,0.0002964562253268,-3.6028223301767257e-06,3.71365531930556e-06,0.9999999999866142,-0.9924023678338584,-0.1230347118408116,-0.0815685735583406,0.0920761731226102,0.1230099745924993,0.0,0.0,0.0,0.0,1.0,-0.9924017032013376,-0.1230400726718107,5.286420006577797,1,49,False
20,61,SUCCESS,0.074,85.2,88,2,3,0.1750508485744691,0.0017810924318444,-0.0024823398742127,0.9999953328383578,-0.011066772492019,-0.9999387613982218,0.1311379637392867,0.2539881854531322,0.2858446499122577,0.0,0.0,0.0,0.0,1.0,-0.0104791030853004,-0.9999450926918576,6.595913185347772,2,49,False
20,60,SUCCESS,0.074,48.0,88,2,3,0.0,3.0455117204649003e-15,0.0,1.0,0.1936484161268524,-0.9810709917898712,0.0872808033277571,0.2313993397649584,0.2473127434508729,0.0,0.0,0.0,0.0,1.0,0.1936484162516375,-0.9810709917652404,3.715199999999988,2,49,False
15,14,SUCCESS,0.048,57.5,87,3,4,24.103529212641995,0.404346006970341,0.0573061312130506,0.9128090238229096,0.8604721832104054,-0.509497420917043,0.0198485286916931,0.1224854073130045,0.1240831942523144,23.168809763586264,19.551854798124864,0.1853231089748415,-0.2786620874965196,0.9423389975332556,0.7694053575695663,-0.6387608282786666,14.269409305569704,3,49,False
15,13,SUCCESS,0.048,49.5,87,3,4,0.0,-2.367500828353321e-13,-1.2551199817673527e-14,1.0,0.8524210308372792,-0.522855989911477,0.0334255242999816,0.0941975481774526,0.0999522073661816,0.0,0.0,0.0,0.0,1.0,0.8524210308785378,-0.5228559898442119,3.831299977700501,3,49,False
15,64,SUCCESS,0.048,54.2,87,3,4,0.0,1.2859746286992144e-10,-3.1947530328183125e-11,1.0,-0.8621369541216016,-0.5066753125404152,0.0278784726988233,0.2236619473947872,0.2253927149498129,0.0,0.0,0.0,0.0,1.0,-0.862136954163298,-0.5066753124694663,4.195079997700468,3,49,False
70,74,SUCCESS,0.084,63.2,86,3,4,18.526105729131675,0.179084477404856,0.2624602183651034,0.9481789829606918,0.0178066465698936,-0.9998414490997736,0.0675055299675138,0.2347705618444271,0.2442830597584346,18.49787640254472,6.776618231767655e-06,9.560994820845874e-08,6.837582229058192e-08,0.999999999999993,0.0405900552679086,-0.9991758841231848,13.284252944550706,4,49,False
70,12,SUCCESS,0.084,82.8,86,3,4,0.0962260453000303,-1.2370198041394623e-09,0.0016794605271707,0.9999985897051744,-0.9995191477965925,0.0310076311248325,-0.1914112213639554,0.0786064927447206,0.2069232620216174,0.0,0.0,0.0,0.0,1.0,-0.9996641731251562,0.0259141075477765,6.409141567809768,4,49,False
70,75,SUCCESS,0.084,88.3,86,3,4,0.3558008193481378,0.0062043014059636,0.0002625908506082,0.9999807186591696,-0.3799582542687267,-0.9250036351350523,0.0755272692260079,0.22936553789083,0.2414806790794817,0.0,0.0,0.0,0.0,1.0,-0.3793781593216042,-0.9252417047613836,6.840554115566321,4,49,False
6,4,SUCCESS,0.08,71.7,85,3,4,0.0015517403547751,-6.919332424311837e-06,-2.6184164743497648e-05,0.999999999633256,-0.6723204600709249,-0.7402602238199888,-0.0368832366430893,0.0959272647340124,0.1027736019832886,0.0,0.0,0.0,0.0,1.0,-0.672327946892648,-0.7402534240563273,5.549580095099383,5,49,False
6,84,SUCCESS,0.08,83.4,85,3,4,0.3478512889248641,-0.0060312557560755,-0.0006945265307724,0.9999815706236304,-0.9983180511466412,-0.0579747251375338,-0.0140641070529975,0.1824023229190547,0.1829437249906793,0.0,0.0,0.0,0.0,1.0,-0.9983249659582516,-0.057855529938423,6.460680306898981,5,49,False
6,118,SUCCESS,0.08,71.5,85,3,4,0.0010485640423134,-2.093676432212652e-11,1.830090085737043e-05,0.9999999998325386,-0.9297641875842022,-0.368155613139184,-0.0937430719585537,0.2020909274357763,0.2227745642843428,0.0,0.0,0.0,0.0,1.0,-0.9297600193141208,-0.3681661397861101,5.53409994332643,5,49,False
84,118,SUCCESS,0.078,71.5,84,3,4,0.0,0.0,0.0,1.0,-0.0962446227956182,-0.9953577108672688,-0.076731054,0.0641700681098329,0.100027257730938,0.0,0.0,0.0,0.0,1.0,-0.0962446227956182,-0.9953577108672688,5.5341000000000005,6,49,False
84,4,SUCCESS,0.078,71.7,84,3,4,0.0,0.0,1.6990302485159836e-16,1.0,0.8887029553435855,-0.4584834317219948,-0.0199058455,0.131908594761765,0.1334020991480022,0.0,0.0,0.0,0.0,1.0,0.8887029553435855,-0.4584834317219949,5.549579999999999,6,49,False
84,117,SUCCESS,0.078,65.19999999999999,84,3,4,2.706610585638289e-05,-2.4190809565219933e-07,4.058231528943889e-07,0.9999999999998884,-0.8124933549647327,-0.5829704521998975,-0.0898779970174693,0.1003506085655556,0.1347156226550937,0.0,0.0,0.0,0.0,1.0,-0.8124930076055515,-0.5829709363185144,5.046480000026221,6,49,False
117,118,NEIGHBOR_KNOCKED,0.066,71.5,83,3,4,0.0002276023471844,-1.2454967796835326e-06,3.7720996500488417e-06,0.99999999999211,0.9974701151651336,-0.0710870547459578,0.0121715848831234,0.0755492432198356,0.0765234318993663,49.337592859140585,0.0041189942144474,-7.188967960386594e-05,-2.1826214471952894e-07,0.9999999974159132,0.9972832214997892,-0.0736625828694798,5.568295865776001,7,49,True
117,116,NEIGHBOR_KNOCKED,0.066,81.4,83,3,4,29.56314501788705,-0.1290777041428013,0.4761987062511776,0.8698124731560983,0.729136139839069,0.6843686795730659,-0.0412301390456247,0.0827472752592659,0.0924501807924369,31.862822842382208,26.66787668257272,0.2184345368179183,0.3920765198128147,0.893623162041256,0.874664622225728,0.4847285824321944,17.137327051112184,7,49,True
117,4,NEIGHBOR_KNOCKED,0.066,71.7,83,3,4,0.0,0.0,-1.0618939053224896e-17,1.0,0.9999505657321124,-0.0099431429653025,0.0689659475,0.198771556126354,0.2103958969168958,0.0,0.0,0.0,0.0,1.0,0.999950565732118,-0.0099431429647269,5.549580033787388,7,49,False
45,44,SUCCESS,0.056,63.70000000000001,82,2,3,2.841925084250819e-05,-2.27688579756354e-08,-4.954757591299935e-07,0.999999999999877,-0.9966550136507656,0.0817238261756777,0.0706825274800023,0.0853958696068891,0.1108533907324358,0.0,0.0,0.0,0.0,1.0,-0.996655029968425,0.0817236271749958,4.93038000002843,8,49,False
45,46,SUCCESS,0.056,62.3,82,2,3,5.331814711926508e-06,-1.265864336172619e-08,9.137652135815305e-08,0.9999999999999956,0.470216812759182,-0.8825509328070511,0.1019342887772699,0.052227488475029,0.1145351901423189,0.0,0.0,0.0,1.9553847322407062e-16,1.0,0.4702168526164718,-0.8825509115713717,4.822020000001019,8,49,False
33,34,SUCCESS,0.078,50.2,81,3,4,0.0,4.154514793176023e-13,-8.165854134951705e-14,1.0,-0.940606975793758,-0.3394974478374187,0.0083675504309145,0.0789908114174167,0.0794327652080411,0.0,0.0,0.0,0.0,1.0,-0.9406069757937768,-0.3394974478373662,3.88548,9,49,False
33,3,SUCCESS,0.078,59.7,81,3,4,0.0,-4.325728536747971e-10,0.0,1.0,-0.9944444113249162,0.1052630646743713,-0.1877218999467101,0.0519485485065228,0.1947772148161514,0.0,0.0,0.0,0.0,1.0,-0.9944444113044584,0.1052630648676403,4.620779599999958,9,49,False
33,2,SUCCESS,0.078,83.8,81,3,4,0.2958107904180492,0.0011199023401561,-0.0050399237935046,0.9999866724046398,0.1910385776066179,-0.981582529319894,-0.239233658194335,0.0316821693369461,0.2413224048175777,0.0,0.0,0.0,0.0,1.0,0.1897682352068684,-0.9818289142750232,6.490131010491763,9,49,False
86,87,NEIGHBOR_KNOCKED,0.054,84.8,80,2,3,1.249481029669942,0.0073503838345809,-0.020529638462667,0.9997622246324755,0.3336892630395928,-0.9426831258339642,-0.059508713049261,0.0462420437602481,0.0753632107855285,12.440642581678402,0.1148266224205966,0.0009054485201715,0.0017878995924309,0.999997991786996,0.3597665747659112,-0.933042341848002,6.899252580080774,10,49,True
86,85,NEIGHBOR_KNOCKED,0.054,90.9,80,2,3,0.3868900973412081,-0.0067523333093199,-4.049348501632584e-05,0.9999772019177026,-0.999602851204638,-0.0281804872839006,-0.0679470922978104,0.0936955645204259,0.1157396481873366,0.0,0.0,0.0,0.0,1.0,-0.999597380574872,-0.0283738743892046,7.043110036569894,10,49,False
47,106,SUCCESS,0.072,78.0,79,3,4,0.0209250061081137,-0.0003192721870766,-0.0001773239775604,0.9999999333107364,-0.9816113248959424,-0.1908905624593124,-0.0540962289807419,0.1584969381198709,0.1674744200865047,0.0,0.0,0.0,0.0,1.0,-0.9816247571820758,-0.1908214770072562,6.037218772826268,11,49,False
47,107,SUCCESS,0.072,57.5,79,3,4,0.0,7.631173145492698e-11,0.0,1.0,-0.9134730860398078,-0.406899153453174,-0.1206874387182924,0.140776180647534,0.1854275893767935,0.0,0.0,0.0,0.0,1.0,-0.913473086053579,-0.4068991534222582,4.450499799999993,11,49,False
47,95,SUCCESS,0.072,51.2,79,3,4,0.0,-1.9234309959561137e-12,4.063854701995352e-13,1.0,0.7274662630681582,0.6861434515446819,0.1478208772913359,0.1650808812837922,0.2215913110404234,0.0,0.0,0.0,0.0,1.0,0.7274662636720909,0.6861434509043776,3.9628798000000174,11,49,False
